,jaw,height,position,decay_a,decay_b,decay_c,spike,collimator_type,beam_type,beam_state
0,0,4.962923076923077,4.174044368709288,5.194020894506613,0.1458980212900346,1.6820991706571011,1,TCP,ION, 
1,0,151.80067777777774,5.638697699868598,99.42627820687404,0.17089293156543267,32.765389971187126,1,TCP,ION, 
2,0,46.816207920792074,4.487884323160166,41.37047194384543,1.88437788815366,6.719954109373507,1,TCP,ION, 
3,0,121.43493902439026,6.291408687634739,89.24271340717888,0.4106449331338923,11.210624676067429,1,TCP,ION, 
4,1,121.43493902439026,2.5383205079794333,89.24271340717888,0.4106449331338923,11.210624676067429,1,TCP,ION, 
5,0,5.128626262626262,7.417729646132061,3.8889964294702883,0.1889975701835761,1.0234598673186361,0,TCP,ION, 
6,1,5.128626262626262,1.5589804680006365,3.8889964294702883,0.1889975701835761,1.0234598673186361,0,TCP,ION, 
7,0,121.01210891089107,5.7837445860388526,96.55585574473731,0.21372611265845148,14.928479456684336,1,TCP,ION, 
8,0,19.26250515463918,1.9276894978339456,15.264776277979456,0.07048182103382901,4.578373088242669,1,TCP,ION, 
9,0,73.17350961538463,4.788508153419699,58.86232606505128,0.6493243638742999,9.809801176557878,1,TCP,ION, 
10,1,10.35088095238095,2.06691812792611,8.689946234169097,209.4766685348568,5.971053765830903,0,TCP,ION, 
11,1,86.82112048192771,4.990573922170104,34.42657760342909,0.04115931639794965,7.587984236722837,1,TCP,ION, 
12,1,256.2376633663366,0.6656670527175367,230.08605415608048,0.6315418721447807,20.96097847396213,1,TCP,ION, 
13,0,9.64215,5.983184054522949,8.810639088914266,20.278175175925238,4.764360875459151,1,TCP,ION, 
14,0,174.25391262135926,4.316099277297576,147.498823910147,4.768572236542249,28.791330990017805,1,TCP,ION, 
15,0,330.399375,4.273153015831928,265.9004461575116,0.5536397188952823,32.72694143964505,1,TCP,ION, 
16,0,7.747967741935482,1.6920830036542414,3.9400359480346574,0.05234465595642853,5.798702029428845,1,TCP,ION, 
17,1,26.154987951807232,1.8312169378994485,24.00565050838711,3.7691669831900474,3.6843834950165375,1,TCP,ION, 
18,1,236.95575652173912,2.320750178724053,233.01998385332033,167.3993614966571,25.81001613080229,1,TCP,ION, 
19,0,5.228375,6.617764181517807,3.982353763414287,0.2811483554191939,1.0529290221277043,0,TCP,ION, 
20,1,5.228375,3.2272932172881363,3.982353763414287,0.2811483554191939,1.0529290221277043,1,TCP,ION, 
21,1,9.510232558139533,3.4951335376541626,8.786482999975652,0.11327224533709628,1.8672030469515548,1,TCP,ION, 
22,0,17.396884615384614,4.151967041344766,13.97518130065423,1.7167025599695733,6.7823136493404235,1,TCP,ION, 
23,1,157.98501030927838,3.589910367625605,97.11545275167929,0.0211348105237684,-4.213919277551828,1,TCP,ION, 
24,1,67.74839772727272,0.7730327063816554,68.14639326131383,45.28211445612112,4.072606741287315,1,TCP,ION, 
25,1,30.794404494382015,3.9162658555915697,14.675332479685304,0.04636391183527813,6.23997921412578,1,TCP,ION, 
26,0,23.494632183908053,5.0891319836792315,21.11834359873043,0.1148773283190868,6.1325104236680685,1,TCP,ION, 
27,0,29.49144680851064,5.928791472209105,18.96722152075106,0.1587609100051515,7.378254965239388,1,TCP,ION, 
28,1,14.768021052631578,2.647105672607123,10.633051440506886,0.2134852226307883,4.017776943929272,1,TCP,ION, 
29,0,45.59991139240506,1.9919458144284108,40.373736719384866,0.21486609045025493,3.9716658749981852,1,TCP,ION, 
30,1,220.89844210526317,1.0307102751755406,209.50722285598275,0.47514492681034004,12.625284447342365,1,TCP,ION, 
31,0,391.3765180722892,6.1282309406932045,325.05077638088875,0.12024821453945025,28.841183586714372,1,TCP,ION, 
32,1,16.736329545454545,2.230095874867645,16.439514523006803,0.4201294363287757,5.1328191830606285,1,TCP,ION, 
33,0,2.8387108433734936,4.727230971791243,2.7559229276169668,0.30574828543472193,0.5402129554707442,0,TCP,ION, 
34,1,2.8387108433734936,4.4506376702502655,2.7559229276169668,0.30574828543472193,0.5402129554707442,0,TCP,ION, 
35,0,5.353878504672896,4.079443599574551,6.146289720216048,0.5134297767722044,5.808408264992733,1,TCP,ION, 
36,0,9.89946590909091,4.315144785327748,7.253302835526007,0.3710919412867711,3.9955524545328234,1,TCP,ION, 
37,1,179.35132608695648,0.9877640137098932,159.39989268750912,0.31629021501467197,3.868877657563148,1,TCP,ION, 
38,1,6.541281249999997,3.117960853734649,4.013012082652292,0.060829828797826974,3.4068500866918443,1,TCP,ION, 
39,0,8.5954,4.626651589412705,7.928345682085387,1.0749557682127575,1.1051368598317608,1,TCP,ION, 
40,1,17.15291150442478,2.2663575964102085,17.723859375000032,147.13666071660953,4.177140624999995,0,TCP,ION, 
41,1,81.00962886597938,3.734957251166034,35.44982367522006,0.1246095943081055,23.247006049950127,1,TCP,ION, 
42,1,203.4690348837209,0.5153551375877703,141.46178884191892,0.2997918848049064,31.460018178840567,1,TCP,ION, 
43,1,50.53403225806451,2.1575724317825182,44.63589283340849,617.5411428429694,15.818107161000436,0,TCP,ION, 
44,0,7.1196153846153845,7.317150261099763,5.889161371378723,0.10465466102761012,1.4195042971060434,0,TCP,ION, 
45,0,2.9563333333333333,5.5185945983357065,2.7775919538073714,23.24274679145428,7.539408046192647,0,TCP,ION, 
46,1,2.9563333333333333,1.6749041971602536,2.7775919538073714,23.24274679145428,7.539408046192647,0,TCP,ION, 
47,0,38.4583164556962,6.472717295347555,35.90714440220723,1.0589798497400276,1.9402128615867948,1,TCP,ION, 
48,1,16.574962499999998,3.042526316950746,12.684781136109502,0.12758666234571311,2.731686422558663,1,TCP,ION, 
49,0,18.0814358974359,1.777758092446861,8.842373742943556,0.0774545372347126,4.126459692130712,1,TCP,ION, 
50,0,275.9194268292683,3.6289590938472163,270.9761746299867,0.2468179832210741,14.718192796158496,1,TCP,ION, 
51,0,75.91389655172414,4.188228762229873,68.97057902207096,0.1037584286738936,13.7062451934729,1,TCP,ION, 
52,0,6.21801219512195,5.729351899846926,7.765852631463817,34.31590833107667,4.180147368395428,0,TCP,ION, 
53,0,9.17405617977528,4.387668227097962,6.587255785529545,0.038439677998219436,4.89604488516007,1,TCP,ION, 
54,0,2.091147058823529,6.09196921915064,1.6345558842601418,0.3272436606318793,1.3058198246431871,0,TCP,ION, 
55,1,2.091147058823529,2.3570119002666168,1.6345558842601418,0.3272436606318793,1.3058198246431871,0,TCP,ION, 
56,0,43.44822727272727,1.5207328260690016,27.37619159057569,0.11828497437636287,6.031780870042062,1,TCP,ION, 
57,1,54.40725925925927,1.3098609747022496,54.056415762215,1.0821560724161197,6.61746450042197,1,TCP,ION, 
58,0,8.196917525773195,4.777520662980511,7.5989952596195485,0.6707376628133307,0.7590814640985143,1,TCP,ION, 
59,1,35.301033333333336,3.626172088510713,30.000229885057895,516.1433388546294,13.620770114942575,0,TCP,ION, 
60,0,9.4495243902439,1.4993140538708467,8.265674893414005,0.4725834721244361,3.5026192447439617,1,TCP,ION, 
61,0,118.68540425531914,5.7112211429537245,100.38303615663143,81.75039526978702,28.66996385991057,1,TCP,ION, 
62,0,2.1154431818181822,6.563371599203963,1.212628972485835,0.5665527847641174,1.5878708281299283,0,TCP,ION, 
63,0,21.843555555555557,7.241715722325537,18.623698432748114,0.13780110989135505,2.6524676449682234,1,TCP,ION, 
64,1,5.761121212121212,2.6653536330312324,6.124689010220215,0.1973600264264021,0.8038597255539175,1,TCP,ION, 
65,1,37.917765432098776,0.5797745297862417,53.98066964284995,1.0515548015667653,10.825671712812897,1,TCP,ION, 
66,1,46.00724489795918,4.9477363777737935,39.443107711697934,3.895721524809536,13.042317881194133,1,TCP,ION, 
67,0,106.41917073170731,6.0375766368367945,60.13326750942984,0.05710703354737243,17.456254930167283,1,TCP,ION, 
68,1,10.437666666666663,3.771218972051141,8.982125000000325,245.08585699870704,6.583874999976334,0,TCP,ION, 
69,1,38.14009375,2.211965014096364,37.28153082189633,313.93344510676707,7.60646919670622,0,TCP,ION, 
70,1,40.89839534883721,2.112167029949278,27.56019456422536,0.16696943006786327,2.9635470019406043,1,TCP,ION, 
71,0,3.9410312499999987,4.199189214303924,1.4966980782033057,0.14061579619420514,2.555004239122144,0,TCP,ION, 
72,0,30.0609587628866,4.9173469378166415,27.878540226629763,2.009125083717503,2.5548487966310103,1,TCP,ION, 
73,1,30.0609587628866,1.159549059572483,27.878540226629763,2.009125083717503,2.5548487966310103,1,TCP,ION, 
74,1,25.03105,0.901871490778598,22.264329088313985,0.4066223691867785,3.6336343260531687,1,TCP,ION, 
75,1,10.477888888888893,2.2844884571814905,10.057784286907497,0.8936548998876083,4.2100743767279285,1,TCP,ION, 
76,1,92.08207407407407,0.6227207912518891,95.37794767322758,1.3239630442423729,11.49174591584727,1,TCP,ION, 
77,1,23.322185185185184,5.269017960746118,10.697725925907239,0.03474196011422999,3.671487303469593,1,TCP,ION, 
78,0,15.473054054054055,5.801875341617142,10.69545455719785,224.19326799922507,7.223545442859431,0,TCP,ION, 
79,1,15.473054054054055,4.079443599574551,10.69545455719785,224.19326799922507,7.223545442859431,0,TCP,ION, 
80,0,194.5358144329897,6.218885244549612,149.32613899540294,0.35898209522205377,19.618807279971627,1,TCP,ION, 
81,1,24.24151724137931,5.311855505142429,13.005061428818765,0.08745923269959457,5.090499247175794,1,TCP,ION, 
82,1,20.94761386138614,2.030656406383547,18.778750001559878,276.76275711929213,8.190249998440123,0,TCP,ION, 
83,0,2.782238636363636,7.468019338648211,2.2422453961382742,0.14164223504421422,0.9290236074768592,0,TCP,ION, 
84,1,2.782238636363636,1.609270160516786,2.2422453961382742,0.14164223504421422,0.9290236074768592,0,TCP,ION, 
85,1,45.2184495412844,5.097667783160879,32.468205898849355,34.052806555529024,16.763794101150648,1,TCP,ION, 
86,1,331.76378571428575,0.7515595756488317,318.90127599337984,0.4581182807782449,8.737414611977915,1,TCP,ION, 
87,1,89.15602298850574,3.843742413821356,45.13966300483376,0.047442659921407934,9.323346623372503,1,TCP,ION, 
88,1,14.231115789473685,3.293974772897089,10.976744394993382,0.10378161196505437,3.4493398984914827,1,TCP,ION, 
89,0,12.027316326530613,6.508979016890117,7.227976837016031,0.09661504100169682,1.5937152112389557,1,TCP,ION, 
90,1,14.031651376146787,4.006920157804338,6.742201070306433,0.05451453968548887,5.5486463095290235,1,TCP,ION, 
91,0,9.539913978494623,5.820006307581415,7.932750029909752,1.6179899302725438,4.470930914329209,1,TCP,ION, 
92,1,423.73996190476197,1.95813296329842,413.5566527777778,74.32271055815102,37.676347222222226,1,TCP,ION, 
93,0,6.116279569892473,6.0557074976080765,5.618984873683895,1.6351212416427516,1.7704766170808772,1,TCP,ION, 
94,1,6.116279569892473,2.320750178724053,5.618984873683895,1.6351212416427516,1.7704766170808772,1,TCP,ION, 
95,0,22.864252873563217,1.5849891426634666,12.55120022859576,0.05532274891523575,6.639235850630603,1,TCP,ION, 
96,0,42.33546739130435,4.187260492900633,35.10041176187302,27.011949654673657,9.425588237987675,1,TCP,ION, 
97,1,14.254308641975307,2.211965014096364,9.775885467061492,375.1935255167828,9.772114532938604,0,TCP,ION, 
98,0,3.0783505154639155,5.454175206137236,3.5669880246089662,0.2623689025731264,7.060966554911504,0,TCP,ION, 
99,1,3.0783505154639155,1.610484804961782,3.5669880246089662,0.2623689025731264,7.060966554911504,0,TCP,ION, 
100,0,145.55964444444444,4.230206754366281,135.46496311780558,1.0091928557506935,10.469781932950207,1,TCP,ION, 
101,0,6.534977272727272,7.292005414841688,4.435950360172243,0.09611006263525,1.7752120021773208,0,TCP,ION, 
102,1,428.9722345679013,2.3751427610378983,252.08185790671826,0.12562397922196278,30.93369750079687,1,TCP,ION, 
103,1,22.4372125,2.2482267356389265,21.714402065552513,197.80879064576095,5.073597934435778,0,TCP,ION, 
104,0,13.982577981651374,4.2946261465647515,11.694323536247197,146.10486209643543,4.776676463646269,0,TCP,ION, 
105,0,13.826483870967744,4.676941280601974,13.426032215329425,1.1521190585664138,0.8753324591699598,1,TCP,ION, 
106,1,13.826483870967744,4.400347979060998,13.426032215329425,1.1521190585664138,0.8753324591699598,1,TCP,ION, 
107,1,100.96998809523814,2.447666204123025,75.63651856655761,0.3729827482116496,18.25543622113345,1,TCP,ION, 
108,0,26.10752212389381,3.757797878244159,21.138423444287,4.071781611323312,6.916261243891313,1,TCP,ION, 
109,0,8.617731958762885,6.8142533359382655,4.866692805255493,0.08311709877284318,2.9658939689469612,1,TCP,ION, 
110,0,139.77168478260867,4.7026156304884035,96.17600162686169,0.04223449565691142,3.5089757128697237,1,TCP,ION, 
111,1,10.212456521739133,3.7465819936005063,8.247851413475852,0.20030658642456367,1.306376234173637,1,TCP,ION, 
112,0,21.322586956521736,4.006920157804338,14.702143701200203,0.1925597979914329,8.503326823708761,1,TCP,ION, 
113,1,1699.753076923077,0.21473130732823764,1669.634712936703,30.502405798273312,48.775290531434955,1,TCP,ION, 
114,0,101.57066279069768,3.2424427406563883,59.99027238111352,0.16928865263431678,8.172655037466724,1,TCP,ION, 
115,1,4.990164556962028,3.6962923024112366,4.201361957920465,0.07890748965085909,1.3236259554870555,1,TCP,ION, 
116,0,5.853571428571428,4.852955199764414,5.592400083897556,0.9892499342211046,0.5239534809675661,1,TCP,ION, 
117,1,5.853571428571428,4.576361898223436,5.592400083897556,0.9892499342211046,0.5239534809675661,1,TCP,ION, 
118,0,16.16755882352941,1.8634331812394809,11.70090794973568,0.05771021828787736,4.028532185380545,1,TCP,ION, 
119,0,102.00292708333332,6.1282309406932045,100.41701229305731,53.63586892278512,15.422987706960726,1,TCP,ION, 
120,1,102.00292708333332,2.3751427610378983,100.41701229305731,53.63586892278512,15.422987706960726,1,TCP,ION, 
121,1,17.062808988764044,0.6034763101937948,16.150175745969623,0.15208687121385087,2.4218313558980245,1,TCP,ION, 
122,1,13.497512820512819,3.5454232288434318,11.634602634421864,0.15146966213745333,1.5702048110266773,1,TCP,ION, 
123,1,2410.653511111111,2.0850489886973915,2350.3742549912586,2.6334501236041232,61.997823238072264,1,TCP,ION, 
124,1,26.76877876106195,3.6443029489532663,26.69036755084198,2.1748342442482342,5.988693990311179,1,TCP,ION, 
125,0,20.20486746987952,4.224334059898556,16.370401478089644,0.474038076505011,1.7412588208636826,1,TCP,ION, 
126,0,27.379329268292686,4.552303715358637,16.944944572219757,0.268270248548236,5.371150565228499,1,TCP,ION, 
127,0,338.15245679012344,4.058421708503691,316.61740567679044,0.5734623139844633,14.459736667273546,1,TCP,ION, 
128,0,21.977096153846155,6.001314915294232,16.14571873182922,0.2238555967460222,3.440291980873341,1,TCP,ION, 
129,0,69.51560919540229,4.423464930961695,57.537333333333336,550.0105417147194,13.233666666666661,0,TCP,ION, 
130,0,21.08340566037736,6.4183247130337095,18.239507037287304,25.10499167382926,4.204492962577159,1,TCP,ION, 
131,1,21.08340566037736,2.647105672607123,18.239507037287304,25.10499167382926,4.204492962577159,1,TCP,ION, 
132,1,9.412,0.32688300135497217,5.965728605558484,0.07208703780103423,4.531672780758936,1,TCP,ION, 
133,0,44.15426,6.9902672597447895,32.683684140487266,0.2169471828121336,5.467397672551145,1,TCP,ION, 
134,0,11.779775510204079,4.297013924885195,6.608981188192607,2.0594929018011885,7.527675953332162,1,TCP,ION, 
135,1,11.779775510204079,3.8981349951490163,6.608981188192607,2.0594929018011885,7.527675953332162,1,TCP,ION, 
136,0,6.3729367088607605,3.9477407583575803,4.962939342850508,0.1990149856218696,1.7992299065398059,1,TCP,ION, 
137,0,96.2970824742268,5.3038632910074694,93.73877773438429,1.089837758222218,11.867783850741027,1,TCP,ION, 
138,1,96.2970824742268,1.4601728898320159,93.73877773438429,1.089837758222218,11.867783850741027,1,TCP,ION, 
139,0,4.718727272727274,6.563371599203963,3.9335435903900735,0.12847163485741162,0.8472160567190626,0,TCP,ION, 
140,1,4.718727272727274,3.172900634974292,3.9335435903900735,0.12847163485741162,0.8472160567190626,1,TCP,ION, 
141,0,14.509040816326532,5.346809552473117,14.467703267372475,0.2785982834001737,7.128741919757961,1,TCP,ION, 
142,1,14.509040816326532,1.5031191512976634,14.467703267372475,0.2785982834001737,7.128741919757961,1,TCP,ION, 
143,1,32.12016216216216,2.0125255456122653,29.82660604573478,23.52083053034797,9.993393939313213,1,TCP,ION, 
144,0,1.4099072164948452,7.51830903116436,1.3167068326506586,0.10333846836965598,0.7398361121642637,0,TCP,ION, 
145,1,1.4099072164948452,1.6595598530329356,1.3167068326506586,0.10333846836965598,0.7398361121642637,0,TCP,ION, 
146,1,1944.8922134831464,2.030656406383547,1674.8306530401644,0.6789218601299293,65.99710816453243,1,TCP,ION, 
147,0,52.20221,5.928791472209105,37.85833639093883,1.0336775580587607,25.111121331946396,1,TCP,ION, 
148,0,6.075033707865168,6.914832720970565,4.607319231699477,0.09654732080779617,2.781030583533517,0,TCP,ION, 
149,0,20.903904255319148,6.472717295347555,8.687903204206746,0.06923642906807985,5.089265342463453,1,TCP,ION, 
150,0,9.053851063829788,1.6492454592579315,7.1356176387526675,0.032109401614308086,4.597149304465167,1,TCP,ION, 
151,0,9.747222222222225,6.4001938522624275,4.430690746793447,0.09998577861723958,4.4448813836731915,1,TCP,ION, 
152,1,21.895247191011237,1.3957534976335446,19.100456124971007,0.5603578193126864,7.4180820641379395,1,TCP,ION, 
153,0,5.4319890109890085,5.330472970110748,4.466069766100285,37.331066861098506,4.4029302340308965,0,TCP,ION, 
154,0,36.792163265306115,4.6811424997555795,33.01448119194817,0.7725627540037325,3.273617588362884,1,TCP,ION, 
155,1,25.384870588235287,2.539629405058061,20.94605863553768,0.29533400127068554,1.2948916513386113,1,TCP,ION, 
156,1,6.098588888888888,0.6789108489680191,5.8904675308267525,0.16712923595021936,1.9212817662933688,1,TCP,ION, 
157,0,56.89815189873416,6.001314915294232,51.59216136660539,0.012076946580706979,5.407024933509656,1,TCP,ION, 
158,0,24.18441904761905,4.638196238289934,22.657583332645594,122.71466101968748,2.1394166673544257,1,TCP,ION, 
159,1,24.18441904761905,0.901871490778598,22.657583332645594,122.71466101968748,2.1394166673544257,1,TCP,ION, 
160,1,286.7314936708861,0.3435700917251802,262.30028079649713,0.5171813806695589,18.429409045453006,1,TCP,ION, 
161,1,40.866494117647065,1.2024953210381308,39.04130967414522,0.8684757387401602,2.6642459552673183,1,TCP,ION, 
162,1,5.187500000000002,0.9448177522442456,5.431275990791216,0.9661912681461868,5.939204139538922,1,TCP,ION, 
163,1,8.276440476190478,0.2765933088388226,7.67978862192812,0.06498386779896675,3.4161388306974527,1,TCP,ION, 
164,1,112.2743,3.66243380939582,58.93897213911022,0.04822266094102985,13.111075162618716,1,TCP,ION, 
165,0,3.5667126436781604,7.115991491035165,2.473223698767413,0.11912988688811572,1.4698081324836123,0,TCP,ION, 
166,0,5.852611111111112,4.475782515844901,3.7409109061922714,0.1031022194152817,1.159116760854466,1,TCP,ION, 
167,1,5.852611111111112,3.620857765627334,3.7409109061922714,0.1031022194152817,1.159116760854466,1,TCP,ION, 
168,0,16.597322916666666,6.864543028454414,11.099289724502533,0.08947140337462982,4.301988030436748,1,TCP,ION, 
169,1,5.373792349726777,2.7196291156922503,4.4364848153794165,0.008361288471786686,0.7550849000910732,1,TCP,ION, 
170,0,6.579126436781608,7.040556952260937,4.733124385732316,0.08688575536582273,2.5561962256523785,0,TCP,ION, 
171,0,172.1386210526316,5.910660611437822,178.4836588489685,48.27137139597053,19.711341177113198,1,TCP,ION, 
172,1,37.12244578313251,1.9762638240697021,39.86896682938312,0.40656296594961816,18.505126371512368,1,TCP,ION, 
173,0,12.264241758241761,1.7349205480505514,6.249065597528813,0.06790242617298611,5.466446527360468,1,TCP,ION, 
174,0,0.18100000000000005,4.827810354169778,0.7364042025604436,0.37502496344108294,0.7208430784935286,0,TCP,ION, 
175,1,0.18100000000000005,4.551217052628801,0.7364042025604436,0.37502496344108294,0.7208430784935286,0,TCP,ION, 
176,1,217.4766888888889,0.5583013990534179,209.3829194118576,86.07054489037962,10.53208059233641,1,TCP,ION, 
177,0,11.76315306122449,4.423929947983068,8.227547040746455,0.25281670003484363,5.383656824708269,1,TCP,ION, 
178,1,8.006917525773195,0.4777520789034209,6.2724355955101725,0.0966240585817156,3.899081230132628,1,TCP,ION, 
179,0,13.768797979797974,4.260752204000087,8.544016770624513,0.10868236416720684,5.825728500179518,1,TCP,ION, 
180,0,124.61412264150944,5.910660611437822,93.91386052380415,0.3824004210019481,6.8081700769294144,1,TCP,ION, 
181,1,110.44469724770643,0.9448177522442456,107.63157353157864,44.29678656037172,6.579426471174193,1,TCP,ION, 
182,1,249.13806172839503,1.1380759288396596,247.4112419237879,1.12902949958688,7.605724635721063,1,TCP,ION, 
183,1,34.31365934065934,0.8589252293129506,31.596547598064326,12.558427860787166,6.23245253393443,1,TCP,ION, 
184,0,301.44544954128435,4.3805186694960465,273.7830589122796,40.396832200222896,46.76794108772037,1,TCP,ION, 
185,1,65.5096590909091,5.033411466566414,31.139047796742396,0.032972619525504884,9.167988622520882,1,TCP,ION, 
186,0,33.89704347826086,5.566174256783471,23.76777863547451,0.24834264443147785,1.8034087199595896,1,TCP,ION, 
187,1,261.2580487804878,1.9762638240697021,249.13983157894742,32.76518610786105,38.10716842105262,1,TCP,ION, 
188,0,6.8765930232558174,4.3752031334663615,5.766165753746048,0.9403877388811384,2.4315856645788503,1,TCP,ION, 
189,1,35.39989772727272,5.204761644151653,15.556057238554473,0.052671017646876095,5.406970613389648,1,TCP,ION, 
190,0,11.10070512820513,4.551217052628801,9.227733554184717,0.2748070186812777,1.8254911957357078,1,TCP,ION, 
191,1,23.49268888888889,1.3098609747022496,15.100799162013773,0.14907296974531636,6.346502955415784,1,TCP,ION, 
192,0,447.50674074074067,3.0706576947937982,309.3060024158512,0.2630970470765474,42.08142002796111,1,TCP,ION, 
193,1,92.18075280898876,0.4294626146564753,87.14327267005329,25.81859115440003,11.863727332479876,1,TCP,ION, 
194,0,32.34006976744186,3.576934957091877,29.06694049381125,0.27282070352480875,12.603948120592506,1,TCP,ION, 
195,1,32.34006976744186,5.6117183159165975,29.06694049381125,0.27282070352480875,12.603948120592506,1,TCP,ION, 
196,1,25.30534042553192,5.076249010962724,10.580317777369373,0.0846091272313366,6.5915681596326605,1,TCP,ION, 
197,0,7.1785172413793115,4.960293199282289,6.451248070876665,2.9071284123242505,2.4210872355607824,1,TCP,ION, 
198,0,100.49816666666666,3.178023348457917,45.94408667442702,0.029924907939643912,7.191866929176848,1,TCP,ION, 
199,0,26.95353333333333,4.573776846091461,21.016323261078604,1.4033428387992322,7.107606089502834,1,TCP,ION, 
200,0,1.5689574468085103,4.777520662980511,1.4116924265686888,0.6151327689345927,0.4295154986739521,0,TCP,ION, 
201,1,1.5689574468085103,4.500927361439533,1.4116924265686888,0.6151327689345927,0.4295154986739521,0,TCP,ION, 
202,0,6.056556701030931,7.065701798519013,4.450374486174927,0.1283658990298776,2.03386297901912,0,TCP,ION, 
203,1,23.058107142857143,3.698695530280927,13.502989251954155,572.5414010971602,14.733010748045853,0,TCP,ION, 
204,0,19.247452380952378,4.65179643500734,19.938226941629594,0.35122119399117696,1.157364157676411,1,TCP,ION, 
205,0,7.1536888888888885,4.023175295141483,4.329858526284219,0.2124458890861472,2.3401986265260644,1,TCP,ION, 
206,1,26.205406250000006,4.840642516783019,22.929880678139945,0.6491379336727419,4.466935475821887,1,TCP,ION, 
207,0,5.298066666666667,4.42549282465563,4.053914011869908,0.21573355414726605,1.3742490782514376,1,TCP,ION, 
208,0,10.289823529411764,7.191426029809388,8.216556719941082,0.07413100657910733,2.232916234926817,1,TCP,ION, 
209,1,428.0567727272728,2.2663575964102085,388.5629287329283,0.6803713639566971,29.900320942576467,1,TCP,ION, 
210,0,15.940577777777778,6.001314915294232,8.333086703725769,0.09830329995419744,1.6026322127335446,1,TCP,ION, 
211,1,15.940577777777778,2.2663575964102085,8.333086703725769,0.09830329995419744,1.6026322127335446,1,TCP,ION, 
212,0,57.315840425531924,4.809981284152523,52.09408430835492,27.11171410727186,7.273915691645078,1,TCP,ION, 
213,1,57.315840425531924,1.1380759288396596,52.09408430835492,27.11171410727186,7.273915691645078,1,TCP,ION, 
214,1,6.764494845360824,2.755890837234813,5.880511474951635,2.3104345726941804,2.4389971610139938,1,TCP,ION, 
215,0,20.572432098765432,5.175024506610527,19.844113780208726,0.19530868261452825,6.436889932294441,1,TCP,ION, 
216,0,13.916888888888884,4.006920157804338,7.081715164763478,0.07343567505854444,5.017144223326679,1,TCP,ION, 
217,1,243.91069791666663,2.1394415710112367,240.24956803293685,1154.9135809583565,12.788431967063111,1,TCP,ION, 
218,0,1.84085,4.95353458214295,1.8530515466725832,26.43965682575606,0.6809484533274168,0,TCP,ION, 
219,1,1.84085,4.676941280601974,1.8530515466725832,26.43965682575606,0.6809484533274168,0,TCP,ION, 
220,0,6.322326086956522,7.3674399536159125,5.710481035706289,0.12493671789323685,1.2583183918065668,0,TCP,ION, 
221,1,6.322326086956522,1.5086907754844867,5.710481035706289,0.12493671789323685,1.2583183918065668,1,TCP,ION, 
222,1,91.07482417582416,3.7893498324936954,40.31640785438713,0.07507940181989997,14.467432933323936,1,TCP,ION, 
223,1,156.82792631578948,2.193834153325082,122.09995121935663,47.95514770985297,55.09904878063252,1,TCP,ION, 
224,0,40.14226829268293,5.765613620732032,15.885476930821815,0.03132643680418312,4.734100714023253,1,TCP,ION, 
225,1,40.14226829268293,4.0431818786894445,15.885476930821815,0.03132643680418312,4.734100714023253,1,TCP,ION, 
226,1,34.0710099009901,3.9706584369192304,27.700144502403088,19.929299642277208,12.481855301671029,1,TCP,ION, 
227,0,2.589959595959596,6.164492662235768,2.478193159805615,0.8694205843872869,1.0086225301796512,0,TCP,ION, 
228,1,2.589959595959596,2.4295353433517435,2.478193159805615,0.8694205843872869,1.0086225301796512,0,TCP,ION, 
229,0,11.107528301886791,4.273153015831928,9.120140845070422,34.79979135511476,3.5498591549295777,1,TCP,ION, 
230,1,51.85059782608696,4.862061288981175,31.5909110841904,0.0937366285521219,14.96829562053352,1,TCP,ION, 
0,1,308.07082926829264,5.571839996196269,291.5967157894736,157.65227311524643,40.53828421052632,1,TCSG,ION, 
1,1,195.12773118279569,3.7793318338448167,124.85411293828591,0.09291881289829527,6.356172071185544,1,TCSG,ION, 
2,1,138.09772815533978,4.528229487017378,123.35008725004171,0.7925207787927061,8.622370726738474,1,TCSG,ION, 
3,0,16.995096385542173,6.099973078665459,17.467851050089116,86.49697734944216,1.7181489499933986,1,TCSG,ION, 
4,1,46.782101010101,4.503500635263084,44.20604191862631,0.1308853713356122,7.902789391188928,1,TCSG,ION, 
5,0,23.378168539325838,4.965269950608098,17.883396226859695,0.3550232015228668,3.35106576440809,1,TCSG,ION, 
6,1,57.937035294117614,5.4751758846511365,56.30477174227124,76.65689385414781,41.0732282624194,1,TCSG,ION, 
7,1,7.564710526315789,5.887911799620851,7.731998719117514,1.7554088208833971,2.3783567949690174,1,TCSG,ION, 
8,1,33.68816326530612,4.449887532462332,30.58313289146088,0.08856618146250975,6.642987316010525,1,TCSG,ION, 
9,1,399.2120430107527,6.163433284066866,400.4517260992485,81.0376174926562,42.99827390075161,1,TCSG,ION, 
10,0,270.6832375,6.65231751056509,327.07446354382563,25.281923245791397,77.82253645617432,1,TCSG,ION, 
11,0,34.21755,6.642244032282433,40.980781544184055,0.09363319800056874,11.862922312212426,1,TCSG,ION, 
12,0,66.54991764705882,2.119126335065649,35.44482321904796,0.05486102023095906,11.410756007734914,1,TCSG,ION, 
13,0,58.439419753086405,5.69367141035501,59.989666661918484,27.092369613706783,6.618333333586155,1,TCSG,ION, 
14,1,58.439419753086405,6.057872140228463,59.989666661918484,27.092369613706783,6.618333333586155,1,TCSG,ION, 
15,0,59.67190123456791,6.181094003170795,58.44875215105797,1.604301073052875,28.631266733063445,1,TCSG,ION, 
16,1,7.427372093023255,4.558403795198373,7.8356593406593396,58.70957614535324,2.119340659340659,0,TCSG,ION, 
17,0,14.418589285714285,5.608691750675679,14.098507692311067,157.47154432900214,4.906492307692865,0,TCSG,ION, 
18,1,14.418589285714285,6.288533175000005,14.098507692311067,157.47154432900214,4.906492307692865,0,TCSG,ION, 
19,0,10.562345132743364,3.6863173898528094,5.949897770325191,0.07304512776687172,3.3469235601251754,1,TCSG,ION, 
20,0,110.20515957446808,2.9137987107152683,100.54986682321469,1.1475625830115028,8.304782457632768,1,TCSG,ION, 
21,1,110.20515957446808,4.238252670131299,100.54986682321469,1.1475625830115028,8.304782457632768,1,TCSG,ION, 
22,1,7.0275217391304325,6.256043417748346,8.200508575480447,3.5353121902243774,3.2024566538614305,0,TCSG,ION, 
23,1,79.00827551020407,3.734238058757856,59.28569069077236,0.32509773651622204,6.771927129795837,1,TCSG,ION, 
24,1,15.288991304347828,6.082152742615834,14.919978120989914,1.052456504125178,4.123819987891873,1,TCSG,ION, 
25,0,15.698886075949366,5.342832914838164,16.314326533794695,32.72016114909819,4.681673466201136,1,TCSG,ION, 
26,0,152.09644827586206,3.4478114975426397,141.43065272743416,1.0425946131935937,6.009112060185549,1,TCSG,ION, 
27,1,152.09644827586206,4.790468859566456,141.43065272743416,1.0425946131935937,6.009112060185549,1,TCSG,ION, 
28,0,12.067861386138613,4.953130377220081,12.153197368421054,44.39319883509906,4.679802631578947,1,TCSG,ION, 
29,1,668.5851428571427,3.3315005728474056,575.3071461238399,0.135576911462329,17.147832527603992,1,TCSG,ION, 
30,0,7.999465346534652,6.203552432177847,8.386105263157894,57.65000994542314,1.9308947368421048,0,TCSG,ION, 
31,1,7.999465346534652,6.5677531620513,8.386105263157894,57.65000994542314,1.9308947368421048,0,TCSG,ION, 
32,1,20.787295918367352,3.337828043005977,19.827908116522966,0.14848023601842222,9.335284450234221,1,TCSG,ION, 
33,1,239.03592134831462,5.767227574391253,258.5955227231339,253.24420518371227,83.31347726762786,1,TCSG,ION, 
34,1,6.946297029702972,4.873348057412079,7.165460526256133,27.985635157434697,0.9795394736706841,1,TCSG,ION, 
35,0,16.46751923076923,3.704387573136401,15.220994667740495,0.49905465238849106,3.8009115070297517,1,TCSG,ION, 
36,1,90.69474683544304,3.4044320278476885,83.26848534775174,0.257619104881494,14.392877289123238,1,TCSG,ION, 
37,1,6.3102857142857145,4.690418216600256,6.494711847055304,2.682991041002768,2.370796811548997,1,TCSG,ION, 
38,0,453.70289583333334,6.268194189745058,473.8736419477789,281.16998895805875,41.79535802453219,1,TCSG,ION, 
39,1,271.81294392523364,4.1885856466531965,222.33906565692882,0.2815105804368481,11.822229528434498,1,TCSG,ION, 
40,1,104.49874468085106,0.9784608772767326,95.3476279418499,1.1224535248188872,17.52161533656981,1,TCSG,ION, 
41,0,35.776295454545455,3.242461527491521,37.16590919196016,2.8916133132413413,8.978808163545132,1,TCSG,ION, 
42,0,46.578752941176475,4.476694083862708,36.866696508453046,0.14618620733621854,8.441538210224923,1,TCSG,ION, 
43,0,22.270387755102046,5.378671475015347,22.768170435451847,1.883328332050446,4.184826396327543,1,TCSG,ION, 
44,0,58.45583168316833,4.708636665091519,-55085.897020773045,-2.4193147252837046e-06,55145.576588646814,0,TCSG,ION, 
45,1,7.103688172043011,4.403935666003808,7.154920819141848,2.1430578468225647,2.063944923380161,1,TCSG,ION, 
46,0,23.870495049504946,3.22338822438863,22.85499905287828,2.712757004182456,8.264307952380715,1,TCSG,ION, 
47,0,150.08485849056606,6.907412130115974,-77.2971055768039,94.1623842050579,261.7361055768044,1,TCSG,ION, 
48,1,150.08485849056606,6.072679546416159,-77.2971055768039,94.1623842050579,261.7361055768044,1,TCSG,ION, 
49,0,6.085423076923077,6.539678902524455,6.9163232479719055,29.38913700463691,4.124676752450141,0,TCSG,ION, 
50,1,6.085423076923077,6.208555920118152,6.9163232479719055,29.38913700463691,4.124676752450141,0,TCSG,ION, 
51,0,10.431489583333333,4.9406842008180885,10.912766572387163,0.07761865126765068,2.362864637550264,1,TCSG,ION, 
52,0,113.2932359550562,6.9809420282628425,122.47976138874422,39.415087682231004,11.098238660726604,1,TCSG,ION, 
53,1,56.6153950617284,4.480869112440236,53.68446131549882,1.0355570975367354,4.6755628551932125,1,TCSG,ION, 
54,0,66.59668749999999,3.4814180986255385,70.77963675339687,0.4665944391428467,3.6426007456887217,1,TCSG,ION, 
55,1,17.227710843373494,3.6620741957551295,17.681866258004238,1.534836561397625,7.12849721342664,1,TCSG,ION, 
56,0,58.31829347826088,8.994313448813042,49.49895350346616,0.14511448916474673,10.496416025856727,1,TCSG,ION, 
57,1,58.31829347826088,2.8224832998367284,49.49895350346616,0.14511448916474673,10.496416025856727,1,TCSG,ION, 
58,1,213.41174647887328,2.831101499573877,278.4241036047755,2087.083417575509,42.669896395223866,0,TCSG,ION, 
59,1,13.374312499999998,4.817839394011687,13.982824605016134,2.054029660859756,1.7222826635963668,1,TCSG,ION, 
60,0,23.718463917525767,5.608691750675679,21.33980175129889,0.5656893819640689,4.333060705929142,1,TCSG,ION, 
61,1,23.718463917525767,6.288533175000005,21.33980175129889,0.5656893819640689,4.333060705929142,1,TCSG,ION, 
62,0,10.872965909090908,6.796165658295755,9.974269685599001,125.06618482607986,3.7817303143939816,0,TCSG,ION, 
63,1,10.872965909090908,5.818180844053196,9.974269685599001,125.06618482607986,3.7817303143939816,0,TCSG,ION, 
64,0,13.437472527472528,6.225112069238468,12.395220711868275,3.6038285141818984,3.1698729905710183,1,TCSG,ION, 
65,0,15.059614457831323,3.7405279397035858,12.265248215440007,0.34133403893766906,4.0605358263398905,1,TCSG,ION, 
66,1,15.059614457831323,4.174212338509799,12.265248215440007,0.34133403893766906,4.0605358263398905,1,TCSG,ION, 
67,0,11.851423423423428,5.608691750675679,11.526409090909095,141.89240910724337,4.763590909090909,0,TCSG,ION, 
68,1,11.851423423423428,6.288533175000005,11.526409090909095,141.89240910724337,4.763590909090909,0,TCSG,ION, 
69,1,15.879191011235953,6.057872691747109,15.893034088518718,168.21650664461325,4.740965911541282,0,TCSG,ION, 
70,0,286.0628674698796,4.727627504323146,284.3362683108475,0.4544688795938204,6.223169185855521,1,TCSG,ION, 
71,0,160.8648536585366,4.0379422149302115,161.5282105501464,49.34759292259749,57.300789474633476,1,TCSG,ION, 
72,1,16.40290099009901,5.924332411969115,16.717537780340226,3.8748441909099305,4.639429793277395,1,TCSG,ION, 
73,0,179.66226436781608,6.477716001101439,160.31775582580678,219.63963847712745,123.12824417419321,1,TCSG,ION, 
74,0,856.9205943396225,6.636124040413534,840.9616902168068,439.4585300961202,38.51730955714486,1,TCSG,ION, 
75,1,6.447410526315784,5.012823096222719,2.978119807547982,0.04634498357291093,8.292068854833508,1,TCSG,ION, 
76,0,20.0924,3.0756840764591837,16.61677868450457,0.0977727153719436,4.095687986427747,1,TCSG,ION, 
77,1,103.06915714285708,5.887021618963177,6.525211434686447,-0.01229521524845508,89.59831569587477,1,TCSG,ION, 
78,1,7.15298901098901,5.022532181618571,7.1665116271641525,40.658049568934814,1.1594883728395826,0,TCSG,ION, 
79,0,1.6167749999999996,5.546949496069139,1.5815463917527088,25.54528881929905,0.5904536082472914,0,TCSG,ION, 
80,1,1.6167749999999996,6.296537265808213,1.5815463917527088,25.54528881929905,0.5904536082472914,0,TCSG,ION, 
81,1,24.784797752808984,5.440956035372066,36.29798934309814,0.478919044745056,31.78079072865046,1,TCSG,ION, 
82,0,95.31418390804598,4.708636665091519,102.42377426071006,1.93706396834061,49.27343275282213,1,TCSG,ION, 
83,0,13.531011764705884,4.916709853291638,13.598945650975988,90.93791960585428,2.5100543490386134,0,TCSG,ION, 
84,0,155.35833333333332,6.110764027585439,-24603.77747680804,-3.296819223131978e-06,24673.767904941935,0,TCSG,ION, 
85,1,155.35833333333332,3.4320729470000404,-24603.77747680804,-3.296819223131978e-06,24673.767904941935,0,TCSG,ION, 
86,1,7.0252888888888885,4.1917021192176875,7.548457499084628,1.0400899304322802,2.009267168199952,1,TCSG,ION, 
87,0,683.6420277777778,6.58247690677963,-215418.0688964294,-2.006213863251645e-06,215563.38226529607,0,TCSG,ION, 
88,1,7.9712400000000025,3.9392999558231,9.687939231093178,3.275923560598584,3.7010469421956116,1,TCSG,ION, 
89,0,12.1829793814433,6.1988235084396734,12.366650176354787,1.1039184462966605,5.168073822953348,1,TCSG,ION, 
90,1,12.1829793814433,6.77102260152641,12.366650176354787,1.1039184462966605,5.168073822953348,1,TCSG,ION, 
91,0,218.60002409638545,6.535991212302292,121.91187285351411,0.04873120824404062,72.59822994568171,1,TCSG,ION, 
92,1,218.60002409638545,5.834484302081367,121.91187285351411,0.04873120824404062,72.59822994568171,1,TCSG,ION, 
93,0,27.90493617021277,5.165518525538301,28.049302238567144,4.824490256811148,2.539697858046849,1,TCSG,ION, 
94,0,80.6607032967033,8.727927700288884,81.86373253818665,42.97381094924828,5.92126746117457,1,TCSG,ION, 
95,1,80.6607032967033,4.019440388290933,81.86373253818665,42.97381094924828,5.92126746117457,1,TCSG,ION, 
96,1,6.178113636363637,6.3132633270570215,5.96139894314206,1.2952763267207752,3.53537463838402,0,TCSG,ION, 
97,1,36.55628421052632,3.9031595892559157,29.05270732320543,26.74413456789389,11.310292681667116,1,TCSG,ION, 
98,0,282.2132947368421,6.965168020110505,240.2465979815565,241.4638389104529,118.31440201844345,1,TCSG,ION, 
99,1,282.2132947368421,6.023929098473951,240.2465979815565,241.4638389104529,118.31440201844345,1,TCSG,ION, 
100,0,10.391875,3.8478838846605736,9.731649484536083,50.050418132154796,1.3093505154639176,1,TCSG,ION, 
101,1,10.391875,4.597471654399646,9.731649484536083,50.050418132154796,1.3093505154639176,1,TCSG,ION, 
102,1,610.6130263157893,6.320574642584154,636.209253938157,395.1827210207631,58.287746060350926,1,TCSG,ION, 
103,0,58.13067647058825,3.4146594639124217,36.36753505637654,0.06345757599413142,6.002684844980344,1,TCSG,ION, 
104,0,2010.3084600000002,7.093841360256312,1779.2646185935193,0.4758820363203895,50.33596217065282,1,TCSG,ION, 
105,1,2010.3084600000002,0.3763311066448972,1779.2646185935193,0.4758820363203895,50.33596217065282,1,TCSG,ION, 
106,1,15.47595744680851,5.863631750962621,15.761349401544946,96.89149630777685,2.519650598455053,1,TCSG,ION, 
107,0,58.27212345679013,5.917331077723987,44.360351299573715,0.10765969982025198,6.720982247845996,1,TCSG,ION, 
108,1,58.27212345679013,3.7916878750464393,44.360351299573715,0.10765969982025198,6.720982247845996,1,TCSG,ION, 
109,1,321.0314727272728,4.155474297667797,257.5123229817808,0.2817998949562341,24.015998435193406,1,TCSG,ION, 
110,1,23.195353535353537,3.8456352017673545,23.853410256410278,130.91053208948165,2.210589743589744,1,TCSG,ION, 
111,1,100.04274683544304,4.530841630422841,82.996717731055,0.3725392469002696,2.9577317543131443,1,TCSG,ION, 
112,1,5.829791208791209,5.066436177465741,3.4783359613532463,0.04845076123866556,8.20050371010083,1,TCSG,ION, 
113,0,23.670059523809535,2.895106387123281,19.639442726524948,0.2799217835173855,8.823928559365724,1,TCSG,ION, 
114,1,23.670059523809535,5.656180071139003,19.639442726524948,0.2799217835173855,8.823928559365724,1,TCSG,ION, 
115,0,13.196658536585367,5.2214443472272265,12.937673689656362,64.73587670268941,1.3613263103436404,0,TCSG,ION, 
116,1,3.1698205128205115,5.0396296368442295,2.268241657349165,0.04221001959024896,7.4015469917540475,0,TCSG,ION, 
117,1,7.602,6.580289570497499,9.213847880960245,2.6534987662871568,3.4519807610063586,0,TCSG,ION, 
118,1,54.436337662337685,3.2228002063293064,54.078457761056846,1.060356904395448,47.26057632129405,1,TCSG,ION, 
119,1,551.5892727272727,4.820580670866435,551.899166696515,168.19928188594886,29.834833238795557,1,TCSG,ION, 
120,1,3.9104938271604937,5.227275421194813,2.2284668421971165,0.06662983375759951,6.891606678195333,0,TCSG,ION, 
121,0,-13.406600000000166,6.907412130115974,148.25780526830866,158.0233506952185,31.837194731691355,0,TCSG,ION, 
122,1,183.99231192660557,3.7296037833994897,145.23287515140288,0.35306004963470633,22.62911350109693,1,TCSG,ION, 
123,0,12.810242105263159,4.061123381176733,10.304686303818134,0.1754645141976809,3.6096994338005577,1,TCSG,ION, 
124,0,169.5045,6.965168020110505,194.0362587496786,58.92593605018239,141.17574125032144,1,TCSG,ION, 
125,1,169.5045,6.023929098473951,194.0362587496786,58.92593605018239,141.17574125032144,1,TCSG,ION, 
126,0,30.70253636363635,5.6922185462439705,24.237791037313208,50.042912129860866,40.017208957958495,1,TCSG,ION, 
127,0,77.20838383838385,5.066438214670969,71.63176563302297,0.6169709057729031,15.94507646253772,1,TCSG,ION, 
128,1,77.20838383838385,6.004667513684112,71.63176563302297,0.6169709057729031,15.94507646253772,1,TCSG,ION, 
129,0,41.04825609756098,3.1717992038485336,31.570745846495058,0.17924170587411753,3.638127872247978,1,TCSG,ION, 
130,1,41.04825609756098,5.363224108325703,31.570745846495058,0.17924170587411753,3.638127872247978,1,TCSG,ION, 
131,0,12.802861702127654,5.2444909876447925,12.281831325301207,152.70758484327308,4.551168674698795,0,TCSG,ION, 
132,0,16.73646666666666,3.7146231387248574,15.82777555919291,0.9740091898789652,4.892160772994772,1,TCSG,ION, 
133,0,35.854793814432995,3.2806081336973034,60.35200657075569,0.0048416491150535855,-33.02004165990202,1,TCSG,ION, 
134,1,35.854793814432995,3.8528072267840425,60.35200657075569,0.0048416491150535855,-33.02004165990202,1,TCSG,ION, 
135,0,604.7263235294117,6.811147105660886,607.9090133575065,379.89182293968497,76.63298666711361,1,TCSG,ION, 
136,0,8.629944444444442,5.972891969924658,8.947255791734252,2.323468937892633,1.5158225185479637,1,TCSG,ION, 
137,1,8.629944444444442,6.337092699798112,8.947255791734252,2.323468937892633,1.5158225185479637,1,TCSG,ION, 
138,1,235.63258750000003,1.0349105432734669,173.4088889755194,0.2089719179186792,26.17705980600588,1,TCSG,ION, 
139,0,43.068372340425526,4.58392028946421,39.981122893241356,0.1723913015922652,11.312615706020164,1,TCSG,ION, 
140,1,43.068372340425526,5.522149588477354,39.981122893241356,0.1723913015922652,11.312615706020164,1,TCSG,ION, 
141,1,60.95452040816326,6.285858308309284,66.27026647884152,0.7731846618256596,23.95995122131824,1,TCSG,ION, 
142,1,3987.356240963855,0.24461521931918315,3785.767229233888,0.9813734675819936,65.42408513293303,1,TCSG,ION, 
143,0,38.24359375,6.7175102536114135,30.92102404918008,0.11402880447852015,12.368050437460985,1,TCSG,ION, 
144,1,9.751836734693876,3.831225658774516,8.02815190327257,164.58279513074018,5.1848480965305335,0,TCSG,ION, 
145,0,15.843636363636366,6.440342007802562,16.088662492945144,0.95706096239399,3.4006227825903017,1,TCSG,ION, 
146,1,15.843636363636366,6.1092190253962615,16.088662492945144,0.95706096239399,3.4006227825903017,1,TCSG,ION, 
147,0,17.624037037037034,2.8146867652587457,10.51631533723268,0.08961677239690492,7.774229663476813,1,TCSG,ION, 
148,0,7.639883720930229,2.868299846501769,5.36521199794661,0.10338005639578726,7.653579212571693,1,TCSG,ION, 
149,1,173.14216346153847,3.4980756014897763,156.3096164224426,36.740177761625574,21.79438353734087,1,TCSG,ION, 
150,0,7.201146067415731,3.1333531528927936,6.284124680588176,0.07010028495996669,3.329164473924032,1,TCSG,ION, 
151,0,523.1844347826086,6.477716001101439,527.761929219011,432.08687788628197,68.45207078098892,1,TCSG,ION, 
152,1,103.71822115384614,2.0789900382151516,64.96085319332997,0.0773698671334375,8.920873900152209,1,TCSG,ION, 
153,0,1.5424040404040402,5.630237026040148,1.5381410204799597,20.740276743593164,0.633858975221401,0,TCSG,ION, 
154,1,1.5424040404040402,6.37982479577922,1.5381410204799597,20.740276743593164,0.633858975221401,0,TCSG,ION, 
155,0,89.72683950617285,4.959212009069468,97.38757110285276,0.2605558798778089,16.725304767455473,1,TCSG,ION, 
156,1,6.647443037974683,4.558403795198373,7.055163263047824,69.53470107075957,2.356836737040251,0,TCSG,ION, 
157,1,24.938619047619053,2.155283250626717,16.00399371347924,0.05457949445138376,4.825792175977962,1,TCSG,ION, 
158,0,28.189293577981648,6.166277133868345,26.94661994069785,0.9793761560884556,1.944909545617956,1,TCSG,ION, 
159,1,28.189293577981648,5.188292319625784,26.94661994069785,0.9793761560884556,1.944909545617956,1,TCSG,ION, 
160,0,14.89135632183908,4.231005727516205,10.686375506072904,0.1404932237245674,4.752842735374814,1,TCSG,ION, 
161,1,14.89135632183908,3.5647056129467245,10.686375506072904,0.1404932237245674,4.752842735374814,1,TCSG,ION, 
162,0,167.92656626506025,6.89671428035512,183.90755310819995,132.08412081470266,122.52544689180006,1,TCSG,ION, 
163,0,121.6918431372549,3.348355396651986,76.15576120542748,0.06980799445188275,19.70973308537029,1,TCSG,ION, 
164,0,753.1250315789473,6.0100203901112055,678.1374123637349,0.2690977979588309,30.276936977299773,1,TCSG,ION, 
165,1,753.1250315789473,1.3015330781132548,678.1374123637349,0.2690977979588309,30.276936977299773,1,TCSG,ION, 
166,0,217.2435096153846,3.21710674010618,207.55604160556385,97.62722602103912,12.901958540199127,1,TCSG,ION, 
167,1,509.5034468085106,6.215813736905964,471.5050128942319,478.9941667708339,89.59498710576824,1,TCSG,ION, 
168,1,851.0116235294117,1.0909909625361105,676.550613392973,0.1585917938832844,43.72943496612977,1,TCSG,ION, 
169,0,38.22603225806451,5.681531903281858,40.992190470873496,30.860885544674996,11.31680952484968,1,TCSG,ION, 
170,1,38.22603225806451,6.470633556515449,40.992190470873496,30.860885544674996,11.31680952484968,1,TCSG,ION, 
171,0,8.511525,5.4751514708976865,9.24572327076859,2.03215663156455,4.300069996658263,1,TCSG,ION, 
172,1,7.02578787878788,4.972804140216407,7.048384618421077,34.10159995749908,1.096615381682983,0,TCSG,ION, 
173,0,622.1146194690266,6.6348573596187235,672.2735978380322,134.88194146657483,129.73740668343152,1,TCSG,ION, 
174,1,622.1146194690266,6.320574642584154,672.2735978380322,134.88194146657483,129.73740668343152,1,TCSG,ION, 
175,0,8.043726190476189,4.447553264751287,5.308619371242691,0.08182036495801702,3.538829531983965,1,TCSG,ION, 
176,0,7.848166666666668,4.425006319870781,8.174527911478068,1.3196306306659558,4.1781616610418615,1,TCSG,ION, 
177,0,105.79561728395063,4.0379422149302115,85.97463501809294,0.4471684398191603,48.62298983176344,1,TCSG,ION, 
178,0,26.5478488372093,5.7611978898836735,21.5368226833781,0.14927641914121292,3.5311974313025534,1,TCSG,ION, 
179,1,34.928194690265485,3.831225658774516,34.852612303751776,1.4656467946450762,4.164741790307464,1,TCSG,ION, 
180,0,50.536524390243905,4.5303071866634586,38.52357516694162,0.10624721544002852,10.148344524527056,1,TCSG,ION, 
181,1,1639.2186881720431,2.698652306611357,1664.7484404759489,395.1676880691783,0.6315595240512861,0,TCSG,ION, 
182,1,57.79306250000001,3.7725379362835785,27.24264665825827,0.10786617151969566,6.9150713545415385,1,TCSG,ION, 
183,1,125.2632123893805,3.2855820285305266,130.54624999999996,36.95532496020688,48.64375,1,TCSG,ION, 
184,0,9.435145631067961,4.443249308976838,5.541837897042517,215.36132400704395,6.585162102958947,0,TCSG,ION, 
185,1,121.61673493975904,3.5116582334491904,115.13526918867592,0.33884023393278506,17.339256096599875,1,TCSG,ION, 
186,1,8.61189772727273,3.6620741957551295,6.284157303310707,325.996284243386,9.100842696615727,0,TCSG,ION, 
187,0,11.166617021276595,4.164028344886498,10.188710833917098,21.427303792171518,3.0242891601922524,1,TCSG,ION, 
188,0,28.55798947368421,4.843870148310816,26.568024396707298,171.06675506691104,4.020975603291697,1,TCSG,ION, 
189,1,28.55798947368421,5.523711572635139,26.568024396707298,171.06675506691104,4.020975603291697,1,TCSG,ION, 
190,1,86.5711376146789,6.285858308309284,87.00244117647092,29.03688647228196,36.2585588235291,1,TCSG,ION, 
191,1,9.332545454545453,4.3760676433904395,9.253729035281227,78.45900577592441,2.14927096471313,0,TCSG,ION, 
192,0,736.1153974358972,6.811147105660886,748.5830905496547,322.94605694734094,41.30090934739182,1,TCSG,ION, 
193,0,246.83520731707318,6.999758583595088,208.08111355859174,0.2605290006947722,8.375031270653645,1,TCSG,ION, 
194,0,48.97795744680851,2.815118513020073,24.31254635749012,0.12324873947127846,7.069591955298499,1,TCSG,ION, 
195,0,20.668862745098046,2.8650910310026783,10.14314113750885,0.05432777484518072,1.0111212471926465,1,TCSG,ION, 
196,0,23.732434210526318,6.154992895222013,23.42576725375228,2.1594159893276217,4.394916302737629,1,TCSG,ION, 
197,1,23.732434210526318,6.834834319546339,23.42576725375228,2.1594159893276217,4.394916302737629,1,TCSG,ION, 
198,1,1055.568682926829,0.18816555332244855,898.0115447516985,0.11175337514348846,49.33998359667146,1,TCSG,ION, 
199,0,13.783543478260825,6.687454811340156,55.37322352293489,79.08331002233753,59.5617764770651,1,TCSG,ION, 
200,1,13.783543478260825,6.303319025832366,55.37322352293489,79.08331002233753,59.5617764770651,1,TCSG,ION, 
201,0,1642.5045999999998,2.698652306611357,1400.7077006034974,0.1503148566075349,95.25896063496559,1,TCSG,ION, 
202,0,222.02746067415728,2.086014986080249,188.5721480899333,0.41311715532985627,29.446930090695442,1,TCSG,ION, 
203,1,14.151813186813188,3.9145131730957017,12.626638125275976,2.8449838924442714,4.5664712806385666,1,TCSG,ION, 
204,1,22.480092783505157,4.152173503219899,15.254762234247368,0.09283367923228844,5.277350305204852,1,TCSG,ION, 
205,0,209.89854081632652,4.880749042924705,232.7748959179695,0.4097334566736108,6.128084347031531,1,TCSG,ION, 
206,0,46.954607594936704,6.320779743355447,52.464142859156965,29.997206131589238,38.94085714291817,1,TCSG,ION, 
207,0,5.673344444444443,5.913413516804145,5.032361022729764,0.7605735600818868,3.3830495692592244,1,TCSG,ION, 
208,1,336.7100722891566,0.995290000910136,248.2901964533541,0.11137557298462997,21.89030643055201,1,TCSG,ION, 
209,1,48.3755,3.795907850659925,33.565444444444445,676.3486356021441,18.200555555555557,0,TCSG,ION, 
210,0,139.30861739130435,6.636124040413534,105.77990321652644,250.15128433948033,59.11109687227209,1,TCSG,ION, 
211,0,241.60979746835446,4.798372700667215,244.0565563388169,0.4981981671933787,14.791813566544654,1,TCSG,ION, 
212,0,9.334428571428571,5.4994315217664145,8.621556962028178,151.29253068237162,4.77244303799144,0,TCSG,ION, 
213,1,104.79282954545454,6.268194189745058,92.37304577572307,221.15395338603486,78.30995422702699,1,TCSG,ION, 
214,1,12.776160919540226,4.525251767596932,12.468811111110996,95.20746732008284,2.5541888888886857,0,TCSG,ION, 
215,1,7.8913762376237635,3.84717865736418,7.961842073494287,27.538762382723192,1.4501579109254241,1,TCSG,ION, 
216,0,17.368536082474225,6.796261168608707,17.438831930723374,1.536248409448982,3.651810342963592,1,TCSG,ION, 
217,1,17.368536082474225,6.129961054039228,17.438831930723374,1.536248409448982,3.651810342963592,1,TCSG,ION, 
218,1,154.66437974683544,4.467529359845564,119.29255265176737,0.3856050471838916,7.544255411074593,1,TCSG,ION, 
219,0,12.575505747126439,5.722917505233282,9.255325843615287,0.040752232545559056,1.420348982273245,1,TCSG,ION, 
220,1,335.822875,5.904135053902024,320.6384489607168,261.1130671949945,65.6155510392832,1,TCSG,ION, 
221,0,91.31631000000002,6.027054931317143,95.62513621811013,1.1134294026405085,47.21619784968796,1,TCSG,ION, 
222,1,91.31631000000002,3.3483638507317472,95.62513621811013,1.1134294026405085,47.21619784968796,1,TCSG,ION, 
223,0,43.198401098901094,6.201422313363157,43.6945300710255,31.699225093837814,5.899469928974486,1,TCSG,ION, 
224,1,43.198401098901094,4.344823657819248,43.6945300710255,31.699225093837814,5.899469928974486,1,TCSG,ION, 
225,0,13.864038961038961,4.535616004181644,13.170679998796945,109.03441337732569,2.9383200012030555,0,TCSG,ION, 
226,1,13.864038961038961,4.969300402987856,13.170679998796945,109.03441337732569,2.9383200012030555,0,TCSG,ION, 
227,0,946.9541509433963,6.65231751056509,1008.6399688756813,0.8172541246818474,99.9010600057774,1,TCSG,ION, 
228,1,946.9541509433963,6.338034793530519,1008.6399688756813,0.8172541246818474,99.9010600057774,1,TCSG,ION, 
229,1,31.61403157894736,6.422073454777997,30.604451209737476,26.268292790981175,11.930548790262526,1,TCSG,ION, 
230,0,16.89362857142857,3.7224577564199937,15.69117757009335,212.54056287720942,5.304822429906537,0,TCSG,ION, 
231,1,610.7603666666666,5.938361923779718,627.4125747829073,153.34457479201726,47.536425291543615,1,TCSG,ION, 
232,0,819.4984204545456,3.178780631100494,659.3630265094101,0.21471189353666292,15.714854269678776,1,TCSG,ION, 
233,1,819.4984204545456,2.8476576486941925,659.3630265094101,0.21471189353666292,15.714854269678776,1,TCSG,ION, 
234,0,59.04220000000001,5.620831776110044,62.331431386754176,32.75323900777361,11.154568613139816,1,TCSG,ION, 
235,0,41.19239240506329,4.115468622249038,41.04401021685645,44.055028936492846,7.282989783143488,1,TCSG,ION, 
236,0,199.84601351351355,6.400424667128571,199.51999029126213,129.98784928190122,106.73200970873785,1,TCSG,ION, 
0,0,29.93760824742268,7.478117466926588,26.16486636903007,0.9875527149803456,3.5395908098096203,1,TCLA,ION, 
1,1,29.93760824742268,1.0683024952752267,26.16486636903007,0.9875527149803456,3.5395908098096203,1,TCLA,ION, 
2,1,15.918154639175254,1.5883500711076115,15.980169642658426,0.2398415724877355,4.603170457497979,1,TCLA,ION, 
3,1,115.4827012987013,0.9039482652328842,67.76146270878411,0.2632794113428429,49.81738219674575,1,TCLA,ION, 
4,0,1.8825699999999996,11.700432736730876,2.040047248843508,1.4718199162421344,0.6872087411457826,0,TCLA,ION, 
5,1,1.8825699999999996,7.693435224151808,2.040047248843508,1.4718199162421344,0.6872087411457826,0,TCLA,ION, 
6,0,16.901376344086025,6.812440500434268,16.496035711988952,81.6916020542818,1.4229642880116702,1,TCLA,ION, 
7,1,16.901376344086025,6.674536846579323,16.496035711988952,81.6916020542818,1.4229642880116702,1,TCLA,ION, 
8,1,8.378288888888893,0.7941750355538058,3.907651758967016,0.0807906088771882,4.205970171128387,1,TCLA,ION, 
9,0,16.427310344827585,11.37986981906338,13.536788891146227,376.67706937929404,10.174211108852312,0,TCLA,ION, 
10,0,10.408300884955752,8.655112256752433,10.546078124999998,189.73548686298932,6.286921875,0,TCLA,ION, 
11,1,10.408300884955752,9.232119740535923,10.546078124999998,189.73548686298932,6.286921875,0,TCLA,ION, 
12,1,165.69795833333333,7.170990079569582,172.19995236869502,57.52261715646142,15.31604763130493,1,TCLA,ION, 
13,1,3.9190434782608703,5.699842613510872,3.779705882565644,177.8147021366085,5.451294117547591,0,TCLA,ION, 
14,0,195.82575641025642,4.473756859480174,158.92531284970158,73.74294585663985,84.70068715029831,1,TCLA,ION, 
15,1,195.82575641025642,2.9061806370638923,158.92531284970158,73.74294585663985,84.70068715029831,1,TCLA,ION, 
16,1,1047.2844457831322,4.288716529583423,1022.70876408425,373.85960057741465,45.011233914653985,1,TCLA,ION, 
17,0,14.872166666666667,4.7037536130914965,14.853177025025614,1.0787704757858,4.964217322787931,1,TCLA,ION, 
18,1,14.872166666666667,6.640593336129173,14.853177025025614,1.0787704757858,4.964217322787931,1,TCLA,ION, 
19,0,11.495184782608694,7.693435224151808,9.637129411799997,46.634607367425716,2.85187058822773,1,TCLA,ION, 
20,0,19.840239583333336,11.219589962456856,21.0272838908822,317.30859632182177,8.475716112361377,0,TCLA,ION, 
21,0,173.2289340659341,7.308761461257608,150.256545630987,0.22501804101522552,14.752807373633257,1,TCLA,ION, 
22,0,774.9030930232558,4.6146625873378175,728.2942743898124,338.0962747485645,74.80272561018751,1,TCLA,ION, 
23,1,774.9030930232558,2.9766335009927136,728.2942743898124,338.0962747485645,74.80272561018751,1,TCLA,ION, 
24,1,10.979426966292136,5.481572597208163,11.713267283777746,0.6413602367668744,4.044195701036234,1,TCLA,ION, 
25,0,27.42633043478261,9.712961970491657,27.15783871250936,127.40959722585673,1.078161287496774,1,TCLA,ION, 
26,1,27.42633043478261,5.70596445791259,27.15783871250936,127.40959722585673,1.078161287496774,1,TCLA,ION, 
27,1,158.65612765957442,2.8885674210816874,128.1654458593469,174.67503895234648,68.03855422285521,1,TCLA,ION, 
28,0,11.262641025641026,4.412916923358231,10.40721212746144,59.307390205795066,1.7197878724586282,1,TCLA,ION, 
29,0,13.571552380952387,5.17828549876839,13.182305978023958,2.058089382030869,7.0404235063354825,1,TCLA,ION, 
30,0,267.49126136363634,4.456143643497968,335.2425056179775,157.2941214663364,37.617494382022464,1,TCLA,ION, 
31,0,277.0185744680851,13.680042613332741,263.7431686546548,157.48949456666475,19.702831345345206,1,TCLA,ION, 
32,1,277.0185744680851,7.1434093484943135,263.7431686546548,157.48949456666475,19.702831345345206,1,TCLA,ION, 
33,1,18.372494505494508,1.0288172506107784,18.347599257156446,1.6635827127135046,5.3008823370280025,1,TCLA,ION, 
34,0,11.04247191011236,10.721362979976378,6.37176637069337,0.11505262709756416,3.4641664559921623,0,TCLA,ION, 
35,0,81.19744186046509,7.372873403900218,76.37654808924113,1.507074556139148,12.850863862918775,1,TCLA,ION, 
36,0,11.3216568627451,7.4002644342178785,6.9452622558683474,3.2145617429543787,5.1847507424951305,1,TCLA,ION, 
37,1,11.3216568627451,1.1912620796545856,6.9452622558683474,3.2145617429543787,5.1847507424951305,1,TCLA,ION, 
38,0,28.429030612244897,4.385336192587241,27.964159704385796,4.5098210790776205,2.0816351777247,1,TCLA,ION, 
39,0,8.090752475247525,10.739412412602599,5.505302133684788,0.09549020778158142,1.9922107875406831,0,TCLA,ION, 
40,1,8.090752475247525,0.7219773050489143,5.505302133684788,0.09549020778158142,1.9922107875406831,1,TCLA,ION, 
41,0,17.2803125,4.103879107006334,17.602507692309402,106.32075100564795,2.8504923076929574,1,TCLA,ION, 
42,1,469.7560348837209,2.782888125188455,402.2396805445212,218.95958840404046,102.20731973079894,1,TCLA,ION, 
43,1,35.943904255319154,3.2760581726902065,33.07284282344769,16.780413557636326,12.358156877226033,1,TCLA,ION, 
44,1,535.9186767676767,4.878860569273624,523.6177948717949,90.82331857523272,18.296205128205127,1,TCLA,ION, 
45,1,321.94757954545446,4.316385668483962,286.933808988764,188.17723574075055,40.85719101123596,1,TCLA,ION, 
46,1,95.63695238095238,2.8529814475961714,85.95083662273596,0.597077852987133,14.400592434503448,1,TCLA,ION, 
47,0,2.9079843750000003,8.398666786365723,2.726911501690389,30.577293216243138,1.0740884956807095,0,TCLA,ION, 
48,1,129.09942857142858,0.9587330085803316,112.53569769771687,99.98161789660256,24.843302302283107,1,TCLA,ION, 
49,1,340.9436666666666,7.170990079569582,338.29141346675044,214.07221561419288,20.45058648906935,1,TCLA,ION, 
50,0,4.664230769230769,11.091366077171633,5.6420808080535165,201.50694801342254,6.12291919191713,0,TCLA,ION, 
51,0,45.709851851851866,4.139105537109392,43.78431249674031,37.37271887043012,3.4566875008899363,1,TCLA,ION, 
52,1,45.709851851851866,4.949313429479742,43.78431249674031,37.37271887043012,3.4566875008899363,1,TCLA,ION, 
53,1,8.445426966292137,5.577740537510061,4.850068707726333,0.07941180479401537,3.519473137237434,1,TCLA,ION, 
54,0,6.1619560439560415,8.815392113358957,6.149790697674417,222.81325757447155,6.520209302325581,0,TCLA,ION, 
55,1,6.1619560439560415,9.392399597142454,6.149790697674417,222.81325757447155,6.520209302325581,0,TCLA,ION, 
56,0,27.960670103092788,10.703313547350154,26.263813632791834,0.6303144356417917,4.94435565042419,1,TCLA,ION, 
57,0,863.2618160919541,4.544209723408995,610.9925535360246,0.30966275451054914,45.779383604072024,1,TCLA,ION, 
58,1,234.908950617284,2.8850374189174772,228.52635706667857,0.32924015654533423,15.44716282924225,1,TCLA,ION, 
59,1,6.979023255813956,6.5575859194275585,6.6382106332784865,1.6421358165033164,5.832374318164908,0,TCLA,ION, 
60,0,6.8838620689655174,8.494834726667621,6.854688888771169,36.0620331773348,0.7473111112288316,0,TCLA,ION, 
61,1,21.89822222222222,1.0135177519277792,14.88339081281512,407.53841782488905,10.81860918718488,0,TCLA,ION, 
62,0,169.0956623376623,7.2315861218630735,165.51002010176762,127.48437349992966,20.919979915928682,1,TCLA,ION, 
63,0,45.12524418604652,7.661379244051176,43.558397886647796,0.2439575247383633,5.220674349140436,1,TCLA,ION, 
64,0,13.615401785714289,11.476037733027296,12.227246153532148,59.27046817741437,7.320753846130772,0,TCLA,ION, 
65,1,13.615401785714289,8.11016074429024,12.227246153532148,59.27046817741437,7.320753846130772,1,TCLA,ION, 
66,0,1552.9953928571426,13.624881151182207,941.5090077285936,0.22245981846212035,35.14307388059999,1,TCLA,ION, 
67,0,5.90603,4.3440548073845,6.172805194954782,78.53608513533756,5.7731948051873525,0,TCLA,ION, 
68,0,15.660613636363635,7.382215008768567,15.595623621281213,1.3492132746870895,4.85009608485618,1,TCLA,ION, 
69,0,5.723881720430108,10.963142191886414,5.498952380933871,210.79095636513009,6.266047619047077,0,TCLA,ION, 
70,1,6.2354500000000135,2.8885674210816874,37.63859722771159,125.02492068567491,61.549402756312105,0,TCLA,ION, 
71,0,9.169939759036144,7.4002644342178785,9.362909006071462,1.9675209394355604,4.787667287661788,1,TCLA,ION, 
72,1,14.903410714285712,3.328897820636822,8.954626095381894,0.13304727112963233,7.610036115540207,1,TCLA,ION, 
73,1,32.19073563218391,4.914086999376684,29.43308900564565,282.24237412557375,6.766910989495188,0,TCLA,ION, 
74,0,367.23822619047615,4.233378251782347,379.144397799041,177.8336158484647,23.58060220095901,1,TCLA,ION, 
75,1,5.2490000000000006,6.564213923495368,4.670346632754258,0.7063792913151878,1.82342987687848,0,TCLA,ION, 
76,0,12.260142857142858,7.286370865210523,11.00834006725115,1.4005218352890962,3.9048724021651884,1,TCLA,ION, 
77,1,26.146827160493828,4.9317002144282105,26.363062501181854,42.53092690525968,3.1399374988181448,1,TCLA,ION, 
78,0,106.16472727272726,4.914087259035308,104.81524358633587,55.06999260550032,9.757756409877276,1,TCLA,ION, 
79,1,10.123223529411764,1.1732126542052737,10.33715053045875,2.0173474496047974,4.523301062811619,1,TCLA,ION, 
80,0,5.167734693877551,5.530549818412498,4.621933363782016,1.0473058625234395,6.734695921981287,1,TCLA,ION, 
81,1,5.167734693877551,3.4698035484944656,4.621933363782016,1.0473058625234395,6.734695921981287,1,TCLA,ION, 
82,0,601.7449789473684,4.420917211533556,566.137096998929,415.465188598647,90.34990266851999,1,TCLA,ION, 
83,1,27.480516483516478,5.791953461907678,27.698511625539325,137.30449794386422,1.6234883744607609,1,TCLA,ION, 
84,0,15.120707964601767,4.2610473906828865,15.080493279530645,2.3123884475281584,5.553985224831191,1,TCLA,ION, 
85,0,67.50131395348838,10.685264114723932,65.05830689032588,0.3127593516900865,8.230935066109687,1,TCLA,ION, 
86,1,25.25515384615385,6.564213923495368,25.12336046511628,136.31506166307474,2.02663953488372,1,TCLA,ION, 
87,0,639.16190625,13.652461882257473,621.0735677252106,390.8208757807297,30.34543227221838,1,TCLA,ION, 
88,0,183.29625,4.103879107006334,183.6129703052952,101.08272807244559,2.9980296983677013,1,TCLA,ION, 
89,0,24.47691578947369,7.404929375221523,14.997158862922205,0.26889529022263914,9.443789643523148,1,TCLA,ION, 
90,1,24.47691578947369,7.981936859005019,14.997158862922205,0.26889529022263914,9.443789643523148,1,TCLA,ION, 
91,1,14.25296590909091,6.564213923495368,14.088191010750997,83.23882901857219,1.8398089892497431,0,TCLA,ION, 
92,1,4.2320412371134,3.3465110366190274,3.255737492769744,83.42893034712387,8.328262507111173,0,TCLA,ION, 
