Timestamp,position,BLMTI.06L5.B2E10_TCL.6L5.B2
1461061339980,-1.745,4.706e-06
1461061339990,-1.745,1.0859999999999999e-06
1461061340000,-1.745,2.1719999999999997e-06
1461061340010,-1.745,1.4480000000000002e-06
1461061340020,-1.745,3.6200000000000004e-07
1461061340030,-1.745,1.4480000000000002e-06
1461061340040,-1.745,2.5340000000000002e-06
1461061340050,-1.745,3.62e-06
1461061340060,-1.745,4.706e-06
1461061340070,-1.745,6.154e-06
1461061340080,-1.745,5.0680000000000004e-06
1461061340090,-1.745,1.4480000000000002e-06
1461061340100,-1.745,1.4480000000000002e-06
1461061340110,-1.745,1.0859999999999999e-06
1461061340120,-1.745,1.4480000000000002e-06
1461061340130,-1.745,1.0859999999999999e-06
1461061340140,-1.745,1.81e-06
1461061340150,-1.745,1.81e-06
1461061340160,-1.745,1.0859999999999999e-06
1461061340170,-1.745,1.81e-06
1461061340180,-1.745,2.1719999999999997e-06
1461061340190,-1.745,1.81e-06
1461061340200,-1.745,1.4480000000000002e-06
1461061340210,-1.745,1.4480000000000002e-06
1461061340220,-1.745,1.4480000000000002e-06
1461061340230,-1.745,1.0859999999999999e-06
1461061340240,-1.745,1.4480000000000002e-06
1461061340250,-1.745,1.81e-06
1461061340260,-1.745,1.0859999999999999e-06
1461061340270,-1.745,1.4480000000000002e-06
1461061340280,-1.745,7.240000000000001e-07
1461061340290,-1.745,7.240000000000001e-07
1461061340300,-1.745,1.4480000000000002e-06
1461061340310,-1.745,7.240000000000001e-07
1461061340320,-1.745,7.240000000000001e-07
1461061340330,-1.745,1.4480000000000002e-06
1461061340340,-1.745,1.0859999999999999e-06
1461061340350,-1.745,1.81e-06
1461061340360,-1.745,1.81e-06
1461061340370,-1.745,3.258e-06
1461061340380,-1.745,3.982e-06
1461061340390,-1.745,2.1719999999999997e-06
1461061340400,-1.745,1.0859999999999999e-06
1461061340410,-1.745,1.4480000000000002e-06
1461061340420,-1.745,7.240000000000001e-07
1461061340430,-1.745,1.4480000000000002e-06
1461061340440,-1.745,3.6200000000000004e-07
1461061340450,-1.745,1.81e-06
1461061340460,-1.745,1.4480000000000002e-06
1461061340470,-1.745,1.0859999999999999e-06
1461061340480,-1.745,1.4480000000000002e-06
1461061340490,-1.745,1.4480000000000002e-06
1461061340500,-1.745,1.0859999999999999e-06
1461061340510,-1.745,1.81e-06
1461061340520,-1.745,1.4480000000000002e-06
1461061340530,-1.745,1.0859999999999999e-06
1461061340540,-1.745,1.4480000000000002e-06
1461061340550,-1.745,7.240000000000001e-07
1461061340560,-1.745,7.240000000000001e-07
1461061340570,-1.745,1.0859999999999999e-06
1461061340580,-1.745,7.240000000000001e-07
1461061340590,-1.745,2.1719999999999997e-06
1461061340600,-1.745,1.0859999999999999e-06
1461061340610,-1.745,1.81e-06
1461061340620,-1.745,1.4480000000000002e-06
1461061340630,-1.745,1.81e-06
1461061340640,-1.745,1.0859999999999999e-06
1461061340650,-1.745,0.0
1461061340660,-1.745,1.0859999999999999e-06
1461061340670,-1.745,1.4480000000000002e-06
1461061340680,-1.745,3.6200000000000004e-07
1461061340690,-1.745,1.4480000000000002e-06
1461061340700,-1.745,1.4480000000000002e-06
1461061340710,-1.745,1.4480000000000002e-06
1461061340720,-1.745,7.240000000000001e-07
1461061340730,-1.745,7.240000000000001e-07
1461061340740,-1.745,1.4480000000000002e-06
1461061340750,-1.745,1.4480000000000002e-06
1461061340760,-1.745,1.0859999999999999e-06
1461061340770,-1.745,2.1719999999999997e-06
1461061340780,-1.745,2.8960000000000003e-06
1461061340790,-1.745,3.62e-06
1461061340800,-1.745,2.5340000000000002e-06
1461061340810,-1.745,1.4480000000000002e-06
1461061340820,-1.745,1.4480000000000002e-06
1461061340830,-1.745,1.81e-06
1461061340840,-1.745,1.4480000000000002e-06
1461061340850,-1.745,1.4480000000000002e-06
1461061340860,-1.745,2.8960000000000003e-06
1461061340870,-1.745,3.258e-06
1461061340880,-1.745,4.343999999999999e-06
1461061340890,-1.745,1.4480000000000002e-06
1461061340900,-1.745,1.0859999999999999e-06
1461061340910,-1.745,7.240000000000001e-07
1461061340920,-1.745,1.0859999999999999e-06
1461061340930,-1.745,1.4480000000000002e-06
1461061340940,-1.745,1.4480000000000002e-06
1461061340950,-1.745,2.1719999999999997e-06
1461061340960,-1.745,2.8960000000000003e-06
1461061340970,-1.745,4.706e-06
1461061340980,-1.745,3.62e-06
1461061340990,-1.745,2.5340000000000002e-06
1461061341000,-1.745,2.1719999999999997e-06
1461061341010,-1.745,1.4480000000000002e-06
1461061341020,-1.745,1.0859999999999999e-06
1461061341030,-1.745,1.4480000000000002e-06
1461061341040,-1.745,1.81e-06
1461061341050,-1.745,2.8960000000000003e-06
1461061341060,-1.745,3.258e-06
1461061341070,-1.745,2.8960000000000003e-06
1461061341080,-1.745,3.258e-06
1461061341090,-1.745,1.81e-06
1461061341100,-1.745,1.4480000000000002e-06
1461061341110,-1.745,1.0859999999999999e-06
1461061341120,-1.745,1.0859999999999999e-06
1461061341130,-1.745,1.4480000000000002e-06
1461061341140,-1.745,2.1719999999999997e-06
1461061341150,-1.745,1.81e-06
1461061341160,-1.745,2.8960000000000003e-06
1461061341170,-1.745,2.5340000000000002e-06
1461061341180,-1.745,7.240000000000001e-07
1461061341190,-1.745,1.81e-06
1461061341200,-1.745,1.0859999999999999e-06
1461061341210,-1.745,1.0859999999999999e-06
1461061341220,-1.745,7.240000000000001e-07
1461061341230,-1.745,2.1719999999999997e-06
1461061341240,-1.745,1.0859999999999999e-06
1461061341250,-1.745,1.4480000000000002e-06
1461061341260,-1.745,1.0859999999999999e-06
1461061341270,-1.745,1.4480000000000002e-06
1461061341280,-1.745,7.240000000000001e-07
1461061341290,-1.745,3.6200000000000004e-07
1461061341300,-1.745,1.4480000000000002e-06
1461061341310,-1.745,1.4480000000000002e-06
1461061341320,-1.745,1.81e-06
1461061341330,-1.745,1.0859999999999999e-06
1461061341340,-1.745,7.240000000000001e-07
1461061341350,-1.745,1.0859999999999999e-06
1461061341360,-1.745,1.0859999999999999e-06
1461061341370,-1.745,2.1719999999999997e-06
1461061341380,-1.745,1.4480000000000002e-06
1461061341390,-1.745,1.4480000000000002e-06
1461061341400,-1.745,1.0859999999999999e-06
1461061341410,-1.745,1.0859999999999999e-06
1461061341420,-1.745,3.6200000000000004e-07
1461061341430,-1.745,1.4480000000000002e-06
1461061341440,-1.745,3.6200000000000004e-07
1461061341450,-1.745,1.0859999999999999e-06
1461061341460,-1.745,1.0859999999999999e-06
1461061341470,-1.745,2.5340000000000002e-06
1461061341480,-1.745,3.982e-06
1461061341490,-1.745,1.4480000000000002e-06
1461061341500,-1.745,1.0859999999999999e-06
1461061341510,-1.745,1.4480000000000002e-06
1461061341520,-1.745,7.240000000000001e-07
1461061341530,-1.745,7.240000000000001e-07
1461061341540,-1.745,1.4480000000000002e-06
1461061341550,-1.745,1.4480000000000002e-06
1461061341560,-1.745,1.81e-06
1461061341570,-1.745,1.4480000000000002e-06
1461061341580,-1.745,1.81e-06
1461061341590,-1.745,1.4480000000000002e-06
1461061341600,-1.745,1.0859999999999999e-06
1461061341610,-1.745,1.0859999999999999e-06
1461061341620,-1.745,1.0859999999999999e-06
1461061341630,-1.745,1.0859999999999999e-06
1461061341640,-1.745,1.4480000000000002e-06
1461061341650,-1.745,2.5340000000000002e-06
1461061341660,-1.745,3.982e-06
1461061341670,-1.745,2.1719999999999997e-06
1461061341680,-1.745,1.4480000000000002e-06
1461061341690,-1.745,1.4480000000000002e-06
1461061341700,-1.745,7.240000000000001e-07
1461061341710,-1.745,3.6200000000000004e-07
1461061341720,-1.745,1.0859999999999999e-06
1461061341730,-1.745,1.81e-06
1461061341740,-1.745,1.4480000000000002e-06
1461061341750,-1.745,2.1719999999999997e-06
1461061341760,-1.745,1.0859999999999999e-06
1461061341770,-1.745,2.5340000000000002e-06
1461061341780,-1.745,1.0859999999999999e-06
1461061341790,-1.745,1.81e-06
1461061341800,-1.745,1.4480000000000002e-06
1461061341810,-1.745,1.4480000000000002e-06
1461061341820,-1.745,2.8960000000000003e-06
1461061341830,-1.745,2.1719999999999997e-06
1461061341840,-1.745,2.1719999999999997e-06
1461061341850,-1.745,2.5340000000000002e-06
1461061341860,-1.745,7.240000000000001e-07
1461061341870,-1.745,1.4480000000000002e-06
1461061341880,-1.745,3.6200000000000004e-07
1461061341890,-1.745,1.0859999999999999e-06
1461061341900,-1.745,7.240000000000001e-07
1461061341910,-1.745,2.1719999999999997e-06
1461061341920,-1.745,1.4480000000000002e-06
1461061341930,-1.745,2.5340000000000002e-06
1461061341940,-1.745,3.258e-06
1461061341950,-1.745,1.0859999999999999e-06
1461061341960,-1.745,2.8960000000000003e-06
1461061341970,-1.745,7.240000000000001e-07
1461061341980,-1.745,1.0859999999999999e-06
1461061341990,-1.745,1.0859999999999999e-06
1461061342000,-1.745,2.1719999999999997e-06
1461061342010,-1.745,1.4480000000000002e-06
1461061342020,-1.745,1.81e-06
1461061342030,-1.745,1.4480000000000002e-06
1461061342040,-1.745,1.0859999999999999e-06
1461061342050,-1.745,7.240000000000001e-07
1461061342060,-1.745,1.4480000000000002e-06
1461061342070,-1.745,2.5340000000000002e-06
1461061342080,-1.745,1.4480000000000002e-06
1461061342090,-1.745,2.1719999999999997e-06
1461061342100,-1.745,2.5340000000000002e-06
1461061342110,-1.745,1.81e-06
1461061342120,-1.745,1.4480000000000002e-06
1461061342130,-1.745,1.0859999999999999e-06
1461061342140,-1.745,1.0859999999999999e-06
1461061342150,-1.745,7.240000000000001e-07
1461061342160,-1.745,1.0859999999999999e-06
1461061342170,-1.745,1.81e-06
1461061342180,-1.745,1.81e-06
1461061342190,-1.745,2.1719999999999997e-06
1461061342200,-1.745,1.0859999999999999e-06
1461061342210,-1.745,1.0859999999999999e-06
1461061342220,-1.745,7.240000000000001e-07
1461061342230,-1.745,7.240000000000001e-07
1461061342240,-1.745,7.240000000000001e-07
1461061342250,-1.745,1.4480000000000002e-06
1461061342260,-1.745,1.81e-06
1461061342270,-1.745,1.4480000000000002e-06
1461061342280,-1.745,1.81e-06
1461061342290,-1.745,1.4480000000000002e-06
1461061342300,-1.745,7.240000000000001e-07
1461061342310,-1.745,7.240000000000001e-07
1461061342320,-1.745,1.0859999999999999e-06
1461061342330,-1.745,1.81e-06
1461061342340,-1.745,7.240000000000001e-07
1461061342350,-1.745,2.1719999999999997e-06
1461061342360,-1.745,1.0859999999999999e-06
1461061342370,-1.745,1.4480000000000002e-06
1461061342380,-1.745,1.0859999999999999e-06
1461061342390,-1.745,3.6200000000000004e-07
1461061342400,-1.745,1.0859999999999999e-06
1461061342410,-1.745,1.0859999999999999e-06
1461061342420,-1.745,1.0859999999999999e-06
1461061342430,-1.745,0.0
1461061342440,-1.745,1.0859999999999999e-06
1461061342450,-1.745,2.5340000000000002e-06
1461061342460,-1.745,1.81e-06
1461061342470,-1.745,1.81e-06
1461061342480,-1.745,1.81e-06
1461061342490,-1.745,7.240000000000001e-07
1461061342500,-1.745,2.1719999999999997e-06
1461061342510,-1.745,1.81e-06
1461061342520,-1.745,2.8960000000000003e-06
1461061342530,-1.745,2.5340000000000002e-06
1461061342540,-1.745,2.5340000000000002e-06
1461061342550,-1.745,2.8960000000000003e-06
1461061342560,-1.745,7.240000000000001e-07
1461061342570,-1.745,1.0859999999999999e-06
1461061342580,-1.745,1.0859999999999999e-06
1461061342590,-1.745,1.81e-06
1461061342600,-1.745,1.0859999999999999e-06
1461061342610,-1.745,1.0859999999999999e-06
1461061342620,-1.745,1.0859999999999999e-06
1461061342630,-1.745,2.1719999999999997e-06
1461061342640,-1.745,1.4480000000000002e-06
1461061342650,-1.745,1.81e-06
1461061342660,-1.745,7.240000000000001e-07
1461061342670,-1.745,1.0859999999999999e-06
1461061342680,-1.745,7.240000000000001e-07
1461061342690,-1.745,1.0859999999999999e-06
1461061342700,-1.745,7.240000000000001e-07
1461061342710,-1.745,2.1719999999999997e-06
1461061342720,-1.745,7.240000000000001e-07
1461061342730,-1.745,2.1719999999999997e-06
1461061342740,-1.745,7.240000000000001e-07
1461061342750,-1.745,1.4480000000000002e-06
1461061342760,-1.745,3.258e-06
1461061342770,-1.745,1.81e-06
1461061342780,-1.745,2.1719999999999997e-06
1461061342790,-1.745,1.81e-06
1461061342800,-1.745,1.81e-06
1461061342810,-1.745,2.5340000000000002e-06
1461061342820,-1.745,1.4480000000000002e-06
1461061342830,-1.745,1.4480000000000002e-06
1461061342840,-1.745,1.0859999999999999e-06
1461061342850,-1.745,2.1719999999999997e-06
1461061342860,-1.745,1.4480000000000002e-06
1461061342870,-1.745,2.1719999999999997e-06
1461061342880,-1.745,1.81e-06
1461061342890,-1.745,1.81e-06
1461061342900,-1.745,1.4480000000000002e-06
1461061342910,-1.745,1.81e-06
1461061342920,-1.745,7.240000000000001e-07
1461061342930,-1.745,1.81e-06
1461061342940,-1.745,2.1719999999999997e-06
1461061342950,-1.745,2.5340000000000002e-06
1461061342960,-1.745,2.1719999999999997e-06
1461061342970,-1.745,1.81e-06
1461061342980,-1.745,1.4480000000000002e-06
1461061342990,-1.745,1.4480000000000002e-06
1461061343000,-1.745,1.0859999999999999e-06
1461061343010,-1.745,7.240000000000001e-07
1461061343020,-1.745,1.0859999999999999e-06
1461061343030,-1.745,1.4480000000000002e-06
1461061343040,-1.745,7.964e-06
1461061343050,-1.745,9.412e-06
1461061343060,-1.745,7.602e-06
1461061343070,-1.745,2.8960000000000003e-06
1461061343080,-1.745,1.4480000000000002e-06
1461061343090,-1.745,1.4480000000000002e-06
1461061343100,-1.745,1.81e-06
1461061343110,-1.745,2.5340000000000002e-06
1461061343120,-1.745,3.62e-06
1461061343130,-1.745,3.258e-06
1461061343140,-1.745,2.5340000000000002e-06
1461061343150,-1.745,2.5340000000000002e-06
1461061343160,-1.745,7.240000000000001e-07
1461061343170,-1.745,1.81e-06
1461061343180,-1.745,1.4480000000000002e-06
1461061343190,-1.745,7.240000000000001e-07
1461061343200,-1.745,2.1719999999999997e-06
1461061343210,-1.745,1.81e-06
1461061343220,-1.745,2.5340000000000002e-06
1461061343230,-1.745,3.258e-06
1461061343240,-1.745,2.8960000000000003e-06
1461061343250,-1.745,2.1719999999999997e-06
1461061343260,-1.745,1.0859999999999999e-06
1461061343270,-1.745,1.0859999999999999e-06
1461061343280,-1.745,2.1719999999999997e-06
1461061343290,-1.745,7.240000000000001e-07
1461061343300,-1.745,2.1719999999999997e-06
1461061343310,-1.745,1.0859999999999999e-06
1461061343320,-1.745,2.1719999999999997e-06
1461061343330,-1.745,1.0859999999999999e-06
1461061343340,-1.745,7.240000000000001e-07
1461061343350,-1.745,7.240000000000001e-07
1461061343360,-1.745,1.0859999999999999e-06
1461061343370,-1.745,1.81e-06
1461061343380,-1.745,7.240000000000001e-07
1461061343390,-1.745,7.240000000000001e-07
1461061343400,-1.745,3.6200000000000004e-07
1461061343410,-1.745,2.1719999999999997e-06
1461061343420,-1.745,7.240000000000001e-07
1461061343430,-1.745,7.240000000000001e-07
1461061343440,-1.745,1.4480000000000002e-06
1461061343450,-1.745,1.0859999999999999e-06
1461061343460,-1.745,7.240000000000001e-07
1461061343470,-1.745,7.240000000000001e-07
1461061343480,-1.745,7.240000000000001e-07
1461061343490,-1.745,1.4480000000000002e-06
1461061343500,-1.745,1.4480000000000002e-06
1461061343510,-1.745,7.240000000000001e-07
1461061343520,-1.745,1.4480000000000002e-06
1461061343530,-1.745,3.982e-06
1461061343540,-1.745,1.0859999999999999e-06
1461061343550,-1.745,2.1719999999999997e-06
1461061343560,-1.745,1.81e-06
1461061343570,-1.745,1.4480000000000002e-06
1461061343580,-1.745,7.240000000000001e-07
1461061343590,-1.745,1.4480000000000002e-06
1461061343600,-1.745,1.0859999999999999e-06
1461061343610,-1.745,1.4480000000000002e-06
1461061343620,-1.745,7.240000000000001e-07
1461061343630,-1.745,1.0859999999999999e-06
1461061343640,-1.745,1.81e-06
1461061343650,-1.745,2.5340000000000002e-06
1461061343660,-1.745,2.5340000000000002e-06
1461061343670,-1.745,1.81e-06
1461061343680,-1.745,1.81e-06
1461061343690,-1.745,1.81e-06
1461061343700,-1.745,1.4480000000000002e-06
1461061343710,-1.745,7.240000000000001e-07
1461061343720,-1.745,1.4480000000000002e-06
1461061343730,-1.745,2.1719999999999997e-06
1461061343740,-1.745,1.0859999999999999e-06
1461061343750,-1.745,1.81e-06
1461061343760,-1.745,1.81e-06
1461061343770,-1.745,1.81e-06
1461061343780,-1.745,7.240000000000001e-07
1461061343790,-1.745,2.1719999999999997e-06
1461061343800,-1.745,7.240000000000001e-07
1461061343810,-1.745,1.0859999999999999e-06
1461061343820,-1.745,7.240000000000001e-07
1461061343830,-1.745,1.0859999999999999e-06
1461061343840,-1.745,7.240000000000001e-07
1461061343850,-1.745,1.81e-06
1461061343860,-1.745,2.1719999999999997e-06
1461061343870,-1.745,1.81e-06
1461061343880,-1.745,7.240000000000001e-07
1461061343890,-1.745,1.4480000000000002e-06
1461061343900,-1.745,7.240000000000001e-07
1461061343910,-1.745,1.81e-06
1461061343920,-1.745,1.81e-06
1461061343930,-1.745,1.4480000000000002e-06
1461061343940,-1.745,1.4480000000000002e-06
1461061343950,-1.745,7.240000000000001e-07
1461061343960,-1.745,7.240000000000001e-07
1461061343970,-1.745,1.0859999999999999e-06
1461061343980,-1.745,7.240000000000001e-07
1461061343990,-1.745,1.4480000000000002e-06
1461061344000,-1.745,1.0859999999999999e-06
1461061344010,-1.745,1.4480000000000002e-06
1461061344020,-1.745,1.4480000000000002e-06
1461061344030,-1.745,7.240000000000001e-07
1461061344040,-1.745,1.0859999999999999e-06
1461061344050,-1.745,1.0859999999999999e-06
1461061344060,-1.745,1.0859999999999999e-06
1461061344070,-1.745,1.4480000000000002e-06
1461061344080,-1.745,3.6200000000000004e-07
1461061344090,-1.745,7.240000000000001e-07
1461061344100,-1.745,1.0859999999999999e-06
1461061344110,-1.745,1.0859999999999999e-06
1461061344120,-1.745,2.5340000000000002e-06
1461061344130,-1.745,3.258e-06
1461061344140,-1.745,4.343999999999999e-06
1461061344150,-1.745,3.62e-06
1461061344160,-1.745,2.1719999999999997e-06
1461061344170,-1.745,1.81e-06
1461061344180,-1.745,1.4480000000000002e-06
1461061344190,-1.745,1.0859999999999999e-06
1461061344200,-1.745,1.4480000000000002e-06
1461061344210,-1.745,1.4480000000000002e-06
1461061344220,-1.745,2.1719999999999997e-06
1461061344230,-1.745,2.1719999999999997e-06
1461061344240,-1.745,1.4480000000000002e-06
1461061344250,-1.745,2.1719999999999997e-06
1461061344260,-1.745,2.5340000000000002e-06
1461061344270,-1.745,7.240000000000001e-07
1461061344280,-1.745,1.4480000000000002e-06
1461061344290,-1.745,1.4480000000000002e-06
1461061344300,-1.745,1.4480000000000002e-06
1461061344310,-1.745,1.4480000000000002e-06
1461061344320,-1.745,2.1719999999999997e-06
1461061344330,-1.745,2.8960000000000003e-06
1461061344340,-1.745,1.4480000000000002e-06
1461061344350,-1.745,1.81e-06
1461061344360,-1.745,1.0859999999999999e-06
1461061344370,-1.745,2.1719999999999997e-06
1461061344380,-1.745,3.6200000000000004e-07
1461061344390,-1.745,3.6200000000000004e-07
1461061344400,-1.745,3.6200000000000004e-07
1461061344410,-1.745,1.4480000000000002e-06
1461061344420,-1.745,2.5340000000000002e-06
1461061344430,-1.745,2.1719999999999997e-06
1461061344440,-1.745,1.81e-06
1461061344450,-1.745,1.4480000000000002e-06
1461061344460,-1.745,7.240000000000001e-07
1461061344470,-1.745,1.0859999999999999e-06
1461061344480,-1.745,7.240000000000001e-07
1461061344490,-1.745,1.81e-06
1461061344500,-1.745,7.240000000000001e-07
1461061344510,-1.745,7.240000000000001e-07
1461061344520,-1.745,1.0859999999999999e-06
1461061344530,-1.745,1.4480000000000002e-06
1461061344540,-1.745,1.0859999999999999e-06
1461061344550,-1.745,1.0859999999999999e-06
1461061344560,-1.745,1.0859999999999999e-06
1461061344570,-1.745,1.4480000000000002e-06
1461061344580,-1.745,1.4480000000000002e-06
1461061344590,-1.745,7.240000000000001e-07
1461061344600,-1.745,2.1719999999999997e-06
1461061344610,-1.745,2.1719999999999997e-06
1461061344620,-1.745,1.81e-06
1461061344630,-1.745,1.81e-06
1461061344640,-1.745,1.0859999999999999e-06
1461061344650,-1.745,7.240000000000001e-07
1461061344660,-1.745,1.4480000000000002e-06
1461061344670,-1.745,1.0859999999999999e-06
1461061344680,-1.745,1.81e-06
1461061344690,-1.745,1.4480000000000002e-06
1461061344700,-1.745,2.5340000000000002e-06
1461061344710,-1.745,7.240000000000001e-07
1461061344720,-1.745,1.0859999999999999e-06
1461061344730,-1.745,1.0859999999999999e-06
1461061344740,-1.745,1.4480000000000002e-06
1461061344750,-1.745,1.81e-06
1461061344760,-1.745,1.0859999999999999e-06
1461061344770,-1.745,2.1719999999999997e-06
1461061344780,-1.745,1.0859999999999999e-06
1461061344790,-1.745,1.4480000000000002e-06
1461061344800,-1.745,1.0859999999999999e-06
1461061344810,-1.745,1.4480000000000002e-06
1461061344820,-1.745,1.0859999999999999e-06
1461061344830,-1.745,1.4480000000000002e-06
1461061344840,-1.745,1.0859999999999999e-06
1461061344850,-1.745,7.240000000000001e-07
1461061344860,-1.745,2.8960000000000003e-06
1461061344870,-1.745,1.4480000000000002e-06
1461061344880,-1.745,1.81e-06
1461061344890,-1.745,1.81e-06
1461061344900,-1.745,2.1719999999999997e-06
1461061344910,-1.745,7.240000000000001e-07
1461061344920,-1.745,2.5340000000000002e-06
1461061344930,-1.745,1.4480000000000002e-06
1461061344940,-1.745,1.81e-06
1461061344950,-1.745,1.4480000000000002e-06
1461061344960,-1.745,1.0859999999999999e-06
1461061344970,-1.745,1.0859999999999999e-06
1461061344980,-1.745,1.81e-06
1461061344990,-1.745,0.0
1461061345000,-1.745,1.4480000000000002e-06
1461061345010,-1.745,1.81e-06
1461061345020,-1.745,1.81e-06
1461061345030,-1.745,1.81e-06
1461061345040,-1.745,1.0859999999999999e-06
1461061345050,-1.745,1.81e-06
1461061345060,-1.745,1.4480000000000002e-06
1461061345070,-1.745,3.6200000000000004e-07
1461061345080,-1.745,0.0
1461061345090,-1.745,3.6200000000000004e-07
1461061345100,-1.745,1.81e-06
1461061345110,-1.745,1.0859999999999999e-06
1461061345120,-1.745,1.0859999999999999e-06
1461061345130,-1.745,1.81e-06
1461061345140,-1.745,2.1719999999999997e-06
1461061345150,-1.745,1.81e-06
1461061345160,-1.745,1.81e-06
1461061345170,-1.745,1.0859999999999999e-06
1461061345180,-1.745,1.0859999999999999e-06
1461061345190,-1.745,1.0859999999999999e-06
1461061345200,-1.745,1.0859999999999999e-06
1461061345210,-1.745,2.1719999999999997e-06
1461061345220,-1.745,1.0859999999999999e-06
1461061345230,-1.745,1.4480000000000002e-06
1461061345240,-1.745,7.240000000000001e-07
1461061345250,-1.745,1.4480000000000002e-06
1461061345260,-1.745,7.240000000000001e-07
1461061345270,-1.745,1.4480000000000002e-06
1461061345280,-1.745,1.4480000000000002e-06
1461061345290,-1.745,1.81e-06
1461061345300,-1.745,1.81e-06
1461061345310,-1.745,2.8960000000000003e-06
1461061345320,-1.745,1.0859999999999999e-06
1461061345330,-1.745,1.4480000000000002e-06
1461061345340,-1.745,7.240000000000001e-07
1461061345350,-1.745,1.0859999999999999e-06
1461061345360,-1.745,1.0859999999999999e-06
1461061345370,-1.745,1.0859999999999999e-06
1461061345380,-1.745,1.0859999999999999e-06
1461061345390,-1.745,1.0859999999999999e-06
1461061345400,-1.745,1.4480000000000002e-06
1461061345410,-1.745,1.81e-06
1461061345420,-1.745,1.4480000000000002e-06
1461061345430,-1.745,1.0859999999999999e-06
1461061345440,-1.745,1.81e-06
1461061345450,-1.745,2.1719999999999997e-06
1461061345460,-1.745,1.0859999999999999e-06
1461061345470,-1.745,1.0859999999999999e-06
1461061345480,-1.745,1.4480000000000002e-06
1461061345490,-1.745,1.0859999999999999e-06
1461061345500,-1.745,7.240000000000001e-07
1461061345510,-1.745,1.4480000000000002e-06
1461061345520,-1.745,1.81e-06
1461061345530,-1.745,2.1719999999999997e-06
1461061345540,-1.745,1.4480000000000002e-06
1461061345550,-1.745,7.240000000000001e-07
1461061345560,-1.745,3.6200000000000004e-07
1461061345570,-1.745,1.4480000000000002e-06
1461061345580,-1.745,1.4480000000000002e-06
1461061345590,-1.745,1.4480000000000002e-06
1461061345600,-1.745,1.4480000000000002e-06
1461061345610,-1.745,2.5340000000000002e-06
1461061345620,-1.745,1.81e-06
1461061345630,-1.745,1.81e-06
1461061345640,-1.745,1.4480000000000002e-06
1461061345650,-1.745,2.5340000000000002e-06
1461061345660,-1.745,1.0859999999999999e-06
1461061345670,-1.745,7.240000000000001e-07
1461061345680,-1.745,7.240000000000001e-07
1461061345690,-1.745,7.240000000000001e-07
1461061345700,-1.745,2.1719999999999997e-06
1461061345710,-1.745,7.240000000000001e-07
1461061345720,-1.745,2.5340000000000002e-06
1461061345730,-1.745,2.1719999999999997e-06
1461061345740,-1.745,1.81e-06
1461061345750,-1.745,1.81e-06
1461061345760,-1.745,7.240000000000001e-07
1461061345770,-1.745,1.81e-06
1461061345780,-1.745,1.0859999999999999e-06
1461061345790,-1.745,1.0859999999999999e-06
1461061345800,-1.745,3.6200000000000004e-07
1461061345810,-1.745,1.81e-06
1461061345820,-1.745,1.0859999999999999e-06
1461061345830,-1.745,2.1719999999999997e-06
1461061345840,-1.745,1.0859999999999999e-06
1461061345850,-1.745,1.4480000000000002e-06
1461061345860,-1.745,1.4480000000000002e-06
1461061345870,-1.745,1.0859999999999999e-06
1461061345880,-1.745,2.1719999999999997e-06
1461061345890,-1.745,2.5340000000000002e-06
1461061345900,-1.745,2.8960000000000003e-06
1461061345910,-1.745,5.0680000000000004e-06
1461061345920,-1.745,5.0680000000000004e-06
1461061345930,-1.745,1.81e-06
1461061345940,-1.745,3.258e-06
1461061345950,-1.745,1.0859999999999999e-06
1461061345960,-1.745,1.0859999999999999e-06
1461061345970,-1.745,1.4480000000000002e-06
1461061345980,-1.755,7.240000000000001e-07
1461061345990,-1.755,1.0859999999999999e-06
1461061346000,-1.755,1.4480000000000002e-06
1461061346010,-1.755,1.0859999999999999e-06
1461061346020,-1.755,1.4480000000000002e-06
1461061346030,-1.755,1.81e-06
1461061346040,-1.755,1.0859999999999999e-06
1461061346050,-1.755,1.81e-06
1461061346060,-1.755,7.240000000000001e-07
1461061346070,-1.755,1.81e-06
1461061346080,-1.755,1.0859999999999999e-06
1461061346090,-1.755,7.240000000000001e-07
1461061346100,-1.755,1.81e-06
1461061346110,-1.755,7.240000000000001e-07
1461061346120,-1.755,1.81e-06
1461061346130,-1.755,1.0859999999999999e-06
1461061346140,-1.755,1.0859999999999999e-06
1461061346150,-1.755,1.4480000000000002e-06
1461061346160,-1.755,1.0859999999999999e-06
1461061346170,-1.755,1.0859999999999999e-06
1461061346180,-1.755,1.4480000000000002e-06
1461061346190,-1.755,1.0859999999999999e-06
1461061346200,-1.755,1.4480000000000002e-06
1461061346210,-1.755,1.0859999999999999e-06
1461061346220,-1.755,1.4480000000000002e-06
1461061346230,-1.755,2.1719999999999997e-06
1461061346240,-1.755,3.6200000000000004e-07
1461061346250,-1.755,2.1719999999999997e-06
1461061346260,-1.755,2.1719999999999997e-06
1461061346270,-1.755,1.0859999999999999e-06
1461061346280,-1.755,7.240000000000001e-07
1461061346290,-1.755,7.240000000000001e-07
1461061346300,-1.755,1.4480000000000002e-06
1461061346310,-1.755,1.0859999999999999e-06
1461061346320,-1.755,1.81e-06
1461061346330,-1.755,1.0859999999999999e-06
1461061346340,-1.755,1.4480000000000002e-06
1461061346350,-1.755,1.81e-06
1461061346360,-1.755,1.81e-06
1461061346370,-1.755,1.0859999999999999e-06
1461061346380,-1.755,1.4480000000000002e-06
1461061346390,-1.755,1.4480000000000002e-06
1461061346400,-1.755,1.0859999999999999e-06
1461061346410,-1.755,1.4480000000000002e-06
1461061346420,-1.755,2.1719999999999997e-06
1461061346430,-1.755,1.0859999999999999e-06
1461061346440,-1.755,1.4480000000000002e-06
1461061346450,-1.755,1.4480000000000002e-06
1461061346460,-1.755,1.4480000000000002e-06
1461061346470,-1.755,1.4480000000000002e-06
1461061346480,-1.755,1.0859999999999999e-06
1461061346490,-1.755,2.5340000000000002e-06
1461061346500,-1.755,2.8960000000000003e-06
1461061346510,-1.755,2.1719999999999997e-06
1461061346520,-1.755,1.0859999999999999e-06
1461061346530,-1.755,1.81e-06
1461061346540,-1.755,1.81e-06
1461061346550,-1.755,7.240000000000001e-07
1461061346560,-1.755,2.1719999999999997e-06
1461061346570,-1.755,1.4480000000000002e-06
1461061346580,-1.755,1.4480000000000002e-06
1461061346590,-1.755,2.5340000000000002e-06
1461061346600,-1.755,1.0859999999999999e-06
1461061346610,-1.755,1.81e-06
1461061346620,-1.755,1.0859999999999999e-06
1461061346630,-1.755,1.4480000000000002e-06
1461061346640,-1.755,1.0859999999999999e-06
1461061346650,-1.755,1.4480000000000002e-06
1461061346660,-1.755,1.0859999999999999e-06
1461061346670,-1.755,2.1719999999999997e-06
1461061346680,-1.755,3.6200000000000004e-07
1461061346690,-1.755,2.8960000000000003e-06
1461061346700,-1.755,1.0859999999999999e-06
1461061346710,-1.755,1.0859999999999999e-06
1461061346720,-1.755,1.0859999999999999e-06
1461061346730,-1.755,1.81e-06
1461061346740,-1.755,1.0859999999999999e-06
1461061346750,-1.755,1.4480000000000002e-06
1461061346760,-1.755,1.81e-06
1461061346770,-1.755,7.240000000000001e-07
1461061346780,-1.755,1.81e-06
1461061346790,-1.755,1.4480000000000002e-06
1461061346800,-1.755,1.0859999999999999e-06
1461061346810,-1.755,2.1719999999999997e-06
1461061346820,-1.755,2.1719999999999997e-06
1461061346830,-1.755,2.8960000000000003e-06
1461061346840,-1.755,5.43e-06
1461061346850,-1.755,1.7738e-05
1461061346860,-1.755,7.24e-06
1461061346870,-1.755,1.8100000000000003e-05
1461061346880,-1.755,2.5340000000000002e-06
1461061346890,-1.755,2.1719999999999997e-06
1461061346900,-1.755,1.81e-06
1461061346910,-1.755,2.8960000000000003e-06
1461061346920,-1.755,3.258e-06
1461061346930,-1.755,5.43e-06
1461061346940,-1.755,2.9321999999999998e-05
1461061346950,-1.755,7.964e-06
1461061346960,-1.755,1.4842000000000001e-05
1461061346970,-1.755,4.343999999999999e-06
1461061346980,-1.755,5.792000000000001e-06
1461061346990,-1.755,3.62e-06
1461061347000,-1.755,1.4480000000000002e-06
1461061347010,-1.755,2.5340000000000002e-06
1461061347020,-1.755,1.4480000000000002e-06
1461061347030,-1.755,3.258e-06
1461061347040,-1.755,1.4480000000000002e-06
1461061347050,-1.755,2.5340000000000002e-06
1461061347060,-1.755,1.4480000000000002e-06
1461061347070,-1.755,2.1719999999999997e-06
1461061347080,-1.755,1.4480000000000002e-06
1461061347090,-1.755,1.0859999999999999e-06
1461061347100,-1.755,1.81e-06
1461061347110,-1.755,2.5340000000000002e-06
1461061347120,-1.755,2.8960000000000003e-06
1461061347130,-1.755,1.4480000000000002e-06
1461061347140,-1.755,2.1719999999999997e-06
1461061347150,-1.755,2.1719999999999997e-06
1461061347160,-1.755,1.81e-06
1461061347170,-1.755,1.4480000000000002e-06
1461061347180,-1.755,2.1719999999999997e-06
1461061347190,-1.755,2.1719999999999997e-06
1461061347200,-1.755,1.81e-06
1461061347210,-1.755,2.5340000000000002e-06
1461061347220,-1.755,1.4480000000000002e-06
1461061347230,-1.755,1.81e-06
1461061347240,-1.755,1.4480000000000002e-06
1461061347250,-1.755,7.240000000000001e-07
1461061347260,-1.755,1.4480000000000002e-06
1461061347270,-1.755,7.240000000000001e-07
1461061347280,-1.755,2.8960000000000003e-06
1461061347290,-1.755,1.4480000000000002e-06
1461061347300,-1.755,1.81e-06
1461061347310,-1.755,1.4480000000000002e-06
1461061347320,-1.755,7.240000000000001e-07
1461061347330,-1.755,1.4480000000000002e-06
1461061347340,-1.755,1.4480000000000002e-06
1461061347350,-1.755,2.1719999999999997e-06
1461061347360,-1.755,7.240000000000001e-07
1461061347370,-1.755,1.81e-06
1461061347380,-1.755,7.240000000000001e-07
1461061347390,-1.755,3.258e-06
1461061347400,-1.755,1.81e-06
1461061347410,-1.755,1.81e-06
1461061347420,-1.755,1.81e-06
1461061347430,-1.755,1.0859999999999999e-06
1461061347440,-1.755,3.6200000000000004e-07
1461061347450,-1.755,2.1719999999999997e-06
1461061347460,-1.755,1.4480000000000002e-06
1461061347470,-1.755,2.5340000000000002e-06
1461061347480,-1.755,2.8960000000000003e-06
1461061347490,-1.755,1.4480000000000002e-06
1461061347500,-1.755,1.0859999999999999e-06
1461061347510,-1.755,1.0859999999999999e-06
1461061347520,-1.755,7.240000000000001e-07
1461061347530,-1.755,1.81e-06
1461061347540,-1.755,2.1719999999999997e-06
1461061347550,-1.755,4.706e-06
1461061347560,-1.755,6.154e-06
1461061347570,-1.755,6.154e-06
1461061347580,-1.755,2.5340000000000002e-06
1461061347590,-1.755,2.1719999999999997e-06
1461061347600,-1.755,2.1719999999999997e-06
1461061347610,-1.755,7.240000000000001e-07
1461061347620,-1.755,1.81e-06
1461061347630,-1.755,2.5340000000000002e-06
1461061347640,-1.755,2.5340000000000002e-06
1461061347650,-1.755,6.154e-06
1461061347660,-1.755,3.62e-06
1461061347670,-1.755,2.8960000000000003e-06
1461061347680,-1.755,1.81e-06
1461061347690,-1.755,1.0859999999999999e-06
1461061347700,-1.755,1.4480000000000002e-06
1461061347710,-1.755,1.4480000000000002e-06
1461061347720,-1.755,1.81e-06
1461061347730,-1.755,3.62e-06
1461061347740,-1.755,3.258e-06
1461061347750,-1.755,2.8960000000000003e-06
1461061347760,-1.755,3.62e-06
1461061347770,-1.755,1.81e-06
1461061347780,-1.755,1.0859999999999999e-06
1461061347790,-1.755,1.4480000000000002e-06
1461061347800,-1.755,0.0
1461061347810,-1.755,1.4480000000000002e-06
1461061347820,-1.755,2.1719999999999997e-06
1461061347830,-1.755,4.343999999999999e-06
1461061347840,-1.755,7.24e-06
1461061347850,-1.755,8.687999999999999e-06
1461061347860,-1.755,4.343999999999999e-06
1461061347870,-1.755,1.0859999999999999e-06
1461061347880,-1.755,7.240000000000001e-07
1461061347890,-1.755,1.4480000000000002e-06
1461061347900,-1.755,1.4480000000000002e-06
1461061347910,-1.755,7.240000000000001e-07
1461061347920,-1.755,2.5340000000000002e-06
1461061347930,-1.755,4.343999999999999e-06
1461061347940,-1.755,2.8960000000000003e-06
1461061347950,-1.755,2.8960000000000003e-06
1461061347960,-1.755,2.1719999999999997e-06
1461061347970,-1.755,1.4480000000000002e-06
1461061347980,-1.755,1.0859999999999999e-06
1461061347990,-1.755,1.4480000000000002e-06
1461061348000,-1.755,7.240000000000001e-07
1461061348010,-1.755,1.81e-06
1461061348020,-1.755,2.8960000000000003e-06
1461061348030,-1.755,4.706e-06
1461061348040,-1.755,4.706e-06
1461061348050,-1.755,3.62e-06
1461061348060,-1.755,1.81e-06
1461061348070,-1.755,1.81e-06
1461061348080,-1.755,1.0859999999999999e-06
1461061348090,-1.755,1.81e-06
1461061348100,-1.755,1.4480000000000002e-06
1461061348110,-1.755,1.4480000000000002e-06
1461061348120,-1.755,1.4480000000000002e-06
1461061348130,-1.755,1.81e-06
1461061348140,-1.755,2.1719999999999997e-06
1461061348150,-1.755,2.1719999999999997e-06
1461061348160,-1.755,7.240000000000001e-07
1461061348170,-1.755,3.6200000000000004e-07
1461061348180,-1.755,1.0859999999999999e-06
1461061348190,-1.755,1.4480000000000002e-06
1461061348200,-1.755,1.4480000000000002e-06
1461061348210,-1.755,1.4480000000000002e-06
1461061348220,-1.755,1.81e-06
1461061348230,-1.755,2.1719999999999997e-06
1461061348240,-1.755,1.4480000000000002e-06
1461061348250,-1.755,1.4480000000000002e-06
1461061348260,-1.755,2.1719999999999997e-06
1461061348270,-1.755,1.81e-06
1461061348280,-1.755,2.1719999999999997e-06
1461061348290,-1.755,1.4480000000000002e-06
1461061348300,-1.755,7.240000000000001e-07
1461061348310,-1.755,1.4480000000000002e-06
1461061348320,-1.755,7.240000000000001e-07
1461061348330,-1.755,2.1719999999999997e-06
1461061348340,-1.755,1.4480000000000002e-06
1461061348350,-1.755,1.4480000000000002e-06
1461061348360,-1.755,1.81e-06
1461061348370,-1.755,1.81e-06
1461061348380,-1.755,3.6200000000000004e-07
1461061348390,-1.755,2.1719999999999997e-06
1461061348400,-1.755,3.6200000000000004e-07
1461061348410,-1.755,7.240000000000001e-07
1461061348420,-1.755,3.6200000000000004e-07
1461061348430,-1.755,1.4480000000000002e-06
1461061348440,-1.755,1.4480000000000002e-06
1461061348450,-1.755,2.1719999999999997e-06
1461061348460,-1.755,1.81e-06
1461061348470,-1.755,1.81e-06
1461061348480,-1.755,7.240000000000001e-07
1461061348490,-1.755,7.240000000000001e-07
1461061348500,-1.755,7.240000000000001e-07
1461061348510,-1.755,1.81e-06
1461061348520,-1.755,2.1719999999999997e-06
1461061348530,-1.755,2.5340000000000002e-06
1461061348540,-1.755,2.8960000000000003e-06
1461061348550,-1.755,1.4480000000000002e-06
1461061348560,-1.755,1.4480000000000002e-06
1461061348570,-1.755,1.0859999999999999e-06
1461061348580,-1.755,1.0859999999999999e-06
1461061348590,-1.755,1.0859999999999999e-06
1461061348600,-1.755,7.240000000000001e-07
1461061348610,-1.755,1.4480000000000002e-06
1461061348620,-1.755,1.0859999999999999e-06
1461061348630,-1.755,1.81e-06
1461061348640,-1.755,7.240000000000001e-07
1461061348650,-1.755,1.81e-06
1461061348660,-1.755,1.0859999999999999e-06
1461061348670,-1.755,1.4480000000000002e-06
1461061348680,-1.755,1.4480000000000002e-06
1461061348690,-1.755,2.5340000000000002e-06
1461061348700,-1.755,1.4480000000000002e-06
1461061348710,-1.755,3.982e-06
1461061348720,-1.755,2.1719999999999997e-06
1461061348730,-1.755,1.81e-06
1461061348740,-1.755,1.4480000000000002e-06
1461061348750,-1.755,1.0859999999999999e-06
1461061348760,-1.755,3.6200000000000004e-07
1461061348770,-1.755,1.0859999999999999e-06
1461061348780,-1.755,1.0859999999999999e-06
1461061348790,-1.755,7.240000000000001e-07
1461061348800,-1.755,1.4480000000000002e-06
1461061348810,-1.755,1.0859999999999999e-06
1461061348820,-1.755,3.6200000000000004e-07
1461061348830,-1.755,1.81e-06
1461061348840,-1.755,1.81e-06
1461061348850,-1.755,1.81e-06
1461061348860,-1.755,2.5340000000000002e-06
1461061348870,-1.755,1.4480000000000002e-06
1461061348880,-1.755,1.4480000000000002e-06
1461061348890,-1.755,7.240000000000001e-07
1461061348900,-1.755,1.0859999999999999e-06
1461061348910,-1.755,1.4480000000000002e-06
1461061348920,-1.755,7.240000000000001e-07
1461061348930,-1.755,7.240000000000001e-07
1461061348940,-1.755,1.81e-06
1461061348950,-1.755,3.62e-06
1461061348960,-1.755,3.62e-06
1461061348970,-1.755,2.8960000000000003e-06
1461061348980,-1.755,1.81e-06
1461061348990,-1.755,2.1719999999999997e-06
1461061349000,-1.755,7.240000000000001e-07
1461061349010,-1.755,1.4480000000000002e-06
1461061349020,-1.755,1.81e-06
1461061349030,-1.755,2.1719999999999997e-06
1461061349060,-1.755,5.0680000000000004e-06
1461061349070,-1.755,6.516e-06
1461061349080,-1.755,3.62e-06
1461061349090,-1.755,1.81e-06
1461061349100,-1.755,1.81e-06
1461061349110,-1.755,1.0859999999999999e-06
1461061349120,-1.755,1.4480000000000002e-06
1461061349130,-1.755,1.81e-06
1461061349140,-1.755,2.8960000000000003e-06
1461061349150,-1.755,7.602e-06
1461061349160,-1.755,1.0498e-05
1461061349170,-1.755,6.154e-06
1461061349180,-1.755,3.62e-06
1461061349190,-1.755,1.81e-06
1461061349200,-1.755,0.0
1461061349210,-1.755,0.0
1461061349220,-1.755,7.240000000000001e-07
1461061349230,-1.755,1.0859999999999999e-06
1461061349240,-1.755,1.4480000000000002e-06
1461061349250,-1.755,1.81e-06
1461061349260,-1.755,1.81e-06
1461061349270,-1.755,1.4480000000000002e-06
1461061349280,-1.755,1.0859999999999999e-06
1461061349290,-1.755,1.0859999999999999e-06
1461061349300,-1.755,1.0859999999999999e-06
1461061349310,-1.755,1.4480000000000002e-06
1461061349320,-1.755,1.0859999999999999e-06
1461061349330,-1.755,4.343999999999999e-06
1461061349340,-1.755,2.8960000000000003e-06
1461061349350,-1.755,3.62e-06
1461061349360,-1.755,2.1719999999999997e-06
1461061349370,-1.755,2.5340000000000002e-06
1461061349380,-1.755,7.240000000000001e-07
1461061349390,-1.755,1.0859999999999999e-06
1461061349400,-1.755,7.240000000000001e-07
1461061349410,-1.755,1.4480000000000002e-06
1461061349420,-1.755,2.1719999999999997e-06
1461061349430,-1.755,2.5340000000000002e-06
1461061349440,-1.755,2.1719999999999997e-06
1461061349450,-1.755,2.8960000000000003e-06
1461061349460,-1.755,1.4480000000000002e-06
1461061349470,-1.755,7.240000000000001e-07
1461061349480,-1.755,1.0859999999999999e-06
1461061349490,-1.755,1.4480000000000002e-06
1461061349500,-1.755,1.0859999999999999e-06
1461061349510,-1.755,1.0859999999999999e-06
1461061349520,-1.755,1.0859999999999999e-06
1461061349530,-1.755,2.1719999999999997e-06
1461061349540,-1.755,1.0859999999999999e-06
1461061349550,-1.755,1.81e-06
1461061349560,-1.755,7.240000000000001e-07
1461061349570,-1.755,1.4480000000000002e-06
1461061349580,-1.755,1.0859999999999999e-06
1461061349590,-1.755,1.0859999999999999e-06
1461061349600,-1.755,3.6200000000000004e-07
1461061349610,-1.755,2.5340000000000002e-06
1461061349620,-1.755,2.1719999999999997e-06
1461061349630,-1.755,2.5340000000000002e-06
1461061349640,-1.755,1.81e-06
1461061349650,-1.755,1.4480000000000002e-06
1461061349660,-1.755,1.81e-06
1461061349670,-1.755,7.240000000000001e-07
1461061349680,-1.755,1.4480000000000002e-06
1461061349690,-1.755,2.5340000000000002e-06
1461061349700,-1.755,2.1719999999999997e-06
1461061349710,-1.755,1.81e-06
1461061349720,-1.755,1.0859999999999999e-06
1461061349730,-1.755,1.81e-06
1461061349740,-1.755,7.240000000000001e-07
1461061349750,-1.755,1.0859999999999999e-06
1461061349760,-1.755,7.240000000000001e-07
1461061349770,-1.755,1.4480000000000002e-06
1461061349780,-1.755,7.240000000000001e-07
1461061349790,-1.755,1.4480000000000002e-06
1461061349800,-1.755,1.4480000000000002e-06
1461061349810,-1.755,2.5340000000000002e-06
1461061349820,-1.755,1.0859999999999999e-06
1461061349830,-1.755,1.81e-06
1461061349840,-1.755,3.6200000000000004e-07
1461061349850,-1.755,1.4480000000000002e-06
1461061349860,-1.755,1.4480000000000002e-06
1461061349870,-1.755,2.5340000000000002e-06
1461061349880,-1.755,1.4480000000000002e-06
1461061349890,-1.755,1.81e-06
1461061349910,-1.755,1.4480000000000002e-06
1461061349920,-1.755,1.0859999999999999e-06
1461061349930,-1.755,1.4480000000000002e-06
1461061349940,-1.755,1.81e-06
1461061349950,-1.755,1.4480000000000002e-06
1461061349960,-1.755,1.81e-06
1461061349970,-1.755,1.4480000000000002e-06
1461061349980,-1.755,1.4480000000000002e-06
