jaw,height,position,Maximum value,decay_a,decay_b,decay_c,spike,collimator_type,beam_type,beam_state
1,1.0355010000000002,16.682742170171373,1.4480000000000004,1.0183137006679726,16.241068566503515,0.4296861519770389,0,TCSP,PROTON,FT
1,7.640372,18.256769095953416,7.9639999999999995,-50.02247739919947,172.73758299933675,57.98647739919857,0,TCSP,PROTON,FT
1,2.5877570000000008,17.718104732969202,2.8960000000000012,2.892867092862631,0.634125386461603,0.3240774779782746,0,TCSP,PROTON,FT
1,0.5473439999999999,35.718846843318936,1.0859999999999999,0.5503183343820257,1.6458914193031378,0.5430703430941366,0,TCP,PROTON,FT
0,65.48598100000001,17.110255656186247,65.884,6.618133432579571,37.45157485069709,59.26586656742037,0,TCSP,PROTON,FT
1,0.7740310465698548,18.47103972025964,1.0859999999999999,0.7566343857290759,22.225372457342747,0.3293656094060258,0,TCSP,PROTON,FT
0,0.4139470000000001,18.577222859492906,0.7240000000000002,0.3970517527187622,34.034234331867786,0.3269482472806219,0,TCSP,PROTON,FT
1,0.672415,16.2552286841565,1.0859999999999999,0.5294023260419795,21.38537943778392,0.5565976630006163,0,TCSP,PROTON,FT
1,2.744684,15.124625988920055,3.258,1.4047823471533498,0.01032189218040046,0.4077742920348828,0,TCP,PROTON,FT
1,0.76925,19.208958223895635,1.0859999999999999,0.6943873130958852,23.332816478995987,0.3916126869039774,0,TCSP,PROTON,FT
1,0.8443645468202308,15.983174647601574,1.4480000000000004,1.0025804347932972,1.2161940364454842,0.3975009197338691,0,TCSP,PROTON,FT
0,0.7668969999999999,17.264413138063425,1.0859999999999999,0.7745586428527157,19.708639700267504,0.3114413406703957,0,TCSP,PROTON,FT
1,1.1906179999999995,38.667145398628286,1.81,1.2117027679056376,19.173805263125587,0.5982971637606036,0,TCP,PROTON,FT
0,1.1659767441860471,16.878292631760637,1.4480000000000004,1.1309825952990895,3.6668498945027137,0.3172164916013061,0,TCSP,PROTON,FT
1,1.7376,14.923467206025025,2.1719999999999997,1.5790689646530471,32.82993918253354,0.5929310353469583,0,TCP,PROTON,FT
0,0.7529600000000001,14.889772024301276,1.0859999999999999,0.7387325305243897,19.93554724031336,0.3472674414562733,0,TCSP,PROTON,FT
0,0.9046380000000004,31.470990498661408,1.4480000000000004,0.9130307166023272,27.111409020320874,0.5349692833976553,0,TCP,PROTON,FT
1,1.19421932899349,34.08954504042598,1.81,1.2074069532704017,29.77616446942461,0.6025930467295879,0,TCP,PROTON,FT
1,0.7754812218327491,18.83785420124729,1.0859999999999999,0.7814123524591807,24.34067848651813,0.30458764608873284,0,TCSP,PROTON,FT
0,2.5877570000000008,18.19110235319012,2.8960000000000012,2.892867092862631,0.634125386461603,0.3240774779782746,0,TCSP,PROTON,FT
0,0.8224640000000002,16.80933079566593,1.4480000000000004,1.057792200217064,19.35822769407573,0.3902077964053778,0,TCP,PROTON,FT
1,1.551713,37.89128093113636,2.1719999999999997,1.5676594136233648,19.176945935417415,0.6043405679483719,0,TCP,PROTON,FT
1,0.9196610000000004,38.395578238582594,1.4480000000000004,0.8938196997809109,33.85461362815553,0.5541803002189696,0,TCP,PROTON,FT
1,0.7672589999999999,19.578174416363034,1.0859999999999999,0.7519510810946063,3.924029964343223,0.3341748201154751,0,TCSP,PROTON,FT
0,0.7672589999999999,18.82030960024575,1.0859999999999999,0.7519510810946063,3.924029964343223,0.3341748201154751,0,TCSP,PROTON,FT
1,0.671872,16.332958408886476,1.0859999999999999,0.5191285499128707,22.98679252521025,0.5668714500871038,0,TCSP,PROTON,FT
1,1.0264510000000002,16.566147583076408,1.4480000000000004,1.078747913134894,23.58106355620028,0.3692520868400597,0,TCSP,PROTON,FT
1,1.397501,16.21636382179151,1.81,0.912053848790707,0.15324595391689202,0.5510046126312914,0,TCSP,PROTON,FT
1,1.2753259999999995,37.619714066042405,1.81,1.2745542353204429,19.236221301634306,0.5354457433876512,0,TCP,PROTON,FT
1,1.6398599999999999,39.13264920249578,2.1719999999999997,1.6190283807757728,36.26868216084126,0.5529716192242337,0,TCP,PROTON,FT
1,1.29415,14.822887814577513,1.81,1.1262222222227156,30.697364262805344,0.6837777777919756,0,TCP,PROTON,FT
1,1.55821331997997,34.865409507917896,2.1719999999999997,1.5629206356666978,22.582892536914226,0.6090793643321689,0,TCP,PROTON,FT
1,1.0280800000000003,16.605012445441393,1.4480000000000004,1.078747913134894,23.58106355620028,0.3692520868400597,0,TCSP,PROTON,FT
1,1.2755069999999995,36.49471101585913,1.81,1.2655285974640318,2.103767511669267,0.5454243839962359,0,TCP,PROTON,FT
0,0.9118780000000004,32.59599354884469,1.4480000000000004,0.8968955095018175,19.6782067121642,0.5511044779309386,0,TCP,PROTON,FT
1,0.672415,16.294093546521484,1.0859999999999999,0.5155025041487336,24.559389139591822,0.5704974958507065,0,TCSP,PROTON,FT
0,0.76925,18.451093407778355,1.0859999999999999,0.6943873130958852,23.332816478995987,0.3916126869039774,0,TCSP,PROTON,FT
1,1.644023,38.74471711622568,2.1719999999999997,1.6190283807757728,36.26868216084126,0.5529716192242337,0,TCP,PROTON,FT
0,1.414515,17.312227752903507,1.81,1.4051827814069362,20.33363893094762,0.4048172067877042,0,TCP,PROTON,FT
0,1.55821331997997,33.99256198198949,2.1719999999999997,1.5629206356666978,22.582892536914226,0.6090793643321689,0,TCP,PROTON,FT
1,0.665718,16.52728272071142,1.0859999999999999,0.7131218520127367,19.072896683209922,0.3728781304561997,0,TCSP,PROTON,FT
0,1.551713,37.01843340520795,2.1719999999999997,1.5676594136233648,19.176945935417415,0.6043405679483719,0,TCP,PROTON,FT
1,3.00929494241362,33.352473796308665,3.62,3.0347666659583745,34.349425190021556,0.5852333340581487,0,TCP,PROTON,FT
0,1.8232733333333333,19.07366500156282,2.1719999999999997,0.6036139735330344,0.011640703062489549,0.3891836429208077,0,TCP,PROTON,FT
0,1.552799,37.40636563895392,2.1719999999999997,1.5676594136233648,19.176945935417415,0.6043405679483719,0,TCP,PROTON,FT
0,1.1260010000000005,17.69322859166108,1.4480000000000004,-30.546394060839248,103.65503880056022,31.99439406083904,0,TCSP,PROTON,FT
1,1.043582373560341,16.877066481996316,1.4480000000000004,1.0898972551608548,0.4426487037487771,0.4528512692201972,0,TCSP,PROTON,FT
0,1.644023,36.00979590802152,2.1719999999999997,1.6190283807757728,36.26868216084126,0.5529716192242337,0,TCP,PROTON,FT
1,25.371494000000002,18.062444784128466,25.702,-35.80415686082026,143.32262659844844,61.50615687759764,0,TCSP,PROTON,FT
0,1.27786,35.27272494410834,1.81,1.2745542353204429,19.236221301634306,0.5354457433876512,0,TCP,PROTON,FT
1,5.797429999999999,14.590528631916616,6.8779999999999974,4.870186408502456,0.1886711462927285,1.3826921490363815,0,TCSP,PROTON,FT
1,1.405284,16.79933675726634,1.81,1.307841493203984,0.8634788053322651,0.4481275030171167,0,TCSP,PROTON,FT
0,2.1339900000000003,18.856094678351077,2.5340000000000003,1.998554241931657,21.099263428761766,0.5354457420992439,0,TCP,PROTON,FT
1,1.398768,16.76047189490135,1.81,1.4801300208980712,0.6022277374111121,0.4603205689168172,0,TCSP,PROTON,FT
1,0.8347720000000002,36.7662774532731,1.4480000000000004,0.8339898715028289,17.816172770068285,0.614010018179679,0,TCP,PROTON,FT
0,2.5877570000000008,18.017348125353863,2.8960000000000012,2.892867092862631,0.634125386461603,0.3240774779782746,0,TCSP,PROTON,FT
0,0.9086200000000004,31.858922584931513,1.4480000000000004,0.9066208290812284,17.271543825369864,0.5413791060570098,0,TCP,PROTON,FT
0,1.1278110000000003,17.868120472303527,1.4480000000000004,-12.118237066065591,43.52447336436573,13.566237065810885,0,TCSP,PROTON,FT
1,0.6682520000000001,16.371823271251465,1.0859999999999999,0.6962003287610435,19.192428411628967,0.389799666627669,0,TCSP,PROTON,FT
1,1.1962289999999998,35.60248075203521,1.81,1.2020333882975143,37.67743272381495,0.6079666117024864,0,TCP,PROTON,FT
1,0.9107920000000004,34.98177587940576,1.4480000000000004,0.8968955095018175,19.6782067121642,0.5511044779309386,0,TCP,PROTON,FT
1,1.0467230000000003,16.838201619631327,1.4480000000000004,1.0898972551608548,0.4426487037487771,0.4528512692201972,0,TCSP,PROTON,FT
0,0.7754812218327491,19.13709759363195,1.0859999999999999,0.7814123524591807,24.34067848651813,0.30458764608873284,0,TCSP,PROTON,FT
0,0.776309,18.384162606341512,1.0859999999999999,0.7520917103548561,42.619135717496455,0.33390828964493474,0,TCSP,PROTON,FT
1,1.0380350000000005,16.643877307806385,1.4480000000000004,1.0183137006679726,16.241068566503515,0.4296861519770389,0,TCSP,PROTON,FT
0,0.766716,18.645417719603298,1.0859999999999999,0.4541856871383138,0.19722017311593096,0.3493241852907144,0,TCSP,PROTON,FT
0,1.1953239999999998,36.28136216109064,1.81,1.2002203634140305,22.91591319108551,0.609779632800751,0,TCP,PROTON,FT
1,0.7791193415637858,15.826114252085535,1.0859999999999999,0.7618036743786214,3.618709270339692,0.3244232660137495,0,TCSP,PROTON,FT
1,0.4139470000000001,18.27797946710824,0.7240000000000002,0.3970517527187622,34.034234331867786,0.3269482472806219,0,TCSP,PROTON,FT
0,0.7712410000000001,18.256769095953416,1.0859999999999999,0.3384306112134687,27.86297698900595,0.7475692867697901,0,TCSP,PROTON,FT
1,0.77468,17.525044479817804,1.0859999999999999,0.7650599991833911,2.8018284977840824,0.3207749425068461,0,TCSP,PROTON,FT
0,1.6398599999999999,36.397727994291614,2.1719999999999997,1.6190283807757728,36.26868216084126,0.5529716192242337,0,TCP,PROTON,FT
1,3.007663495242864,33.74040603005462,3.62,3.0347666659583745,34.349425190021556,0.5852333340581487,0,TCP,PROTON,FT
0,0.7858963730569949,16.31841789762159,1.0859999999999999,0.7623068782952859,35.52864070518478,0.3236931217040019,0,TCSP,PROTON,FT
0,0.78373,16.027680476598412,1.0859999999999999,0.771059992100031,19.913473998735608,0.3149400002919573,0,TCP,PROTON,FT
1,2.5877570000000008,17.891858960805454,2.8960000000000012,2.892867092862631,0.634125386461603,0.3240774779782746,0,TCSP,PROTON,FT
0,1.2755069999999995,33.75978980765497,1.81,1.2655285974640318,2.103767511669267,0.5454243839962359,0,TCP,PROTON,FT
1,0.9118780000000004,35.33091475704885,1.4480000000000004,0.8968955095018175,19.6782067121642,0.5511044779309386,0,TCP,PROTON,FT
1,1.400397,16.721607032536358,1.81,1.4801300208980712,0.6022277374111121,0.4603205689168172,0,TCSP,PROTON,FT
0,1.5574882323485228,33.60462974824353,2.1719999999999997,1.5629206356666978,22.582892536914226,0.6090793643321689,0,TCP,PROTON,FT
0,1.1962289999999998,34.72963322610681,1.81,1.2020333882975143,37.67743272381495,0.6079666117024864,0,TCP,PROTON,FT
1,1.274783,37.23178197977231,1.81,1.2757629129796737,20.67701869388095,0.5342370620602905,0,TCP,PROTON,FT
0,3.93132,21.733903395617247,4.706,1.751561641563566,0.0425856549219803,1.0021941525437672,0,TCP,PROTON,FT
0,3.007663495242864,32.86755850412621,3.62,3.0347666659583745,34.349425190021556,0.5852333340581487,0,TCP,PROTON,FT
0,0.7740310465698548,18.7702831126443,1.0859999999999999,0.7566343857290759,22.225372457342747,0.3293656094060258,0,TCSP,PROTON,FT
1,1.274964,36.88264310212922,1.81,1.2655285974640318,2.103767511669267,0.5454243839962359,0,TCP,PROTON,FT
1,1.552799,38.27921316488232,2.1719999999999997,1.5676594136233648,19.176945935417415,0.6043405679483719,0,TCP,PROTON,FT
0,0.5473439999999999,32.98392563511479,1.0859999999999999,0.5503183343820257,1.6458914193031378,0.5430703430941366,0,TCP,PROTON,FT
0,0.8347720000000002,35.89342992734468,1.4480000000000004,0.8339898715028289,17.816172770068285,0.614010018179679,0,TCP,PROTON,FT
1,0.6761442163244866,16.915931344361304,1.0859999999999999,0.6708178417698675,15.379905232281327,0.4151819766096351,0,TCSP,PROTON,FT
0,1.1424408602150542,16.685232378609246,1.4480000000000004,1.1309825952990895,3.6668498945027137,0.3172164916013061,0,TCSP,PROTON,FT
0,25.371494000000002,17.30457996801119,25.702,-35.80415686082026,143.32262659844844,61.50615687759764,0,TCSP,PROTON,FT
1,1.1659767441860471,16.579049239375973,1.4480000000000004,1.1309825952990895,3.6668498945027137,0.3172164916013061,0,TCSP,PROTON,FT
1,1.5574882323485228,34.477477274171946,2.1719999999999997,1.5629206356666978,22.582892536914226,0.6090793643321689,0,TCP,PROTON,FT
0,1.2753259999999995,34.88479285783825,1.81,1.2745542353204429,19.236221301634306,0.5354457433876512,0,TCP,PROTON,FT
1,1.277136,39.52058128876587,1.81,1.2552153590603348,40.21431033214774,0.5547846409396467,0,TCP,PROTON,FT
0,0.7860209790209791,16.49217212545785,1.0859999999999999,0.7672423206309708,26.344787204313988,0.3187576793690264,0,TCSP,PROTON,FT
0,0.773594,17.631227619051074,1.0859999999999999,0.7670760342019082,2.8510104462931047,0.3189220637195519,0,TCSP,PROTON,FT
0,1.544111,22.393388192985373,2.1719999999999997,1.5358434447636038,37.35265831108944,0.6361565552412896,0,TCP,PROTON,FT
1,1.0280800000000003,16.45926921157269,1.4480000000000004,1.0860010044995896,6.822302126299668,0.36199816066922497,0,TCSP,PROTON,FT
0,0.9196610000000004,35.66065703037844,1.4480000000000004,0.8938196997809109,33.85461362815553,0.5541803002189696,0,TCP,PROTON,FT
1,1.1260010000000005,18.45109340777836,1.4480000000000004,-30.546394060839248,103.65503880056022,31.99439406083904,0,TCSP,PROTON,FT
1,0.7668969999999999,16.965169745678757,1.0859999999999999,0.7745586428527157,19.708639700267504,0.3114413406703957,0,TCSP,PROTON,FT
1,1.1953239999999998,37.15420968701904,1.81,1.2002203634140305,22.91591319108551,0.609779632800751,0,TCP,PROTON,FT
1,0.7742123184777165,18.66409997341103,1.0859999999999999,0.7693254323162066,18.15791546711635,0.3166744588099421,0,TCSP,PROTON,FT
0,1.1312500000000003,18.062444784128466,1.4480000000000004,-12.118237066065591,43.52447336436573,13.566237065810885,0,TCSP,PROTON,FT
1,5.673897499999998,14.551916581286335,6.8779999999999974,5.459806269395156,0.1285948379612341,1.2464936329865488,0,TCSP,PROTON,FT
0,6.3078499999999975,14.696711771149884,6.8779999999999974,7.143362732323038,0.3002501292768137,0.8168641355944766,0,TCSP,PROTON,FT
1,1.272249,36.10677892958904,1.81,1.271532547770426,21.896358131032706,0.5384674460246822,0,TCP,PROTON,FT
1,0.773594,17.33198422666641,1.0859999999999999,0.7670760342019082,2.8510104462931047,0.3189220637195519,0,TCSP,PROTON,FT
0,3.55945518277416,14.098224986380556,4.343999999999999,3.845946859144743,0.21242967134809895,0.9061762010649268,0,TCSP,PROTON,FT
1,1.27786,38.007646152312496,1.81,1.2745542353204429,19.236221301634306,0.5354457433876512,0,TCP,PROTON,FT
1,0.7860209790209791,16.192928733073185,1.0859999999999999,0.7672423206309708,26.344787204313988,0.3187576793690264,0,TCSP,PROTON,FT
0,1.277136,36.78566008056171,1.81,1.2552153590603348,40.21431033214774,0.5547846409396467,0,TCP,PROTON,FT
1,1.1962133199799698,35.25334174166385,1.81,1.2020333882975143,37.67743272381495,0.6079666117024864,0,TCP,PROTON,FT
1,0.7858963730569949,16.01917450523693,1.0859999999999999,0.7623068782952859,35.52864070518478,0.3236931217040019,0,TCSP,PROTON,FT
1,0.776309,18.084919213956848,1.0859999999999999,0.7520917103548561,42.619135717496455,0.33390828964493474,0,TCSP,PROTON,FT
1,0.7712410000000001,19.014633912070693,1.0859999999999999,0.3384306112134687,27.86297698900595,0.7475692867697901,0,TCSP,PROTON,FT
1,2.1430400000000005,14.629140682546895,2.8960000000000012,1.9823219159545389,0.5479963001481984,0.882880916816843,0,TCSP,PROTON,FT
0,1.274783,34.49686077156815,1.81,1.2757629129796737,20.67701869388095,0.5342370620602905,0,TCP,PROTON,FT
1,0.8347720000000003,35.99041298578118,1.4480000000000004,0.8345943236342085,34.11775831544909,0.6134056763667799,0,TCP,PROTON,FT
1,1.9162253380070104,16.060904372331557,2.5340000000000003,2.1015892160830503,0.4747095434943665,0.478828789270473,0,TCSP,PROTON,FT
0,0.77468,17.82428787220247,1.0859999999999999,0.7650599991833911,2.8018284977840824,0.3207749425068461,0,TCSP,PROTON,FT
1,1.1424408602150542,16.38598898622458,1.4480000000000004,1.1309825952990895,3.6668498945027137,0.3172164916013061,0,TCSP,PROTON,FT
0,2.13761,18.928618119421657,2.5340000000000003,1.7911458129292974,19.205350889960272,0.742854168059951,0,TCP,PROTON,FT
0,0.9647300000000004,19.00114156049224,1.4480000000000004,0.9751374409175412,18.159883085191414,0.4728625012755596,0,TCP,PROTON,FT
0,1.1962133199799698,34.38049421573545,1.81,1.2020333882975143,37.67743272381495,0.6079666117024864,0,TCP,PROTON,FT
1,0.6669849999999999,16.48841785834643,1.0859999999999999,0.5292461503823696,0.23125928917191396,0.3667777441690993,0,TCSP,PROTON,FT
0,0.8329620000000003,35.50549769359872,1.4480000000000004,0.8291552586376291,35.27652290065464,0.6188447413623754,0,TCP,PROTON,FT
0,1.0226500000000005,17.211648361455993,1.4480000000000004,0.9404130392527588,21.423449987635774,0.5075869567257987,0,TCP,PROTON,FT
1,0.8329620000000003,36.378345219527134,1.4480000000000004,0.8291552586376291,35.27652290065464,0.6188447413623754,0,TCP,PROTON,FT
0,0.9107920000000004,32.2468546712016,1.4480000000000004,0.8968955095018175,19.6782067121642,0.5511044779309386,0,TCP,PROTON,FT
1,0.766716,19.403282535720574,1.0859999999999999,0.4541856871383138,0.19722017311593096,0.3493241852907144,0,TCSP,PROTON,FT
0,1.272249,33.37185772138488,1.81,1.271532547770426,21.896358131032706,0.5384674460246822,0,TCP,PROTON,FT
0,0.7742123184777165,18.96334336579569,1.0859999999999999,0.7693254323162066,18.15791546711635,0.3166744588099421,0,TCSP,PROTON,FT
1,3.05709,14.722308423129995,3.62,2.9382543547079902,39.081113553022455,0.6817456452919912,0,TCP,PROTON,FT
0,7.640372,17.498904279836133,7.9639999999999995,-50.02247739919947,172.73758299933675,57.98647739919857,0,TCSP,PROTON,FT
1,1.7878551810237204,14.867305419469119,2.1719999999999997,1.7151904725753346,21.95831533623085,0.4568095244481766,0,TCP,PROTON,FT
0,135.088988,16.741039463718856,137.56,241.25156559349784,0.001163270482637472,-134.23425071996834,0,TCSP,PROTON,FT
1,1.0058428571428577,18.511608333265816,1.4480000000000004,1.0944186026056957,25.777512465959195,0.3535813961907758,0,TCP,PROTON,FT
1,1.1278110000000003,18.625985288420807,1.4480000000000004,-12.118237066065591,43.52447336436573,13.566237065810885,0,TCSP,PROTON,FT
0,1.19421932899349,33.21669751449757,1.81,1.2074069532704017,29.77616446942461,0.6025930467295879,0,TCP,PROTON,FT
1,1.1312500000000003,18.82030960024575,1.4480000000000004,-12.118237066065591,43.52447336436573,13.566237065810885,0,TCSP,PROTON,FT
0,0.8347720000000003,35.11756545985276,1.4480000000000004,0.8345943236342085,34.11775831544909,0.6134056763667799,0,TCP,PROTON,FT
0,1.1906179999999995,37.794297872699865,1.81,1.2117027679056376,19.173805263125587,0.5982971637606036,0,TCP,PROTON,FT
0,1.274964,34.147721893925066,1.81,1.2655285974640318,2.103767511669267,0.5454243839962359,0,TCP,PROTON,FT
1,1.0277180000000004,16.410688133616453,1.4480000000000004,1.0860010044995896,6.822302126299668,0.36199816066922497,0,TCSP,PROTON,FT
1,135.088988,17.498904279836136,137.56,241.25156559349784,0.001163270482637472,-134.23425071996834,0,TCSP,PROTON,FT
0,0.7791193415637858,16.1253576444702,1.0859999999999999,0.7618036743786214,3.618709270339692,0.3244232660137495,0,TCSP,PROTON,FT
1,1.3916314285714284,15.02404659747254,1.81,1.3415294116782124,24.677389499331866,0.4684705870208923,0,TCP,PROTON,FT
1,4.118135202804207,16.022039509966568,4.706,4.1774943725494245,0.3382126295606972,0.4245569710834063,0,TCSP,PROTON,FT
1,1.1920659999999998,37.5033486973904,1.81,1.2002203634140305,22.91591319108551,0.609779632800751,0,TCP,PROTON,FT
1,8.9038425,14.66775273317717,10.136000000000001,8.695961371980568,0.1503747808375601,0.8624101632215214,0,TCSP,PROTON,FT
1,65.48598100000001,17.868120472303527,65.884,6.618133432579571,37.45157485069709,59.26586656742037,0,TCSP,PROTON,FT
0,1.1920659999999998,36.630501171462,1.81,1.2002203634140305,22.91591319108551,0.609779632800751,0,TCP,PROTON,FT
1,0.8091764705882354,19.363758765845144,1.0859999999999999,0.8319357748459422,20.440424742234246,0.2540642206034053,0,TCP,PROTON,FT
1,0.8155859999999999,17.65436372929609,1.0859999999999999,0.809816329808866,18.64974146149611,0.2761836396993368,0,TCSP,PROTON,FT
1,0.8183010000000001,16.32324219329523,1.0859999999999999,0.7943888481410266,18.619407693443886,0.2916111122010879,0,TCSP,PROTON,FT
1,0.4517760000000002,16.79933675726634,0.7240000000000002,0.4442377021101131,2.511209733688624,0.2815543601942422,0,TCSP,PROTON,FT
1,0.807984,17.08110700941251,1.0859999999999999,0.8158597002403932,17.73214006648078,0.27014023438483004,0,TCSP,PROTON,FT
1,0.8168529999999999,18.693998797559537,1.0859999999999999,0.8013555153185599,18.436901172164504,0.284644407933471,0,TCSP,PROTON,FT
0,0.8172149999999999,18.004147490580987,1.0859999999999999,0.8087112615737412,2.1779579356005034,0.2770967349549964,0,TCSP,PROTON,FT
0,0.7637317073170732,17.949777036750874,1.0859999999999999,0.7759732888113413,34.88213452208759,0.3100267111885829,0,TCSP,PROTON,FT
0,0.781015,19.281892783495493,1.0859999999999999,0.7892687541967879,19.808130487890754,0.29673121919272416,0,TCSP,PROTON,FT
1,1.2739131944444444,30.539953491613183,1.81,1.2521936526325694,23.968740485829247,0.5578063440475058,0,TCP,PROTON,FT
1,0.813776,18.50939070132584,1.0859999999999999,0.8243205066790319,20.70420357602025,0.2616794661096643,0,TCSP,PROTON,FT
1,0.815948,16.702174601353867,1.0859999999999999,0.8034396708681155,2.8963994880978463,0.2835247799597653,0,TCSP,PROTON,FT
1,0.8164910000000001,17.838971825529786,1.0859999999999999,0.8134423927713157,21.923055533583987,0.2725575959881393,0,TCSP,PROTON,FT
0,0.778419867549669,16.916904682390918,1.0859999999999999,0.7977295472981932,23.682596257405507,0.28827045135562024,0,TCSP,PROTON,FT
0,0.44526000000000016,18.480242054552097,0.7240000000000002,0.4514422997956521,18.093214095996718,0.2725575967433195,0,TCSP,PROTON,FT
1,0.4546720000000001,19.26725551744312,0.7240000000000002,0.38232844067496746,0.4685522019302398,0.26376330674475224,0,TCSP,PROTON,FT
0,0.7783,18.615834910123183,1.0859999999999999,0.7839307047963247,2.5324315414767287,0.3020643226784901,0,TCSP,PROTON,FT
0,0.7768879432624114,17.01343480896661,1.0859999999999999,0.7995425671998485,22.128449305172712,0.28645742879609337,0,TCSP,PROTON,FT
1,0.7680078431372549,18.220061391162826,1.0859999999999999,0.7795993319807697,24.2632487883538,0.30640066801922883,0,TCSP,PROTON,FT
1,0.4550340000000002,19.36441767335559,0.7240000000000002,0.4653422265952825,20.747096458497023,0.2586577630513067,0,TCSP,PROTON,FT
0,0.8135950000000001,18.77172852228951,1.0859999999999999,0.8134424041062559,24.199367856765818,0.27255759589374395,0,TCSP,PROTON,FT
0,0.8159480000000001,17.916701550259763,1.0859999999999999,0.8101468342397975,33.27509332274169,0.27585316449204056,0,TCSP,PROTON,FT
1,0.7691016393442622,18.123531264587125,1.0859999999999999,0.6503362093001779,0.4285829425059433,0.3009704427305712,0,TCSP,PROTON,FT
1,1.1801200000000005,7.027984977395103,1.4480000000000004,1.1142276409406309,1.0702585967342717,0.3297689568397806,0,TCP,PROTON,FT
0,1.2073522727272723,30.675741383461556,1.81,1.189561810062915,21.1549870655292,0.6204381432504169,0,TCP,PROTON,FT
1,0.8159480000000001,17.362877261558676,1.0859999999999999,0.8134424041062559,24.199367856765818,0.27255759589374395,0,TCSP,PROTON,FT
1,0.8134140000000001,18.596836641647066,1.0859999999999999,0.8110249633318628,18.90396887767605,0.27497495962188684,0,TCSP,PROTON,FT
1,0.820292,18.791160953472005,1.0859999999999999,0.7910817999547398,22.978472547793626,0.2949181972676505,0,TCSP,PROTON,FT
1,0.784273,16.801068530500075,1.0859999999999999,0.774764586355502,21.279750761528952,0.3112353926811868,0,TCSP,PROTON,FT
1,0.813776,18.1304582932672,1.0859999999999999,0.8351986621487338,23.925714414123288,0.2508013356137655,0,TCSP,PROTON,FT
1,0.8164910000000001,19.451863613676814,1.0859999999999999,0.8261335523405456,21.92688910074183,0.2598664441440084,0,TCSP,PROTON,FT
0,0.7688676056338029,17.669839669681352,1.0859999999999999,0.7783905899681517,17.51759945430224,0.3076093496722621,0,TCSP,PROTON,FT
0,0.815948,18.19847180240593,1.0859999999999999,0.8034396708681155,2.8963994880978463,0.2835247799597653,0,TCSP,PROTON,FT
0,0.777938,18.808895163274574,1.0859999999999999,0.7869168495607566,18.66576787328719,0.29908312353771194,0,TCSP,PROTON,FT
1,1.1784910000000004,18.412228545413367,1.4480000000000004,1.1941769037612835,17.932132923849476,0.2538230392281621,0,TCSP,PROTON,FT
0,0.7788430000000001,18.895772277192712,1.0859999999999999,0.7919964055155393,20.317079702044357,0.2940035778896864,0,TCSP,PROTON,FT
0,0.784273,16.44390706217,1.0859999999999999,0.774764586355502,21.279750761528952,0.3112353926811868,0,TCSP,PROTON,FT
1,0.8125089999999999,17.178269165324973,1.0859999999999999,0.8147918059341202,2.1356051803860465,0.2711666995041464,0,TCSP,PROTON,FT
1,0.8139569999999999,18.033296137354732,1.0859999999999999,0.8267378434398692,18.738637231897272,0.25926210398931643,0,TCSP,PROTON,FT
1,0.814319,18.217904233588428,1.0859999999999999,0.8351986621487338,23.925714414123288,0.2508013356137655,0,TCSP,PROTON,FT
0,0.8159480000000001,18.859174462610735,1.0859999999999999,0.8134424041062559,24.199367856765818,0.27255759589374395,0,TCSP,PROTON,FT
0,0.7834,16.627314302663827,1.0859999999999999,0.7681168346749967,21.028025608794405,0.3178831390994142,0,TCSP,PROTON,FT
1,1.1333728395061728,17.930471011435735,1.4480000000000004,1.163355578818795,19.313646837160977,0.2846444075089044,0,TCSP,PROTON,FT
0,0.7619238095238096,18.14283728990227,1.0859999999999999,0.7978135735759596,1.1632996132561118,0.3105927070694957,0,TCSP,PROTON,FT
1,0.8172149999999999,16.507850289528925,1.0859999999999999,0.8087112615737412,2.1779579356005034,0.2770967349549964,0,TCSP,PROTON,FT
0,0.7742611570247935,17.196842049460436,1.0859999999999999,0.800751166532894,18.043945820411853,0.2852487485358792,0,TCSP,PROTON,FT
1,0.815948,19.64618792550176,1.0859999999999999,0.8327812884034124,20.47199951742526,0.2532186980038557,0,TCSP,PROTON,FT
1,0.784092,16.511478150772987,1.0859999999999999,0.7956358564314799,18.289563383298315,0.29036411637777304,0,TCSP,PROTON,FT
1,0.7637317073170732,18.306938505080954,1.0859999999999999,0.7759732888113413,34.88213452208759,0.3100267111885829,0,TCSP,PROTON,FT
0,0.7844596858638744,16.5404371887457,1.0859999999999999,0.7638863501440971,18.013775882021058,0.322113524185573,0,TCSP,PROTON,FT
0,1.5084540000000002,16.347376935594305,1.81,1.5145382447256333,18.34122570296116,0.29546170803600785,0,TCSP,PROTON,FT
0,1.1337362637362642,17.48643242918753,1.4480000000000004,1.163355578818795,19.313646837160977,0.2846444075089044,0,TCSP,PROTON,FT
0,0.7828514619883041,16.723844429239527,1.0859999999999999,0.77295158172823,23.77920152799799,0.313048413744747,0,TCSP,PROTON,FT
0,0.784092,16.154316682442907,1.0859999999999999,0.7956358564314799,18.289563383298315,0.29036411637777304,0,TCSP,PROTON,FT
1,0.7768879432624114,17.370596277296688,1.0859999999999999,0.7995425671998485,22.128449305172712,0.28645742879609337,0,TCSP,PROTON,FT
0,1.2739131944444444,28.61968966457622,1.81,1.2521936526325694,23.968740485829247,0.5578063440475058,0,TCP,PROTON,FT
1,0.82355,18.88832310938448,1.0859999999999999,0.7862470442944398,18.396147805634442,0.29975292161955863,0,TCSP,PROTON,FT
0,0.4486990000000002,18.383079898639625,0.7240000000000002,0.4550684473371226,22.667335656467827,0.26893155266311275,0,TCSP,PROTON,FT
0,0.7801100000000001,18.9923024037684,1.0859999999999999,0.7919964055155393,20.317079702044357,0.2940035778896864,0,TCSP,PROTON,FT
1,0.8135950000000001,17.275431321237452,1.0859999999999999,0.8134424041062559,24.199367856765818,0.27255759589374395,0,TCSP,PROTON,FT
1,0.8168529999999999,17.460039417471144,1.0859999999999999,0.8061901902579803,17.804187640372625,0.2798096843242541,0,TCSP,PROTON,FT
0,0.7691016393442622,17.76636979625705,1.0859999999999999,0.6503362093001779,0.4285829425059433,0.3009704427305712,0,TCSP,PROTON,FT
1,0.8159480000000001,16.4204043492077,1.0859999999999999,0.8101468342397975,33.27509332274169,0.27585316449204056,0,TCSP,PROTON,FT
1,1.508092,16.60800827734868,1.81,1.5145382447256333,18.34122570296116,0.29546170803600785,0,TCSP,PROTON,FT
0,0.7698772277227722,17.38990230261183,1.0859999999999999,0.8019599221442227,20.865475169818,0.2840400673003147,0,TCSP,PROTON,FT
0,0.7822347826086957,16.820374555815214,1.0859999999999999,0.7832253744793061,33.307565235849026,0.3027746240806688,0,TCSP,PROTON,FT
0,0.8091764705882354,20.270301779227406,1.0859999999999999,0.8319357748459422,20.440424742234246,0.2540642206034053,0,TCP,PROTON,FT
1,0.7756748091603054,17.457473391214815,1.0859999999999999,0.8043957901893143,2.2318172609705966,0.2814614770910072,0,TCSP,PROTON,FT
0,0.807984,18.577404210464564,1.0859999999999999,0.8158597002403932,17.73214006648078,0.27014023438483004,0,TCSP,PROTON,FT
1,0.7698772277227722,17.747063770941907,1.0859999999999999,0.8019599221442227,20.865475169818,0.2840400673003147,0,TCSP,PROTON,FT
1,0.7725927927927928,17.650533644366213,1.0859999999999999,0.8019599221442227,20.865475169818,0.2840400673003147,0,TCSP,PROTON,FT
1,0.7828514619883041,17.0810058975696,1.0859999999999999,0.77295158172823,23.77920152799799,0.313048413744747,0,TCSP,PROTON,FT
0,0.8125089999999999,18.67456636637704,1.0859999999999999,0.8147918059341202,2.1356051803860465,0.2711666995041464,0,TCSP,PROTON,FT
1,1.2073522727272723,28.445131039422307,1.81,1.189561810062915,21.1549870655292,0.6204381432504169,0,TCP,PROTON,FT
0,0.781558,19.1853626569198,1.0859999999999999,0.7876290800099671,2.3392361391105863,0.2978005706459977,0,TCSP,PROTON,FT
1,1.5084540000000002,16.70453840392438,1.81,1.5145382447256333,18.34122570296116,0.29546170803600785,0,TCSP,PROTON,FT
1,1.1784910000000004,18.31506638950089,1.4480000000000004,1.1941769037612835,17.932132923849476,0.2538230392281621,0,TCSP,PROTON,FT
1,0.8159480000000001,17.741809669617318,1.0859999999999999,0.8116292348639365,16.986881247935344,0.2743706190532693,0,TCSP,PROTON,FT
1,0.7742611570247935,17.554003517790516,1.0859999999999999,0.800751166532894,18.043945820411853,0.2852487485358792,0,TCSP,PROTON,FT
1,0.7688676056338029,18.02700113801143,1.0859999999999999,0.7783905899681517,17.51759945430224,0.3076093496722621,0,TCSP,PROTON,FT
1,0.8154049999999999,17.936133981442254,1.0859999999999999,0.8170684188795623,20.704521628859908,0.26893155290225274,0,TCSP,PROTON,FT
0,0.7725927927927928,17.293372176036133,1.0859999999999999,0.8019599221442227,20.865475169818,0.2840400673003147,0,TCSP,PROTON,FT
1,0.8168529999999999,19.549025769589285,1.0859999999999999,0.8345942496375923,18.882519186681773,0.2514056774207936,0,TCSP,PROTON,FT
1,0.8217399999999999,18.98548526529695,1.0859999999999999,0.7856427348035899,23.722014787202088,0.3003572623477053,0,TCSP,PROTON,FT
1,0.778419867549669,17.274066150720994,1.0859999999999999,0.7977295472981932,23.682596257405507,0.28827045135562024,0,TCSP,PROTON,FT
0,0.4517760000000002,18.295633958318398,0.7240000000000002,0.4442377021101131,2.511209733688624,0.2815543601942422,0,TCSP,PROTON,FT
1,0.44526000000000016,16.983944853500034,0.7240000000000002,0.4514422997956521,18.093214095996718,0.2725575967433195,0,TCSP,PROTON,FT
1,0.8166720000000001,17.55720157338362,1.0859999999999999,0.8067946566947711,33.36129777871247,0.2792053420155393,0,TCSP,PROTON,FT
1,0.8172149999999999,16.605012445441393,1.0859999999999999,0.8034396708681155,2.8963994880978463,0.2835247799597653,0,TCSP,PROTON,FT
0,0.7590322580645161,18.04630716332657,1.0859999999999999,0.7759732888113413,34.88213452208759,0.3100267111885829,0,TCSP,PROTON,FT
0,1.1801200000000005,9.215586741378553,1.4480000000000004,1.1142276409406309,1.0702585967342717,0.3297689568397806,0,TCP,PROTON,FT
1,0.7834,16.984475770993907,1.0859999999999999,0.7681168346749967,21.028025608794405,0.3178831390994142,0,TCSP,PROTON,FT
1,0.4486990000000002,16.886782697587563,0.7240000000000002,0.4550684473371226,22.667335656467827,0.26893155266311275,0,TCSP,PROTON,FT
0,0.8172149999999999,18.101309646493462,1.0859999999999999,0.8034396708681155,2.8963994880978463,0.2835247799597653,0,TCSP,PROTON,FT
0,0.7756748091603054,17.100311922884742,1.0859999999999999,0.8043957901893143,2.2318172609705966,0.2814614770910072,0,TCSP,PROTON,FT
0,0.781377,19.088832530344106,1.0859999999999999,0.7904774625998922,36.17954722076778,0.2955225373997443,0,TCSP,PROTON,FT
1,0.7590322580645161,18.40346863165665,1.0859999999999999,0.7759732888113413,34.88213452208759,0.3100267111885829,0,TCSP,PROTON,FT
0,1.1333728395061728,17.57330954310566,1.4480000000000004,1.163355578818795,19.313646837160977,0.2846444075089044,0,TCSP,PROTON,FT
1,0.4573870000000002,19.170093361530647,0.7240000000000002,0.4450547775392447,1.761224412010696,0.280257672259255,0,TCSP,PROTON,FT
0,0.8183010000000001,17.819539394347288,1.0859999999999999,0.7943888481410266,18.619407693443886,0.2916111122010879,0,TCSP,PROTON,FT
1,0.7619238095238096,18.499998758232348,1.0859999999999999,0.7978135735759596,1.1632996132561118,0.3105927070694957,0,TCSP,PROTON,FT
0,0.7792049999999999,18.712365036698877,1.0859999999999999,0.7851830810807331,20.35240626637608,0.3008169017925809,0,TCSP,PROTON,FT
1,0.821197,19.07293120561817,1.0859999999999999,0.7856427348035899,23.722014787202088,0.3003572623477053,0,TCSP,PROTON,FT
0,1.1330600000000004,7.644033913255472,1.4480000000000004,0.8869000000000009,34.302494766709955,0.5611,0,TCP,PROTON,FT
1,0.7844596858638744,16.897598657075775,1.0859999999999999,0.7638863501440971,18.013775882021058,0.322113524185573,0,TCSP,PROTON,FT
0,0.7680078431372549,17.86289992283275,1.0859999999999999,0.7795993319807697,24.2632487883538,0.30640066801922883,0,TCSP,PROTON,FT
0,1.508092,16.250846809018604,1.81,1.5145382447256333,18.34122570296116,0.29546170803600785,0,TCSP,PROTON,FT
1,1.1337362637362642,17.84359389751761,1.4480000000000004,1.163355578818795,19.313646837160977,0.2846444075089044,0,TCSP,PROTON,FT
1,0.7822347826086957,17.177536024145297,1.0859999999999999,0.7832253744793061,33.307565235849026,0.3027746240806688,0,TCSP,PROTON,FT
1,,20.72916274376981,1.4480000000000004,1.0424874795394103,23.27338142899023,0.40551252046075204,0,TCTPH,PROTON,FT
0,0.7571617195496417,17.894804450163377,1.0859999999999999,0.7820166944910137,23.21301709768984,0.3039833055090709,0,TCTPH,PROTON,FT
0,0.7636390000000001,17.427968966510562,1.0859999999999999,0.7360868077319151,23.473516727880202,0.3499131887251544,0,TCTPH,PROTON,FT
0,0.7494456233421751,18.586721327720245,1.0859999999999999,0.7668696335765494,1.4715985054694911,0.30724772826109426,0,TCTPH,PROTON,FT
0,0.7611607411116674,19.678782905550953,1.0859999999999999,0.7349078463132571,4.9260164375731605,0.3511131002314001,0,TCTPH,PROTON,FT
1,1.037986986986987,20.454063262331537,1.4480000000000004,1.0050183497252072,18.65905411274409,0.4429816352661725,0,TCTPH,PROTON,FT
0,0.7533363914373089,18.645075763176852,1.0859999999999999,0.7889565200854297,0.9771537730356308,0.3212781264234078,0,TCTPH,PROTON,FT
0,1.1200280000000002,17.661386708336973,1.4480000000000004,1.116821289492459,17.888822025724547,0.3311786309700305,0,TCTPH,PROTON,FT
0,0.7583524720893142,18.29494915043723,1.0859999999999999,0.7590517505670958,21.732422601453404,0.3269482462237038,0,TCTPH,PROTON,FT
0,1.1216747279322856,18.061531408610822,1.4480000000000004,1.120497124341114,3.4493258287972064,0.3274912346812426,0,TCTPH,PROTON,FT
0,12.139127,25.085005208015232,12.67,12.127715414153705,72.59962949801263,0.5422845858458301,0,TCTPV,PROTON,FT
0,0.7587520000000001,17.169542180917034,1.0859999999999999,0.7562802547770959,42.03891942173119,0.3297197452229301,0,TCTPH,PROTON,FT
1,1.7485795795795798,20.12894569335904,2.1719999999999997,1.4661302165731958,36.13278639189304,0.7058697834269825,0,TCTPH,PROTON,FT
1,1.0427410000000004,20.56243578532237,1.4480000000000004,1.0394657765786801,41.082479643686845,0.40853422342134665,0,TCTPH,PROTON,FT
0,0.7547111913357399,18.70343019863345,1.0859999999999999,0.7098285518975015,0.7496830198967286,0.3265738541082125,0,TCTPH,PROTON,FT
0,0.758755124056095,17.953158885619985,1.0859999999999999,0.7678493900166418,3.45714442444502,0.3184452930605063,0,TCTPH,PROTON,FT
0,0.7545890000000001,19.186938378131014,1.0859999999999999,0.7452481326393945,4.255612728865891,0.34083043121576323,0,TCTPH,PROTON,FT
1,1.038711711711712,20.404045174797304,1.4480000000000004,0.976010017784816,34.20610102984921,0.4719899822154236,0,TCTPH,PROTON,FT
1,1.0378540000000005,20.51241769778814,1.4480000000000004,1.0273789652453844,42.02784742119247,0.4206210347546196,0,TCTPH,PROTON,FT
1,2.1044194194194192,20.07892760582481,2.5340000000000003,1.8003305509166754,27.564654438642016,0.7336694490833444,0,TCTPH,PROTON,FT
0,1.11559748427673,18.470012456807037,1.4480000000000004,1.1289081807709722,24.29196709505276,0.319091819229032,0,TCTPH,PROTON,FT
0,0.7574850000000001,17.402959922743438,1.0859999999999999,0.754821365632961,22.47028433042313,0.3311786310980837,0,TCTPH,PROTON,FT
0,1.1176750000000004,17.778095579250177,1.4480000000000004,1.1482470014439887,19.020070299229104,0.29975292367336603,0,TCTPH,PROTON,FT
0,2.483320000000001,12.937024224936604,2.8960000000000012,1.3424045626413936,0.04793814010797204,0.4838975160415498,0,TCP,PROTON,FT
0,1.1219110604332956,18.011513321076592,1.4480000000000004,1.120497124341114,3.4493258287972064,0.3274912346812426,0,TCTPH,PROTON,FT
1,2.0937297297297297,20.0205731703682,2.5340000000000003,1.8003305509166754,27.564654438642016,0.7336694490833444,0,TCTPH,PROTON,FT
0,0.761467,17.60303227288037,1.0859999999999999,0.7475692800286382,22.36514942795415,0.33843071828488674,0,TCTPH,PROTON,FT
0,1.1301640000000004,17.436305314432932,1.4480000000000004,1.09869115111037,23.640954774220628,0.34930884770524034,0,TCTPH,PROTON,FT
0,0.7587520000000001,17.11118774546043,1.0859999999999999,0.7475547790913541,21.78591784174716,0.33844520571623354,0,TCTPH,PROTON,FT
1,1.0432840000000003,20.6708083083132,1.4480000000000004,1.041883045504869,19.214550752303893,0.4061168644650946,0,TCTPH,PROTON,FT
0,0.7609794692038057,19.51205594710352,1.0859999999999999,0.7409215239240108,22.181211912046837,0.3450784639260544,0,TCTPH,PROTON,FT
0,1.116910815939279,18.41165802135044,1.4480000000000004,1.1289081807709722,24.29196709505276,0.319091819229032,0,TCTPH,PROTON,FT
0,1.1183102253032933,18.353303585893837,1.4480000000000004,1.1325342226817596,25.109855214828357,0.3154657762802569,0,TCTPH,PROTON,FT
0,0.7630880330123797,18.178240279524022,1.0859999999999999,0.7439781315598929,3.6042271358446327,0.3420220256129268,0,TCTPH,PROTON,FT
0,0.755675,17.344605487286838,1.0859999999999999,0.7316445552146524,0.8804864113568571,0.3225103690815724,0,TCTPH,PROTON,FT
0,0.7612715572715574,18.119885844067426,1.0859999999999999,0.7445475428457492,20.720915215741755,0.3414524212472262,0,TCTPH,PROTON,FT
0,1.1237045568352533,19.845509863998394,1.4480000000000004,1.1107779559788558,22.737740901762727,0.3372220372321664,0,TCTPH,PROTON,FT
0,0.7566916299559472,18.761784634090056,1.0859999999999999,0.755005558072509,3.834820268644365,0.33115054087125395,0,TCTPH,PROTON,FT
0,0.7591140000000001,17.286251051830238,1.0859999999999999,0.7548213555444897,19.868446661829715,0.3311786313797088,0,TCTPH,PROTON,FT
1,2.483320000000001,10.422539438748732,2.8960000000000012,1.3424045626413936,0.04793814010797204,0.4838975160415498,0,TCP,PROTON,FT
0,1.1118830000000004,18.81180272162429,1.4480000000000004,1.1150378958583778,3.5923358589348964,0.3329389890528673,0,TCTPH,PROTON,FT
0,0.7553676814988292,18.52836689226364,1.0859999999999999,0.7752265280970885,3.3141120634922943,0.31118586998377384,0,TCTPH,PROTON,FT
1,1.0388928928928929,20.345690739340704,1.4480000000000004,0.9367278770128992,22.998272769406558,0.5112721206122531,0,TCTPH,PROTON,FT
0,0.7542270000000001,18.853484461236146,1.0859999999999999,0.7439432163337021,18.659049300749324,0.3420567613991615,0,TCTPH,PROTON,FT
1,1.7551021021021025,20.187300128815643,2.1719999999999997,1.5265095200214989,3.574380393420604,0.6459658508584166,0,TCTPH,PROTON,FT
0,12.143652000000001,24.561916591536693,12.67,12.127715414153705,72.59962949801263,0.5422845858458301,0,TCTPV,PROTON,FT
0,0.757123,17.227896616373638,1.0859999999999999,0.7559052877458105,3.7963755059518487,0.3302599879125803,0,TCTPH,PROTON,FT
1,1.7608998998999,20.23731821634987,2.1719999999999997,1.5265095200214989,3.574380393420604,0.6459658508584166,0,TCTPH,PROTON,FT
0,3.8138509999999983,25.60809382449377,4.343999999999999,3.775286908248108,51.85088608629859,0.5687130917518916,0,TCTPV,PROTON,FT
0,0.7640009999999999,17.55301418534614,1.0859999999999999,0.7403170479022945,17.885621133785023,0.3456828059801965,0,TCTPH,PROTON,FT
1,1.0390740740740745,20.295672651806477,1.4480000000000004,0.8817328727778253,21.031388273870846,0.5662671116834614,0,TCTPH,PROTON,FT
0,1.1196660000000005,17.83645001470678,1.4480000000000004,1.1482470014439887,19.020070299229104,0.29975292367336603,0,TCTPH,PROTON,FT
0,1.1183990000000004,17.719741143793573,1.4480000000000004,1.116821289492459,17.888822025724547,0.3311786309700305,0,TCTPH,PROTON,FT
0,0.757123,19.345328988656078,1.0859999999999999,0.7421302153021905,24.42774153457919,0.3438697829705656,0,TCTPH,PROTON,FT
0,0.7616971935007386,18.236594714980626,1.0859999999999999,0.7451517535638474,17.429740533284907,0.3408480811447007,0,TCTPH,PROTON,FT
0,0.7531410000000001,19.020211419683577,1.0859999999999999,0.7469649377715996,22.44917761223508,0.33903505884670204,0,TCTPH,PROTON,FT
1,1.0414740000000002,20.62079022077897,1.4480000000000004,1.0473222020173545,24.634311501088032,0.4006777979825614,0,TCTPH,PROTON,FT
0,1.1260010000000005,17.494659749889536,1.4480000000000004,1.09869115111037,23.640954774220628,0.34930884770524034,0,TCTPH,PROTON,FT
1,1.2440733333333334,15.614950855696206,2.1719999999999997,1.4718681261406632,21.7583872736778,0.7001318687244777,0,TCP,PROTON,FT
0,1.2440733333333334,15.74067509769054,2.1719999999999997,1.4718681261406632,21.7583872736778,0.7001318687244777,0,TCP,PROTON,FT
0,3.0272953367875632,5.111007179602984,4.343999999999999,1.8401666666667251,28.57420719906007,2.5038333333332736,0,TCP,PROTON,FT
1,2.9502999999999986,6.27348441333988,4.343999999999999,3.939318422224323,0.000715607500373556,-1.091775111682294,0,TCSG,PROTON,FT
1,1.861947,3.4326091811976567,2.5340000000000003,1.5573856189062585,20.27914480848755,0.9766143577329552,0,TCSG,PROTON,FT
1,1.0163149999999996,5.35703038568372,2.5340000000000003,1.0804020618556731,28.01978740804881,1.4535979381443265,0,TCLA,PROTON,FT
1,2.31318,5.891855891207932,3.62,1.8450322575450449,68.65224452201863,1.7749677424636798,0,TCSG,PROTON,FT
0,3.6085443037974665,4.550845927178962,4.343999999999999,2.6636518711027204,0.8056336791748321,1.601668295171958,0,TCP,PROTON,FT
1,0.3779279999999989,4.115705280755475,8.325999999999999,0.003601110462163029,-0.0048164855806140175,4.32172232717204,0,TCP,PROTON,FT
0,0.9550806100217863,3.9974513803359777,1.81,1.0666610965951406,25.123791932399932,0.7433388982060859,0,TCSG,PROTON,FT
1,7.425137142857141,3.6805646343319887,13.393999999999998,3.932251110757556,0.04458429397660192,3.3671352456456702,0,TCP,PROTON,FT
0,2.0402473498233213,4.727231498986937,2.5340000000000003,1.3558535066072632,1.5291689899909595,1.1731004966650969,0,TCP,PROTON,FT
1,2.30956,6.33294872057533,3.62,1.9627187499861196,26.68480713735839,1.6572812500138818,0,TCSG,PROTON,FT
1,2.588299999999999,4.975230897791898,4.343999999999999,2.736453933029928,19.909435973430675,1.6075459125183749,0,TCP,PROTON,FT
0,3.153494047619047,4.5871076477142525,5.0680000000000005,2.6805238094908885,34.443900697728445,2.387476190388027,0,TCP,PROTON,FT
1,4.836722222222223,3.499256031655537,9.412,3.4279826093625423,44.787265797571045,5.984017390641744,0,TCP,PROTON,FT
1,5.0629014084507045,3.5899103329937625,7.602,4.253027463333927,1.223139598254516,3.3578138492876786,0,TCP,PROTON,FT
0,6.3482670157068055,4.3877759518978365,11.946,5.898363329465405,15.922194610144233,6.047636071363405,0,TCP,PROTON,FT
0,1.861947,2.9981016899068145,2.5340000000000003,1.5573856189062585,20.27914480848755,0.9766143577329552,0,TCSG,PROTON,FT
1,3.6085443037974665,4.297013883431928,4.343999999999999,2.6636518711027204,0.8056336791748321,1.601668295171958,0,TCP,PROTON,FT
1,7.008923333333334,4.1866826508578505,9.412,6.326237036816488,19.551504548636988,3.0857629426226367,0,TCSG,PROTON,FT
0,3.148857,6.120817191272924,3.9819999999999998,1.4226176902218608,17.621476061305252,2.559382304460879,0,TCSG,PROTON,FT
0,5.096959999999998,7.493164822862268,5.43,3.795562237392091,0.059288800731545466,0.5454268925872748,1,TCP,PROTON,FT
1,4.240830000000001,6.179513116033193,4.706,1.759059594200785,0.037216139312548586,0.8059334631155674,1,TCSP,PROTON,FT
1,2.13037,16.177498959426522,2.5340000000000003,2.281448657120287,0.03640894512472223,0.3666643220699797,1,TCSP,PROTON,FT
0,8.274548223350253,16.909910187113447,8.687999999999999,6.416655493185588,0.14977267089467364,0.4926616386652381,1,TCP,PROTON,FT
1,238.007579,17.110255656186247,246.884,160.63316713762418,0.030503003691370413,4.266560999939623,1,TCSP,PROTON,FT
1,3.9101429999999984,16.099769234696545,4.343999999999999,3.957127548174973,0.168347682692137,0.3864037723856235,1,TCSP,PROTON,FT
1,3.936749999999998,16.13863409706153,4.343999999999999,3.957127548174973,0.168347682692137,0.3864037723856235,1,TCSP,PROTON,FT
1,24.19608,14.74497683443773,25.702,26.336798388882052,0.1476211084208313,2.395680940124937,1,TCSP,PROTON,FT
1,35.969225,14.66786595652502,37.286,33.259950680890924,0.16681240274121062,1.287691011721954,1,TCP,PROTON,FT
0,238.007579,16.352390840068967,246.884,160.63316713762418,0.030503003691370413,4.266560999939623,1,TCSP,PROTON,FT
1,26.40033090909091,19.037403281027533,27.15,23.544464989073077,0.06896079801029997,0.9387639493022792,1,TCP,PROTON,FT
1,24.80182666666667,14.455386454710641,26.064,19.562703795082992,0.08220190480079093,1.9941351269328924,1,TCSP,PROTON,FT
0,3.57294,17.01048957856096,3.9819999999999998,2.2268042694936097,0.04828289807514589,0.5777331625689363,1,TCP,PROTON,FT
0,4.320469999999999,17.41280714435102,4.706,2.0216294034535705,0.03508215577943926,0.4410196963392608,1,TCP,PROTON,FT
0,234.148116,16.17749895942652,246.884,160.63316713762418,0.030503003691370413,4.266560999939623,1,TCSP,PROTON,FT
1,10.31338,14.783588885068008,12.308,10.669986272883536,0.11165765267067763,1.097139826586153,1,TCSP,PROTON,FT
1,21.912584000000006,12.27068601864694,22.805999999999997,19.427136271961764,0.07668571973868171,1.1624994773838464,1,TCP,PROTON,FT
0,191.320258,16.54671515189391,196.204,152.5170395056086,0.00923610389923966,-2.3293107250077183,1,TCSP,PROTON,FT
1,16.261039999999998,17.949551664968816,16.651999999999994,11.306239999557429,0.09609473794766843,0.6030847902625849,1,TCP,PROTON,FT
1,8.458733333333333,14.899425036958844,9.774,8.590377982374987,0.17856505404345102,1.0553608246815351,1,TCSP,PROTON,FT
1,15.375949999999998,14.82220093569829,17.375999999999998,12.206826556270595,0.1860267959780713,4.224678368231221,1,TCSP,PROTON,FT
1,191.320258,17.304579968011193,196.204,152.5170395056086,0.00923610389923966,-2.3293107250077183,1,TCSP,PROTON,FT
0,3.6381,17.111068970008475,3.9819999999999998,1.924625334045657,0.15928175219282198,0.6038165809950287,1,TCP,PROTON,FT
1,12.351440000000002,14.706364783807453,15.927999999999999,11.020287026429497,0.001315510637596385,-4.459732664787186,1,TCSP,PROTON,FT
1,234.148116,16.935363775543802,246.884,160.63316713762418,0.030503003691370413,4.266560999939623,1,TCSP,PROTON,FT
1,15.160159169550171,14.420570248787449,15.566,10.238868760281964,0.029382399667581494,0.7566800839861183,1,TCP,PROTON,FT
0,7.612859999999999,2.8677494425195613,8.325999999999999,4.733967826968666,0.026903715572567863,1.1242246520310637,1,TCSG,PROTON,FT
0,272.87162297128594,4.271205710526574,283.44599999999997,266.67252752380784,118.44668189090616,16.773472476192225,1,TCLA,PROTON,FT
1,4.609165,3.8018321180645667,10.86,4.4478891370685725,2.6148034189604044,6.404366073511351,1,TCP,PROTON,FT
1,14.063466284074615,4.079443560220185,18.100000000000005,7.0600358459610275,0.004460898606758993,4.965885323576568,1,TCP,PROTON,FT
1,39.77221599999999,4.151967001290766,54.29999999999998,16.546011814589047,0.0050162048729129926,13.35756435338418,1,TCP,PROTON,FT
0,25.506150776053214,4.151967001290766,37.286,11.181988766037257,0.0011775992194426787,12.406950846279642,1,TCP,PROTON,FT
0,7.350113003095974,4.732154529855415,8.325999999999999,3.318767491682209,0.0032814932094911427,2.3767055463306543,1,TCP,PROTON,FT
0,8195.930606666667,2.9235578638105513,8219.93,7816.879197718073,0.3040280471338908,117.73170164998587,1,TCLA,PROTON,FT
1,78.60320388349514,4.430954270357285,89.77600000000001,43.635662887941315,0.006614887037684493,27.560444056965853,1,TCSG,PROTON,FT
0,5.071644295302012,3.55791475878831,6.154,3.3159856804183327,0.2154556297041712,1.5238632464526656,1,TCLA,PROTON,FT
1,48.4126690391459,3.75899457307229,53.57599999999999,23.4362944039924,0.011056748007724996,19.76336576492986,1,TCP,PROTON,FT
1,99.09620714285712,3.7405267526575656,106.79,38.29735430677394,0.005215081672840203,27.254351514825558,1,TCSG,PROTON,FT
1,37.36202,4.273045112979612,51.404,29.434309966361198,0.010641802802285627,15.148240896821287,1,TCP,PROTON,FT
1,67.44422,4.133836141023121,85.07,106.92964151117305,0.0005385992187648877,-61.506236314409406,1,TCP,PROTON,FT
0,12.84037487126674,3.866088435552982,18.100000000000005,10.892505697666467,0.4189351063203176,7.648652597546994,1,TCP,PROTON,FT
1,45.375795000000004,3.7375758005761517,51.404,28.175166687166797,0.004472759622216328,4.73805246548997,1,TCP,PROTON,FT
0,21.341106666666672,4.78654711065835,22.805999999999997,8.839383911116222,0.008747026846583916,3.265791408828161,1,TCP,PROTON,FT
0,60.85551727591389,4.115705280755475,64.436,33.199386476868106,0.01597862362271521,15.902547040953472,1,TCP,PROTON,FT
1,11.371777499999995,3.9731822980336737,16.651999999999994,5.869372118194174,0.008797129658990894,5.716132956529116,1,TCP,PROTON,FT
0,21.997129186602873,4.297013883431928,22.805999999999997,9.326584044943006,0.012078745815772965,6.048792925460683,1,TCP,PROTON,FT
1,27.921217391304346,3.7255881354471265,40.906,-4977.537078906807,-5.239999599718076e-06,5000.80155856683,1,TCP,PROTON,FT
1,47.26187145557656,4.3991275011342585,49.956,46.13789280952776,1.7365178999005602,3.6943906778333653,1,TCLA,PROTON,FT
1,25.527838790931987,3.5327485239189764,30.046,15.713147735083362,0.008553821117663118,6.892983769495863,1,TCSG,PROTON,FT
1,13.237797,4.6392244305166255,14.842,6.3640647574855915,0.01979129147801641,2.705288157966012,1,TCP,PROTON,FT
0,4.3467633587786265,4.40034846980167,5.0680000000000005,1.6405198987571512,0.010369911241854895,1.605126062672719,1,TCP,PROTON,FT
1,816.2243428093644,3.9013281026046847,828.618,784.80650938821,0.9320101633198298,42.79607306259845,1,TCLA,PROTON,FT
1,4.903125454545455,4.2788830231642825,8.687999999999999,6.005541242954058,1.8856217285604653,2.659693233225309,1,TCP,PROTON,FT
0,10.636646,3.9731822980336737,14.118,4.879782569964909,0.005664468265886445,4.800268668102731,1,TCP,PROTON,FT
0,5.136683035714287,4.551217560194869,5.7920000000000025,3.3297852730535107,0.019452825185840197,1.2976922842926035,1,TCP,PROTON,FT
1,83.66931857142858,3.9541677608792414,96.292,87.01570195209868,0.4347846831873985,17.580851511471582,1,TCLA,PROTON,FT
0,46.102161490683244,3.5303340242240604,47.422,18.290029538409534,0.03612205614498162,3.4714939536846856,1,TCLA,PROTON,FT
1,30.07435666666667,4.0431818396848955,39.458,20.95438293923463,0.003939777645772678,7.49292447638356,1,TCP,PROTON,FT
0,56.339322103113844,4.4340853676682,57.92,28.564048322442304,0.02072401982465034,2.3644330462342293,1,TCSG,PROTON,FT
0,35.49337600000001,4.133836141023121,60.816,32.28675433789142,0.0019049226102891047,14.857000264735804,1,TCP,PROTON,FT
1,46.47114666666667,4.1700978615584114,58.282,20.74957505051052,0.003772414695944189,8.92152782291168,1,TCP,PROTON,FT
0,39.493825701624814,3.7530880754025717,40.906,17.755912804272864,0.006716632498263078,3.8095766561731113,1,TCP,PROTON,FT
1,60.24464333333333,3.7015508301935967,89.77600000000001,31.05323809531159,0.003172249363918538,23.137233996154407,1,TCSG,PROTON,FT
0,25.19411400000001,3.508468465335341,32.218,20.249261330240333,1.132751846351386,11.771322439911337,1,TCSG,PROTON,FT
1,35.98291061879297,4.1700978615584114,38.372,16.730738794215227,0.004010265284809843,2.6692952902573515,1,TCP,PROTON,FT
0,8.185391578947373,3.5327485239189764,18.100000000000005,8.435281731100396,0.10679347489367054,4.905351528196774,1,TCSG,PROTON,FT
0,31.002817576564578,4.1700978615584114,36.924,20.301933258194673,0.0018132231588438013,6.434668219427185,1,TCP,PROTON,FT
0,49.21631333333334,3.7422820670862103,50.31800000000001,20.406588658689973,0.025234953333860177,2.8438087061162034,1,TCLA,PROTON,FT
1,68.6175525,3.832953787765487,82.536,45.522524791292284,0.024808033500828764,17.2287478698188,1,TCP,PROTON,FT
1,125.70691333333332,3.753931266469921,140.094,91.53735006131492,0.033832273177634736,19.061568396068076,1,TCSG,PROTON,FT
0,125.70691333333332,4.277735629233166,140.094,91.53735006131492,0.033832273177634736,19.061568396068076,1,TCSG,PROTON,FT
0,23.220023952095808,3.7375758005761517,27.874,6.461379610518375,0.006368723524554932,4.35950717717181,1,TCP,PROTON,FT
0,12.752717,3.9303447530413975,15.566,5.575828239099315,0.005773877110140458,4.777397093625648,1,TCP,PROTON,FT
0,24.97414072494669,4.014930224677275,38.01,11.381478550226571,0.051963885724237865,16.455784773248492,1,TCSG,PROTON,FT
1,10.333289999999998,4.144532478002782,13.755999999999995,8.721110387388565,0.9315062098471232,4.633749479981248,1,TCP,PROTON,FT
1,16.15042888888889,4.13383614102312,19.91,7.263733780004843,0.00662470564818046,4.202299112581559,1,TCP,PROTON,FT
1,28.494830000000004,5.0528154236679805,29.322000000000006,24.74721508882391,0.17035393983160094,1.0869364103997536,1,TCP,PROTON,FT
0,32.186144,4.006920119149603,34.39,41.076725045251905,0.0007621200459589103,-18.6894774294102,1,TCP,PROTON,FT
1,272.87162297128594,3.971780980304093,283.44599999999997,266.67252752380784,118.44668189090616,16.773472476192225,1,TCLA,PROTON,FT
0,18.151973895582326,4.242621302628994,19.548,9.90944908292988,0.004712666148476692,2.1859268233335154,1,TCP,PROTON,FT
0,152.74567088607594,3.618222483128765,165.43400000000003,93.64281241447429,0.01086684799104115,33.97361044560072,1,TCP,PROTON,FT
0,10.118417142857146,4.362631104035959,15.927999999999999,3.0416999373243274,0.010242070155351906,6.615154047064669,1,TCP,PROTON,FT
1,7.49396194291437,4.315144743699573,9.05,2.34605008574729,588.386032034422,6.703949914252843,1,TCP,PROTON,FT
0,16.567653999999994,4.3514064642348655,17.375999999999998,9.8164614018671,0.010328545282226131,2.041822262049219,1,TCP,PROTON,FT
0,78.60320388349514,4.909459051173405,89.77600000000001,43.635662887941315,0.006614887037684493,27.560444056965853,1,TCSG,PROTON,FT
1,6.410903225806449,5.24642127812198,8.687999999999999,3.0933477331538364,0.0028420873388119066,2.2919649377735363,1,TCSG,PROTON,FT
1,25.25666032123736,4.641500228517188,27.15,11.856875390457597,0.0017608805725353941,0.01766394056433792,1,TCP,PROTON,FT
0,14.38045,3.5691686117944297,17.014,5.682612255084555,0.08304736700643191,5.225346766103153,1,TCSG,PROTON,FT
1,6.771985714285715,4.224490442361346,9.412,5.357114392612657,2.1549944531876832,4.056367641886214,1,TCP,PROTON,FT
1,18.750070422535213,3.5355177521908274,20.996,14.57502335182093,1.399501932407287,6.359019620365433,1,TCP,PROTON,FT
0,31.01265065502184,3.747061265910799,44.163999999999994,25.83326851378584,0.0030846494909180324,10.829355401344301,1,TCP,PROTON,FT
0,17.839760368663594,3.898134957543733,19.548,11.372445619545728,0.009591826781901222,2.8856933645759466,1,TCP,PROTON,FT
1,102.38446,5.497600446626467,113.668,59.31090802226634,0.12390247849278332,13.52253343744903,1,TCLA,PROTON,FT
1,17.692750000000004,3.866088435552983,23.53,11.204691374797537,0.012000036390197793,5.270170502620472,1,TCP,PROTON,FT
1,5.608708860759494,12.35779782125778,6.516,5.687694912285222,20.33794776547508,0.8283050856652678,0,TCTPH,PROTON,FT
0,5.608708860759494,12.167729155361476,6.516,5.687694912285222,20.33794776547508,0.8283050856652678,0,TCTPH,PROTON,FT
