Timestamp,position,BLMTI.06L7.B1E10_TCP.C6L7.B1
1459600699340,4.78,3.6200000000000004e-07
1459600699350,4.78,3.6200000000000004e-07
1459600699360,4.78,0.0
1459600699370,4.78,3.6200000000000004e-07
1459600699380,4.78,3.6200000000000004e-07
1459600699390,4.78,7.240000000000001e-07
1459600699400,4.78,0.0
1459600699410,4.78,0.0
1459600699420,4.78,7.240000000000001e-07
1459600699430,4.78,0.0
1459600699440,4.78,3.6200000000000004e-07
1459600699450,4.78,3.6200000000000004e-07
1459600699460,4.78,0.0
1459600699470,4.78,3.6200000000000004e-07
1459600699480,4.78,3.6200000000000004e-07
1459600699490,4.78,0.0
1459600699500,4.78,7.240000000000001e-07
1459600699510,4.78,7.240000000000001e-07
1459600699520,4.78,0.0
1459600699530,4.78,0.0
1459600699540,4.78,3.6200000000000004e-07
1459600699550,4.78,3.6200000000000004e-07
1459600699560,4.78,0.0
1459600699570,4.78,0.0
1459600699580,4.78,3.6200000000000004e-07
1459600699590,4.78,7.240000000000001e-07
1459600699600,4.78,0.0
1459600699610,4.78,7.240000000000001e-07
1459600699620,4.78,0.0
1459600699630,4.78,0.0
1459600699640,4.78,3.6200000000000004e-07
1459600699650,4.78,0.0
1459600699660,4.78,3.6200000000000004e-07
1459600699670,4.78,3.6200000000000004e-07
1459600699680,4.78,3.6200000000000004e-07
1459600699690,4.78,0.0
1459600699700,4.78,3.6200000000000004e-07
1459600699710,4.78,0.0
1459600699720,4.78,3.6200000000000004e-07
1459600699730,4.78,0.0
1459600699740,4.78,0.0
1459600699750,4.78,3.6200000000000004e-07
1459600699760,4.78,3.6200000000000004e-07
1459600699770,4.78,3.6200000000000004e-07
1459600699780,4.78,0.0
1459600699790,4.78,3.6200000000000004e-07
1459600699800,4.78,0.0
1459600699810,4.78,3.6200000000000004e-07
1459600699820,4.78,0.0
1459600699830,4.78,7.240000000000001e-07
1459600699840,4.78,0.0
1459600699850,4.78,3.6200000000000004e-07
1459600699860,4.78,0.0
1459600699870,4.78,3.6200000000000004e-07
1459600699880,4.78,3.6200000000000004e-07
1459600699890,4.78,3.6200000000000004e-07
1459600699900,4.78,3.6200000000000004e-07
1459600699910,4.78,7.240000000000001e-07
1459600699920,4.78,3.6200000000000004e-07
1459600699930,4.78,0.0
1459600699940,4.78,3.6200000000000004e-07
1459600699950,4.78,0.0
1459600699960,4.78,7.240000000000001e-07
1459600699970,4.78,0.0
1459600699980,4.78,3.6200000000000004e-07
1459600699990,4.78,3.6200000000000004e-07
1459600700000,4.78,3.6200000000000004e-07
1459600700010,4.78,0.0
1459600700020,4.78,0.0
1459600700030,4.78,0.0
1459600700040,4.78,0.0
1459600700050,4.78,7.240000000000001e-07
1459600700060,4.78,0.0
1459600700070,4.78,1.0859999999999999e-06
1459600700080,4.78,0.0
1459600700090,4.78,0.0
1459600700100,4.78,0.0
1459600700110,4.78,3.6200000000000004e-07
1459600700120,4.78,3.6200000000000004e-07
1459600700130,4.78,0.0
1459600700140,4.78,3.6200000000000004e-07
1459600700150,4.78,3.6200000000000004e-07
1459600700160,4.78,1.0859999999999999e-06
1459600700170,4.78,0.0
1459600700180,4.78,7.240000000000001e-07
1459600700190,4.78,0.0
1459600700200,4.78,3.6200000000000004e-07
1459600700210,4.78,0.0
1459600700220,4.78,7.240000000000001e-07
1459600700230,4.78,0.0
1459600700240,4.78,7.240000000000001e-07
1459600700250,4.78,0.0
1459600700260,4.78,3.6200000000000004e-07
1459600700270,4.78,0.0
1459600700280,4.78,0.0
1459600700290,4.78,3.6200000000000004e-07
1459600700300,4.78,3.6200000000000004e-07
1459600700310,4.78,3.6200000000000004e-07
1459600700320,4.78,0.0
1459600700330,4.78,0.0
1459600700340,4.78,3.6200000000000004e-07
1459600700350,4.78,0.0
1459600700360,4.78,3.6200000000000004e-07
1459600700370,4.78,3.6200000000000004e-07
1459600700380,4.78,3.6200000000000004e-07
1459600700390,4.78,0.0
1459600700400,4.78,7.240000000000001e-07
1459600700410,4.78,0.0
1459600700420,4.78,7.240000000000001e-07
1459600700430,4.78,0.0
1459600700440,4.78,0.0
1459600700450,4.78,3.6200000000000004e-07
1459600700460,4.78,0.0
1459600700470,4.78,0.0
1459600700480,4.78,3.6200000000000004e-07
1459600700490,4.78,3.6200000000000004e-07
1459600700500,4.78,0.0
1459600700510,4.78,1.4480000000000002e-06
1459600700520,4.78,0.0
1459600700530,4.78,0.0
1459600700540,4.78,0.0
1459600700550,4.78,0.0
1459600700560,4.78,3.6200000000000004e-07
1459600700570,4.78,0.0
1459600700580,4.78,0.0
1459600700590,4.78,7.240000000000001e-07
1459600700600,4.78,0.0
1459600700610,4.78,3.6200000000000004e-07
1459600700620,4.78,3.6200000000000004e-07
1459600700630,4.78,0.0
1459600700640,4.78,0.0
1459600700650,4.78,3.6200000000000004e-07
1459600700660,4.78,7.240000000000001e-07
1459600700670,4.78,0.0
1459600700680,4.78,3.6200000000000004e-07
1459600700690,4.78,3.6200000000000004e-07
1459600700700,4.78,0.0
1459600700710,4.78,3.6200000000000004e-07
1459600700720,4.78,3.6200000000000004e-07
1459600700730,4.78,3.6200000000000004e-07
1459600700740,4.78,3.6200000000000004e-07
1459600700750,4.78,0.0
1459600700760,4.78,3.6200000000000004e-07
1459600700770,4.78,3.6200000000000004e-07
1459600700780,4.78,3.6200000000000004e-07
1459600700790,4.78,3.6200000000000004e-07
1459600700800,4.78,0.0
1459600700810,4.78,3.6200000000000004e-07
1459600700820,4.78,0.0
1459600700830,4.78,7.240000000000001e-07
1459600700840,4.78,0.0
1459600700850,4.78,3.6200000000000004e-07
1459600700860,4.78,3.6200000000000004e-07
1459600700870,4.78,0.0
1459600700880,4.78,3.6200000000000004e-07
1459600700890,4.78,3.6200000000000004e-07
1459600700900,4.78,3.6200000000000004e-07
1459600700910,4.78,0.0
1459600700920,4.78,3.6200000000000004e-07
1459600700930,4.78,0.0
1459600700940,4.78,7.240000000000001e-07
1459600700950,4.78,3.6200000000000004e-07
1459600700960,4.78,0.0
1459600700970,4.78,0.0
1459600700980,4.78,0.0
1459600700990,4.78,3.6200000000000004e-07
1459600701000,4.78,0.0
1459600701010,4.78,3.6200000000000004e-07
1459600701020,4.78,0.0
1459600701030,4.78,7.240000000000001e-07
1459600701040,4.78,3.6200000000000004e-07
1459600701050,4.78,0.0
1459600701060,4.78,0.0
1459600701070,4.78,3.6200000000000004e-07
1459600701080,4.78,0.0
1459600701090,4.78,0.0
1459600701100,4.78,0.0
1459600701110,4.78,3.6200000000000004e-07
1459600701120,4.78,0.0
1459600701130,4.78,0.0
1459600701140,4.78,7.240000000000001e-07
1459600701150,4.78,0.0
1459600701160,4.78,0.0
1459600701170,4.78,3.6200000000000004e-07
1459600701180,4.78,3.6200000000000004e-07
1459600701190,4.78,3.6200000000000004e-07
1459600701200,4.78,0.0
1459600701210,4.78,0.0
1459600701220,4.78,3.6200000000000004e-07
1459600701230,4.78,0.0
1459600701240,4.78,0.0
1459600701250,4.78,7.240000000000001e-07
1459600701260,4.78,0.0
1459600701270,4.78,0.0
1459600701280,4.78,3.6200000000000004e-07
1459600701290,4.78,3.6200000000000004e-07
1459600701300,4.78,3.6200000000000004e-07
1459600701310,4.78,0.0
1459600701320,4.78,3.6200000000000004e-07
1459600701330,4.78,0.0
1459600701340,4.78,0.0
1459600701350,4.78,3.6200000000000004e-07
1459600701360,4.78,7.240000000000001e-07
1459600701370,4.78,0.0
1459600701380,4.78,3.6200000000000004e-07
1459600701390,4.78,0.0
1459600701400,4.78,0.0
1459600701410,4.78,7.240000000000001e-07
1459600701420,4.78,3.6200000000000004e-07
1459600701430,4.78,3.6200000000000004e-07
1459600701440,4.78,0.0
1459600701450,4.78,0.0
1459600701460,4.78,0.0
1459600701470,4.78,7.240000000000001e-07
1459600701480,4.78,0.0
1459600701490,4.78,0.0
1459600701500,4.78,0.0
1459600701510,4.78,3.6200000000000004e-07
1459600701520,4.78,3.6200000000000004e-07
1459600701530,4.78,0.0
1459600701540,4.78,3.6200000000000004e-07
1459600701550,4.78,0.0
1459600701560,4.78,3.6200000000000004e-07
1459600701570,4.78,0.0
1459600701580,4.78,3.6200000000000004e-07
1459600701590,4.78,3.6200000000000004e-07
1459600701600,4.78,0.0
1459600701610,4.78,7.240000000000001e-07
1459600701620,4.78,3.6200000000000004e-07
1459600701630,4.78,0.0
1459600701640,4.78,3.6200000000000004e-07
1459600701650,4.78,3.6200000000000004e-07
1459600701660,4.78,0.0
1459600701670,4.78,3.6200000000000004e-07
1459600701680,4.78,0.0
1459600701690,4.78,7.240000000000001e-07
1459600701700,4.78,0.0
1459600701710,4.78,7.240000000000001e-07
1459600701720,4.78,0.0
1459600701730,4.78,7.240000000000001e-07
1459600701740,4.78,3.6200000000000004e-07
1459600701750,4.78,0.0
1459600701760,4.78,0.0
1459600701770,4.78,7.240000000000001e-07
1459600701780,4.78,0.0
1459600701790,4.78,7.240000000000001e-07
1459600701800,4.78,0.0
1459600701810,4.78,1.4480000000000002e-06
1459600701820,4.78,0.0
1459600701830,4.78,0.0
1459600701840,4.78,3.6200000000000004e-07
1459600701850,4.78,0.0
1459600701860,4.78,7.240000000000001e-07
1459600701870,4.78,0.0
1459600701880,4.78,3.6200000000000004e-07
1459600701890,4.78,7.240000000000001e-07
1459600701900,4.78,0.0
1459600701910,4.78,0.0
1459600701920,4.78,0.0
1459600701930,4.78,7.240000000000001e-07
1459600701940,4.78,0.0
1459600701950,4.78,3.6200000000000004e-07
1459600701960,4.78,0.0
1459600701970,4.78,0.0
1459600701980,4.78,7.240000000000001e-07
1459600701990,4.78,0.0
1459600702000,4.78,0.0
1459600702010,4.78,3.6200000000000004e-07
1459600702020,4.78,0.0
1459600702030,4.78,3.6200000000000004e-07
1459600702040,4.78,0.0
1459600702050,4.78,1.0859999999999999e-06
1459600702060,4.78,0.0
1459600702070,4.78,7.240000000000001e-07
1459600702080,4.78,0.0
1459600702090,4.78,0.0
1459600702100,4.78,0.0
1459600702110,4.78,3.6200000000000004e-07
1459600702120,4.78,3.6200000000000004e-07
1459600702130,4.78,0.0
1459600702140,4.78,7.240000000000001e-07
1459600702150,4.78,3.6200000000000004e-07
1459600702160,4.78,0.0
1459600702170,4.78,0.0
1459600702180,4.78,0.0
1459600702190,4.78,3.6200000000000004e-07
1459600702200,4.78,3.6200000000000004e-07
1459600702210,4.78,3.6200000000000004e-07
1459600702220,4.78,3.6200000000000004e-07
1459600702230,4.78,0.0
1459600702240,4.78,0.0
1459600702250,4.78,1.0859999999999999e-06
1459600702260,4.78,0.0
1459600702270,4.78,3.6200000000000004e-07
1459600702280,4.78,0.0
1459600702290,4.78,3.6200000000000004e-07
1459600702300,4.78,0.0
1459600702310,4.78,7.240000000000001e-07
1459600702320,4.78,0.0
1459600702330,4.78,0.0
1459600702340,4.78,0.0
1459600702350,4.78,0.0
1459600702360,4.78,1.0859999999999999e-06
1459600702370,4.78,0.0
1459600702380,4.78,0.0
1459600702390,4.78,3.6200000000000004e-07
1459600702400,4.78,3.6200000000000004e-07
1459600702410,4.78,0.0
1459600702420,4.78,7.240000000000001e-07
1459600702430,4.78,0.0
1459600702440,4.78,0.0
1459600702450,4.78,3.6200000000000004e-07
1459600702460,4.78,3.6200000000000004e-07
1459600702470,4.78,3.6200000000000004e-07
1459600702480,4.78,0.0
1459600702490,4.78,1.4480000000000002e-06
1459600702500,4.78,0.0
1459600702510,4.78,7.240000000000001e-07
1459600702520,4.78,0.0
1459600702530,4.78,0.0
1459600702540,4.78,0.0
1459600702550,4.78,7.240000000000001e-07
1459600702560,4.78,0.0
1459600702570,4.78,3.6200000000000004e-07
1459600702580,4.78,0.0
1459600702590,4.78,1.0859999999999999e-06
1459600702600,4.78,3.6200000000000004e-07
1459600702610,4.78,0.0
1459600702620,4.78,0.0
1459600702630,4.78,3.6200000000000004e-07
1459600702640,4.78,1.0859999999999999e-06
1459600702650,4.78,3.6200000000000004e-07
1459600702660,4.78,0.0
1459600702670,4.78,0.0
1459600702680,4.78,3.6200000000000004e-07
1459600702690,4.78,0.0
1459600702700,4.78,3.6200000000000004e-07
1459600702710,4.78,3.6200000000000004e-07
1459600702720,4.78,0.0
1459600702730,4.78,3.6200000000000004e-07
1459600702740,4.78,0.0
1459600702750,4.78,3.6200000000000004e-07
1459600702760,4.78,3.6200000000000004e-07
1459600702770,4.78,0.0
1459600702780,4.78,3.6200000000000004e-07
1459600702790,4.78,7.240000000000001e-07
1459600702800,4.78,0.0
1459600702810,4.78,3.6200000000000004e-07
1459600702820,4.78,0.0
1459600702830,4.78,0.0
1459600702840,4.78,7.240000000000001e-07
1459600702850,4.78,0.0
1459600702860,4.78,7.240000000000001e-07
1459600702870,4.78,0.0
1459600702880,4.78,0.0
1459600702890,4.78,3.6200000000000004e-07
1459600702900,4.78,0.0
1459600702910,4.78,0.0
1459600702920,4.78,3.6200000000000004e-07
1459600702930,4.78,0.0
1459600702940,4.78,0.0
1459600702950,4.78,3.6200000000000004e-07
1459600702960,4.78,0.0
1459600702970,4.78,3.6200000000000004e-07
1459600702980,4.78,3.6200000000000004e-07
1459600702990,4.78,3.6200000000000004e-07
1459600703000,4.78,0.0
1459600703010,4.78,7.240000000000001e-07
1459600703020,4.78,0.0
1459600703030,4.78,3.6200000000000004e-07
1459600703040,4.78,0.0
1459600703050,4.78,0.0
1459600703060,4.78,7.240000000000001e-07
1459600703070,4.78,0.0
1459600703080,4.78,3.6200000000000004e-07
1459600703090,4.78,0.0
1459600703100,4.78,7.240000000000001e-07
1459600703110,4.78,3.6200000000000004e-07
1459600703120,4.78,3.6200000000000004e-07
1459600703130,4.78,0.0
1459600703140,4.78,0.0
1459600703150,4.78,7.240000000000001e-07
1459600703160,4.78,7.240000000000001e-07
1459600703170,4.78,0.0
1459600703180,4.78,3.6200000000000004e-07
1459600703190,4.78,0.0
1459600703200,4.78,7.240000000000001e-07
1459600703210,4.78,0.0
1459600703220,4.78,0.0
1459600703230,4.78,7.240000000000001e-07
1459600703240,4.78,3.6200000000000004e-07
1459600703250,4.78,3.6200000000000004e-07
1459600703260,4.78,3.6200000000000004e-07
1459600703270,4.78,0.0
1459600703280,4.78,0.0
1459600703290,4.78,3.6200000000000004e-07
1459600703300,4.78,3.6200000000000004e-07
1459600703310,4.78,3.6200000000000004e-07
1459600703320,4.78,3.6200000000000004e-07
1459600703330,4.78,3.6200000000000004e-07
1459600703340,4.78,3.6200000000000004e-07
1459600703350,4.78,0.0
1459600703360,4.78,3.6200000000000004e-07
1459600703370,4.78,0.0
1459600703380,4.78,1.0859999999999999e-06
1459600703390,4.78,0.0
1459600703400,4.78,0.0
1459600703410,4.78,7.240000000000001e-07
1459600703420,4.78,0.0
1459600703430,4.78,7.240000000000001e-07
1459600703440,4.78,0.0
1459600703450,4.78,0.0
1459600703460,4.78,7.240000000000001e-07
1459600703470,4.78,0.0
1459600703480,4.78,3.6200000000000004e-07
1459600703490,4.78,3.6200000000000004e-07
1459600703500,4.78,0.0
1459600703510,4.78,1.0859999999999999e-06
1459600703520,4.78,0.0
1459600703530,4.78,0.0
1459600703540,4.78,0.0
1459600703550,4.78,3.6200000000000004e-07
1459600703560,4.78,0.0
1459600703570,4.78,3.6200000000000004e-07
1459600703580,4.78,0.0
1459600703590,4.78,3.6200000000000004e-07
1459600703600,4.78,3.6200000000000004e-07
1459600703610,4.78,3.6200000000000004e-07
1459600703620,4.78,0.0
1459600703630,4.78,7.240000000000001e-07
1459600703640,4.78,0.0
1459600703650,4.78,3.6200000000000004e-07
1459600703660,4.78,3.6200000000000004e-07
1459600703670,4.78,0.0
1459600703680,4.78,3.6200000000000004e-07
1459600703690,4.78,0.0
1459600703700,4.78,0.0
1459600703710,4.78,7.240000000000001e-07
1459600703720,4.78,3.6200000000000004e-07
1459600703730,4.78,0.0
1459600703740,4.78,7.240000000000001e-07
1459600703750,4.78,0.0
1459600703760,4.78,3.6200000000000004e-07
1459600703770,4.78,7.240000000000001e-07
1459600703780,4.78,3.6200000000000004e-07
1459600703790,4.78,3.6200000000000004e-07
1459600703800,4.78,0.0
1459600703810,4.78,3.6200000000000004e-07
1459600703820,4.78,0.0
1459600703830,4.78,7.240000000000001e-07
1459600703840,4.78,0.0
1459600703850,4.78,3.6200000000000004e-07
1459600703860,4.78,0.0
1459600703870,4.78,7.240000000000001e-07
1459600703880,4.78,3.6200000000000004e-07
1459600703890,4.78,0.0
1459600703900,4.78,3.6200000000000004e-07
1459600703910,4.78,0.0
1459600703920,4.78,3.6200000000000004e-07
1459600703930,4.78,0.0
1459600703940,4.78,7.240000000000001e-07
1459600703950,4.78,0.0
1459600703960,4.78,7.240000000000001e-07
1459600703970,4.78,0.0
1459600703980,4.78,1.0859999999999999e-06
1459600703990,4.78,0.0
1459600704000,4.78,3.6200000000000004e-07
1459600704010,4.78,3.6200000000000004e-07
1459600704020,4.78,0.0
1459600704030,4.78,7.240000000000001e-07
1459600704040,4.78,0.0
1459600704050,4.78,3.6200000000000004e-07
1459600704060,4.78,0.0
1459600704070,4.78,7.240000000000001e-07
1459600704080,4.78,0.0
1459600704090,4.78,3.6200000000000004e-07
1459600704100,4.78,3.6200000000000004e-07
1459600704110,4.78,0.0
1459600704120,4.78,3.6200000000000004e-07
1459600704130,4.78,7.240000000000001e-07
1459600704140,4.78,0.0
1459600704150,4.78,0.0
1459600704160,4.78,7.240000000000001e-07
1459600704170,4.78,0.0
1459600704180,4.78,0.0
1459600704190,4.78,3.6200000000000004e-07
1459600704200,4.78,7.240000000000001e-07
1459600704210,4.78,0.0
1459600704220,4.78,0.0
1459600704230,4.78,3.6200000000000004e-07
1459600704240,4.78,0.0
1459600704250,4.78,7.240000000000001e-07
1459600704260,4.78,0.0
1459600704270,4.78,7.240000000000001e-07
1459600704280,4.78,0.0
1459600704290,4.78,3.6200000000000004e-07
1459600704300,4.78,0.0
1459600704310,4.78,3.6200000000000004e-07
1459600704320,4.78,0.0
1459600704330,4.78,3.6200000000000004e-07
1459600704340,4.78,3.6200000000000004e-07
1459600704350,4.78,0.0
1459600704360,4.78,3.6200000000000004e-07
1459600704370,4.78,0.0
1459600704380,4.78,7.240000000000001e-07
1459600704390,4.78,0.0
1459600704400,4.78,7.240000000000001e-07
1459600704410,4.78,0.0
1459600704420,4.78,1.0859999999999999e-06
1459600704430,4.78,0.0
1459600704440,4.78,0.0
1459600704450,4.78,3.6200000000000004e-07
1459600704460,4.78,3.6200000000000004e-07
1459600704470,4.78,0.0
1459600704480,4.78,0.0
1459600704490,4.78,7.240000000000001e-07
1459600704500,4.78,0.0
1459600704510,4.78,7.240000000000001e-07
1459600704520,4.78,0.0
1459600704530,4.78,3.6200000000000004e-07
1459600704540,4.78,0.0
1459600704550,4.78,3.6200000000000004e-07
1459600704560,4.78,0.0
1459600704570,4.78,7.240000000000001e-07
1459600704580,4.78,0.0
1459600704590,4.78,0.0
1459600704600,4.78,3.6200000000000004e-07
1459600704610,4.78,0.0
1459600704620,4.78,7.240000000000001e-07
1459600704630,4.78,0.0
1459600704640,4.78,3.6200000000000004e-07
1459600704650,4.78,0.0
1459600704660,4.78,3.6200000000000004e-07
1459600704670,4.78,3.6200000000000004e-07
1459600704680,4.78,0.0
1459600704690,4.78,1.4480000000000002e-06
1459600704700,4.78,0.0
1459600704710,4.78,7.240000000000001e-07
1459600704720,4.78,0.0
1459600704730,4.78,0.0
1459600704740,4.78,3.6200000000000004e-07
1459600704750,4.78,7.240000000000001e-07
1459600704760,4.78,0.0
1459600704770,4.78,3.6200000000000004e-07
1459600704780,4.78,3.6200000000000004e-07
1459600704790,4.78,3.6200000000000004e-07
1459600704800,4.78,0.0
1459600704810,4.78,0.0
1459600704820,4.78,7.240000000000001e-07
1459600704830,4.78,0.0
1459600704840,4.78,0.0
1459600704850,4.78,0.0
1459600704860,4.78,1.0859999999999999e-06
1459600704870,4.78,0.0
1459600704880,4.78,0.0
1459600704890,4.78,0.0
1459600704900,4.78,0.0
1459600704910,4.78,7.240000000000001e-07
1459600704920,4.78,0.0
1459600704930,4.78,0.0
1459600704940,4.78,3.6200000000000004e-07
1459600704950,4.78,7.240000000000001e-07
1459600704960,4.78,0.0
1459600704970,4.78,0.0
1459600704980,4.78,3.6200000000000004e-07
1459600704990,4.78,3.6200000000000004e-07
1459600705000,4.78,3.6200000000000004e-07
1459600705010,4.78,0.0
1459600705020,4.78,3.6200000000000004e-07
1459600705030,4.78,3.6200000000000004e-07
1459600705040,4.78,3.6200000000000004e-07
1459600705050,4.78,0.0
1459600705060,4.78,7.240000000000001e-07
1459600705070,4.78,3.6200000000000004e-07
1459600705080,4.78,3.6200000000000004e-07
1459600705090,4.78,7.240000000000001e-07
1459600705100,4.78,3.6200000000000004e-07
1459600705110,4.78,7.240000000000001e-07
1459600705120,4.78,0.0
1459600705130,4.78,7.240000000000001e-07
1459600705140,4.78,0.0
1459600705150,4.78,0.0
1459600705160,4.78,3.6200000000000004e-07
1459600705170,4.78,3.6200000000000004e-07
1459600705180,4.78,0.0
1459600705190,4.78,7.240000000000001e-07
1459600705200,4.78,0.0
1459600705210,4.78,3.6200000000000004e-07
1459600705220,4.78,0.0
1459600705230,4.78,7.240000000000001e-07
1459600705240,4.78,0.0
1459600705250,4.78,3.6200000000000004e-07
1459600705260,4.78,3.6200000000000004e-07
1459600705270,4.78,3.6200000000000004e-07
1459600705280,4.78,0.0
1459600705290,4.78,3.6200000000000004e-07
1459600705300,4.78,7.240000000000001e-07
1459600705310,4.78,0.0
1459600705320,4.78,7.240000000000001e-07
1459600705330,4.78,0.0
1459600705340,4.78,0.0
1459600705350,4.78,3.6200000000000004e-07
1459600705360,4.78,0.0
1459600705370,4.78,7.240000000000001e-07
1459600705380,4.78,0.0
1459600705390,4.78,7.240000000000001e-07
1459600705400,4.78,0.0
1459600705410,4.78,0.0
1459600705420,4.78,3.6200000000000004e-07
1459600705430,4.78,3.6200000000000004e-07
1459600705440,4.78,0.0
1459600705450,4.78,0.0
1459600705460,4.78,0.0
1459600705470,4.78,3.6200000000000004e-07
1459600705480,4.78,3.6200000000000004e-07
1459600705490,4.78,0.0
1459600705500,4.78,0.0
1459600705510,4.78,3.6200000000000004e-07
1459600705520,4.78,7.240000000000001e-07
1459600705530,4.78,0.0
1459600705540,4.78,3.6200000000000004e-07
1459600705550,4.78,3.6200000000000004e-07
1459600705560,4.78,0.0
1459600705570,4.78,7.240000000000001e-07
1459600705580,4.78,3.6200000000000004e-07
1459600705590,4.78,0.0
1459600705600,4.78,0.0
1459600705610,4.78,3.6200000000000004e-07
1459600705620,4.78,0.0
1459600705630,4.78,3.6200000000000004e-07
1459600705640,4.78,3.6200000000000004e-07
1459600705650,4.78,3.6200000000000004e-07
1459600705660,4.78,0.0
1459600705670,4.78,3.6200000000000004e-07
1459600705680,4.78,0.0
1459600705690,4.78,3.6200000000000004e-07
1459600705700,4.78,0.0
1459600705710,4.78,3.6200000000000004e-07
1459600705720,4.78,0.0
1459600705730,4.78,3.6200000000000004e-07
1459600705740,4.78,7.240000000000001e-07
1459600705750,4.78,0.0
1459600705760,4.78,3.6200000000000004e-07
1459600705770,4.78,0.0
1459600705780,4.78,3.6200000000000004e-07
1459600705790,4.78,0.0
1459600705800,4.78,3.6200000000000004e-07
1459600705810,4.78,3.6200000000000004e-07
1459600705820,4.78,0.0
1459600705830,4.78,7.240000000000001e-07
1459600705840,4.78,0.0
1459600705850,4.78,0.0
1459600705860,4.78,0.0
1459600705870,4.78,3.6200000000000004e-07
1459600705880,4.78,0.0
1459600705890,4.78,1.0859999999999999e-06
1459600705900,4.78,0.0
1459600705910,4.78,3.6200000000000004e-07
1459600705920,4.78,3.6200000000000004e-07
1459600705930,4.78,7.240000000000001e-07
1459600705940,4.78,0.0
1459600705950,4.78,3.6200000000000004e-07
1459600705960,4.78,3.6200000000000004e-07
1459600705970,4.78,0.0
1459600705980,4.78,1.0859999999999999e-06
1459600705990,4.78,0.0
1459600706000,4.78,7.240000000000001e-07
1459600706010,4.78,0.0
1459600706020,4.78,3.6200000000000004e-07
1459600706030,4.78,3.6200000000000004e-07
1459600706040,4.78,0.0
1459600706050,4.78,7.240000000000001e-07
1459600706060,4.78,0.0
1459600706070,4.78,3.6200000000000004e-07
1459600706080,4.78,0.0
1459600706090,4.78,7.240000000000001e-07
1459600706100,4.78,0.0
1459600706110,4.78,1.0859999999999999e-06
1459600706120,4.78,0.0
1459600706130,4.78,0.0
1459600706140,4.78,0.0
1459600706150,4.78,3.6200000000000004e-07
1459600706160,4.78,0.0
1459600706170,4.78,1.0859999999999999e-06
1459600706180,4.78,0.0
1459600706190,4.78,3.6200000000000004e-07
1459600706200,4.78,3.6200000000000004e-07
1459600706210,4.78,3.6200000000000004e-07
1459600706220,4.78,0.0
1459600706230,4.78,3.6200000000000004e-07
1459600706240,4.78,3.6200000000000004e-07
1459600706250,4.78,0.0
1459600706260,4.78,7.240000000000001e-07
1459600706270,4.78,3.6200000000000004e-07
1459600706280,4.78,3.6200000000000004e-07
1459600706290,4.78,3.6200000000000004e-07
1459600706300,4.78,0.0
1459600706310,4.78,3.6200000000000004e-07
1459600706320,4.78,0.0
1459600706330,4.78,7.240000000000001e-07
1459600706340,4.78,0.0
1459600706350,4.78,3.6200000000000004e-07
1459600706360,4.78,0.0
1459600706370,4.78,0.0
1459600706380,4.78,0.0
1459600706390,4.78,3.6200000000000004e-07
1459600706400,4.78,3.6200000000000004e-07
1459600706410,4.78,7.240000000000001e-07
1459600706420,4.78,3.6200000000000004e-07
1459600706430,4.78,0.0
1459600706440,4.78,0.0
1459600706450,4.78,0.0
1459600706460,4.78,7.240000000000001e-07
1459600706470,4.78,0.0
1459600706480,4.78,0.0
1459600706490,4.78,3.6200000000000004e-07
1459600706500,4.78,3.6200000000000004e-07
1459600706510,4.78,0.0
1459600706520,4.78,0.0
1459600706530,4.78,7.240000000000001e-07
1459600706540,4.78,0.0
1459600706550,4.78,3.6200000000000004e-07
1459600706560,4.78,3.6200000000000004e-07
1459600706570,4.78,3.6200000000000004e-07
1459600706580,4.78,0.0
1459600706590,4.78,7.240000000000001e-07
1459600706600,4.78,0.0
1459600706610,4.78,7.240000000000001e-07
1459600706620,4.78,0.0
1459600706630,4.78,0.0
1459600706640,4.78,7.240000000000001e-07
1459600706650,4.78,7.240000000000001e-07
1459600706660,4.78,0.0
1459600706670,4.78,0.0
1459600706680,4.78,3.6200000000000004e-07
1459600706690,4.78,0.0
1459600706700,4.78,3.6200000000000004e-07
1459600706710,4.78,0.0
1459600706720,4.78,3.6200000000000004e-07
1459600706730,4.78,1.0859999999999999e-06
1459600706740,4.78,0.0
1459600706750,4.78,0.0
1459600706760,4.78,3.6200000000000004e-07
1459600706770,4.78,7.240000000000001e-07
1459600706780,4.78,3.6200000000000004e-07
1459600706790,4.78,3.6200000000000004e-07
1459600706800,4.78,3.6200000000000004e-07
1459600706810,4.78,3.6200000000000004e-07
1459600706820,4.78,7.240000000000001e-07
1459600706830,4.78,3.6200000000000004e-07
1459600706840,4.78,3.6200000000000004e-07
1459600706850,4.78,0.0
1459600706860,4.78,7.240000000000001e-07
1459600706870,4.78,0.0
1459600706880,4.78,3.6200000000000004e-07
1459600706890,4.78,3.6200000000000004e-07
1459600706900,4.78,0.0
1459600706910,4.78,0.0
1459600706920,4.78,3.6200000000000004e-07
1459600706930,4.78,7.240000000000001e-07
1459600706940,4.78,0.0
1459600706950,4.78,7.240000000000001e-07
1459600706960,4.78,0.0
1459600706970,4.78,0.0
1459600706980,4.78,3.6200000000000004e-07
1459600706990,4.78,0.0
1459600707000,4.78,3.6200000000000004e-07
1459600707010,4.78,7.240000000000001e-07
1459600707020,4.78,0.0
1459600707030,4.78,0.0
1459600707040,4.78,7.240000000000001e-07
1459600707050,4.78,0.0
1459600707060,4.78,3.6200000000000004e-07
1459600707070,4.78,3.6200000000000004e-07
1459600707080,4.78,3.6200000000000004e-07
1459600707090,4.78,0.0
1459600707100,4.78,7.240000000000001e-07
1459600707110,4.78,3.6200000000000004e-07
1459600707120,4.78,0.0
1459600707130,4.78,3.6200000000000004e-07
1459600707140,4.78,0.0
1459600707150,4.78,7.240000000000001e-07
1459600707160,4.78,3.6200000000000004e-07
1459600707170,4.78,3.6200000000000004e-07
1459600707180,4.78,0.0
1459600707190,4.78,7.240000000000001e-07
1459600707200,4.78,0.0
1459600707210,4.78,3.6200000000000004e-07
1459600707220,4.78,0.0
1459600707230,4.78,3.6200000000000004e-07
1459600707240,4.78,3.6200000000000004e-07
1459600707250,4.78,0.0
1459600707260,4.78,1.0859999999999999e-06
1459600707270,4.78,0.0
1459600707280,4.78,0.0
1459600707290,4.78,3.6200000000000004e-07
1459600707300,4.78,3.6200000000000004e-07
1459600707310,4.78,0.0
1459600707320,4.78,3.6200000000000004e-07
1459600707330,4.78,0.0
1459600707340,4.78,3.6200000000000004e-07
1459600707350,4.78,0.0
1459600707360,4.78,7.240000000000001e-07
1459600707370,4.78,0.0
1459600707380,4.78,7.240000000000001e-07
1459600707390,4.78,0.0
1459600707400,4.78,3.6200000000000004e-07
1459600707410,4.78,3.6200000000000004e-07
1459600707420,4.78,0.0
1459600707430,4.78,0.0
1459600707440,4.78,3.6200000000000004e-07
1459600707450,4.78,3.6200000000000004e-07
1459600707460,4.78,7.240000000000001e-07
1459600707470,4.78,0.0
1459600707480,4.78,3.6200000000000004e-07
1459600707490,4.78,3.6200000000000004e-07
1459600707500,4.78,3.6200000000000004e-07
1459600707510,4.78,3.6200000000000004e-07
1459600707520,4.78,1.0859999999999999e-06
1459600707530,4.78,1.0859999999999999e-06
1459600707540,4.78,0.0
1459600707550,4.78,3.6200000000000004e-07
1459600707560,4.78,0.0
1459600707570,4.78,7.240000000000001e-07
1459600707580,4.78,0.0
1459600707590,4.78,3.6200000000000004e-07
1459600707600,4.78,0.0
1459600707610,4.78,3.6200000000000004e-07
1459600707620,4.78,0.0
1459600707630,4.78,0.0
1459600707640,4.78,3.6200000000000004e-07
1459600707650,4.78,7.240000000000001e-07
1459600707660,4.78,3.6200000000000004e-07
1459600707670,4.78,0.0
1459600707680,4.78,3.6200000000000004e-07
1459600707690,4.78,0.0
1459600707700,4.78,3.6200000000000004e-07
1459600707710,4.78,7.240000000000001e-07
1459600707720,4.78,0.0
1459600707730,4.78,0.0
1459600707740,4.78,3.6200000000000004e-07
1459600707750,4.78,7.240000000000001e-07
1459600707760,4.78,0.0
1459600707770,4.78,7.240000000000001e-07
1459600707780,4.78,0.0
1459600707790,4.78,0.0
1459600707800,4.78,7.240000000000001e-07
1459600707810,4.78,7.240000000000001e-07
1459600707820,4.78,0.0
1459600707830,4.78,0.0
1459600707840,4.78,3.6200000000000004e-07
1459600707850,4.78,0.0
1459600707860,4.78,3.6200000000000004e-07
1459600707870,4.78,3.6200000000000004e-07
1459600707880,4.78,3.6200000000000004e-07
1459600707890,4.78,0.0
1459600707900,4.78,7.240000000000001e-07
1459600707910,4.78,0.0
1459600707920,4.78,0.0
1459600707930,4.78,0.0
1459600707940,4.78,7.240000000000001e-07
1459600707950,4.78,0.0
1459600707960,4.78,0.0
1459600707970,4.78,7.240000000000001e-07
1459600707980,4.78,3.6200000000000004e-07
1459600707990,4.78,3.6200000000000004e-07
1459600708000,4.78,0.0
1459600708010,4.78,3.6200000000000004e-07
1459600708020,4.78,3.6200000000000004e-07
1459600708030,4.78,0.0
1459600708040,4.78,3.6200000000000004e-07
1459600708050,4.78,3.6200000000000004e-07
1459600708060,4.78,0.0
1459600708070,4.78,0.0
1459600708080,4.78,0.0
1459600708090,4.78,3.6200000000000004e-07
1459600708100,4.78,0.0
1459600708110,4.78,3.6200000000000004e-07
1459600708120,4.78,3.6200000000000004e-07
1459600708130,4.78,3.6200000000000004e-07
1459600708140,4.78,0.0
1459600708150,4.78,7.240000000000001e-07
1459600708160,4.78,3.6200000000000004e-07
1459600708170,4.78,3.6200000000000004e-07
1459600708180,4.78,0.0
1459600708190,4.78,3.6200000000000004e-07
1459600708200,4.78,3.6200000000000004e-07
1459600708210,4.78,7.240000000000001e-07
1459600708220,4.78,0.0
1459600708230,4.78,3.6200000000000004e-07
1459600708240,4.78,0.0
1459600708250,4.78,7.240000000000001e-07
1459600708260,4.78,0.0
1459600708270,4.78,3.6200000000000004e-07
1459600708280,4.78,3.6200000000000004e-07
1459600708290,4.78,3.6200000000000004e-07
1459600708300,4.78,3.6200000000000004e-07
1459600708310,4.78,0.0
1459600708320,4.78,3.6200000000000004e-07
1459600708330,4.78,0.0
1459600708340,4.78,3.6200000000000004e-07
1459600708350,4.78,0.0
1459600708360,4.78,3.6200000000000004e-07
1459600708370,4.78,7.240000000000001e-07
1459600708380,4.78,0.0
1459600708390,4.78,3.6200000000000004e-07
1459600708400,4.78,3.6200000000000004e-07
1459600708410,4.78,0.0
1459600708420,4.78,0.0
1459600708430,4.78,1.0859999999999999e-06
1459600708440,4.78,0.0
1459600708450,4.78,3.6200000000000004e-07
1459600708460,4.78,0.0
1459600708470,4.78,7.240000000000001e-07
1459600708480,4.78,7.240000000000001e-07
1459600708490,4.78,3.6200000000000004e-07
1459600708500,4.78,3.6200000000000004e-07
1459600708510,4.78,0.0
1459600708520,4.78,3.6200000000000004e-07
1459600708530,4.78,0.0
1459600708540,4.78,3.6200000000000004e-07
1459600708550,4.78,7.240000000000001e-07
1459600708560,4.78,0.0
1459600708570,4.78,0.0
1459600708580,4.78,3.6200000000000004e-07
1459600708590,4.78,0.0
1459600708600,4.78,3.6200000000000004e-07
1459600708610,4.78,0.0
1459600708620,4.78,3.6200000000000004e-07
1459600708630,4.78,3.6200000000000004e-07
1459600708640,4.78,0.0
1459600708650,4.78,3.6200000000000004e-07
1459600708660,4.78,0.0
1459600708670,4.78,3.6200000000000004e-07
1459600708680,4.78,0.0
1459600708690,4.78,7.240000000000001e-07
1459600708700,4.78,0.0
1459600708710,4.78,3.6200000000000004e-07
1459600708720,4.78,0.0
1459600708730,4.78,3.6200000000000004e-07
1459600708740,4.78,3.6200000000000004e-07
1459600708750,4.78,0.0
1459600708760,4.78,3.6200000000000004e-07
1459600708770,4.78,3.6200000000000004e-07
1459600708780,4.78,3.6200000000000004e-07
1459600708790,4.78,0.0
1459600708800,4.78,3.6200000000000004e-07
1459600708810,4.78,3.6200000000000004e-07
1459600708820,4.78,3.6200000000000004e-07
1459600708830,4.78,0.0
1459600708840,4.78,0.0
1459600708850,4.78,3.6200000000000004e-07
1459600708860,4.78,3.6200000000000004e-07
1459600708870,4.78,0.0
1459600708880,4.78,0.0
1459600708890,4.78,0.0
1459600708900,4.78,7.240000000000001e-07
1459600708910,4.78,0.0
1459600708920,4.78,7.240000000000001e-07
1459600708930,4.78,3.6200000000000004e-07
1459600708940,4.78,3.6200000000000004e-07
1459600708950,4.78,0.0
1459600708960,4.78,7.240000000000001e-07
1459600708970,4.78,0.0
1459600708980,4.78,3.6200000000000004e-07
1459600708990,4.78,0.0
1459600709000,4.78,3.6200000000000004e-07
1459600709010,4.78,3.6200000000000004e-07
1459600709020,4.78,7.240000000000001e-07
1459600709030,4.78,0.0
1459600709040,4.78,0.0
1459600709050,4.78,0.0
1459600709060,4.78,0.0
1459600709070,4.78,3.6200000000000004e-07
1459600709080,4.78,3.6200000000000004e-07
1459600709090,4.78,3.6200000000000004e-07
1459600709100,4.78,0.0
1459600709110,4.78,7.240000000000001e-07
1459600709120,4.78,0.0
1459600709130,4.78,3.6200000000000004e-07
1459600709140,4.78,0.0
1459600709150,4.78,3.6200000000000004e-07
1459600709160,4.78,3.6200000000000004e-07
1459600709170,4.78,0.0
1459600709180,4.78,7.240000000000001e-07
1459600709190,4.78,3.6200000000000004e-07
1459600709200,4.78,3.6200000000000004e-07
1459600709210,4.78,0.0
1459600709220,4.78,3.6200000000000004e-07
1459600709230,4.78,0.0
1459600709240,4.78,7.240000000000001e-07
1459600709250,4.78,0.0
1459600709260,4.78,3.6200000000000004e-07
1459600709270,4.78,3.6200000000000004e-07
1459600709280,4.78,0.0
1459600709290,4.78,3.6200000000000004e-07
1459600709300,4.78,0.0
1459600709310,4.78,3.6200000000000004e-07
1459600709320,4.78,0.0
1459600709330,4.78,0.0
1459600709340,4.78,0.0
1459600709350,4.78,3.6200000000000004e-07
1459600709360,4.78,3.6200000000000004e-07
1459600709370,4.78,3.6200000000000004e-07
1459600709380,4.78,0.0
1459600709390,4.78,0.0
1459600709400,4.78,3.6200000000000004e-07
1459600709410,4.78,0.0
1459600709420,4.78,3.6200000000000004e-07
1459600709430,4.78,0.0
1459600709440,4.78,7.240000000000001e-07
1459600709450,4.78,0.0
1459600709460,4.78,0.0
1459600709470,4.78,3.6200000000000004e-07
1459600709480,4.78,3.6200000000000004e-07
1459600709490,4.78,3.6200000000000004e-07
1459600709500,4.78,0.0
1459600709510,4.78,3.6200000000000004e-07
1459600709520,4.78,3.6200000000000004e-07
1459600709530,4.78,7.240000000000001e-07
1459600709540,4.78,0.0
1459600709550,4.78,3.6200000000000004e-07
1459600709560,4.78,0.0
1459600709570,4.78,3.6200000000000004e-07
1459600709580,4.78,3.6200000000000004e-07
1459600709590,4.78,0.0
1459600709600,4.78,0.0
1459600709610,4.78,0.0
1459600709620,4.78,7.240000000000001e-07
1459600709630,4.78,0.0
1459600709640,4.78,3.6200000000000004e-07
1459600709650,4.78,0.0
1459600709660,4.78,3.6200000000000004e-07
1459600709670,4.78,0.0
1459600709680,4.78,7.240000000000001e-07
1459600709690,4.78,0.0
1459600709700,4.78,3.6200000000000004e-07
1459600709710,4.78,3.6200000000000004e-07
1459600709720,4.78,0.0
1459600709730,4.78,0.0
1459600709740,4.78,3.6200000000000004e-07
1459600709750,4.78,3.6200000000000004e-07
1459600709760,4.78,3.6200000000000004e-07
1459600709770,4.78,0.0
1459600709780,4.78,7.240000000000001e-07
1459600709790,4.78,0.0
1459600709800,4.78,0.0
1459600709810,4.78,0.0
1459600709820,4.78,3.6200000000000004e-07
1459600709830,4.78,0.0
1459600709840,4.78,1.0859999999999999e-06
1459600709850,4.78,0.0
1459600709860,4.78,0.0
1459600709870,4.78,0.0
1459600709880,4.78,3.6200000000000004e-07
1459600709890,4.78,0.0
1459600709900,4.78,3.6200000000000004e-07
1459600709910,4.78,0.0
1459600709920,4.78,3.6200000000000004e-07
1459600709930,4.78,3.6200000000000004e-07
1459600709940,4.78,0.0
1459600709950,4.78,3.6200000000000004e-07
1459600709960,4.78,0.0
1459600709970,4.78,3.6200000000000004e-07
1459600709980,4.78,0.0
1459600709990,4.78,3.6200000000000004e-07
1459600710000,4.78,0.0
1459600710010,4.78,3.6200000000000004e-07
1459600710020,4.78,0.0
1459600710030,4.78,3.6200000000000004e-07
1459600710040,4.78,1.0859999999999999e-06
1459600710050,4.78,0.0
1459600710060,4.78,3.6200000000000004e-07
1459600710070,4.78,3.6200000000000004e-07
1459600710080,4.78,3.6200000000000004e-07
1459600710090,4.78,0.0
1459600710100,4.78,7.240000000000001e-07
1459600710110,4.78,0.0
1459600710120,4.78,3.6200000000000004e-07
1459600710130,4.78,3.6200000000000004e-07
1459600710140,4.78,0.0
1459600710150,4.78,3.6200000000000004e-07
1459600710160,4.78,7.240000000000001e-07
1459600710170,4.78,0.0
1459600710180,4.78,3.6200000000000004e-07
1459600710190,4.78,0.0
1459600710200,4.78,7.240000000000001e-07
1459600710210,4.78,0.0
1459600710220,4.78,3.6200000000000004e-07
1459600710230,4.78,0.0
1459600710240,4.78,7.240000000000001e-07
1459600710250,4.78,0.0
1459600710260,4.78,0.0
1459600710270,4.78,0.0
1459600710280,4.78,3.6200000000000004e-07
1459600710290,4.78,3.6200000000000004e-07
1459600710300,4.78,3.6200000000000004e-07
1459600710310,4.78,0.0
1459600710320,4.78,3.6200000000000004e-07
1459600710330,4.78,0.0
1459600710340,4.78,7.240000000000001e-07
1459600710350,4.78,0.0
1459600710360,4.78,3.6200000000000004e-07
1459600710370,4.78,0.0
1459600710380,4.78,3.6200000000000004e-07
1459600710390,4.78,0.0
1459600710400,4.78,3.6200000000000004e-07
1459600710410,4.78,7.240000000000001e-07
1459600710420,4.78,0.0
1459600710430,4.78,0.0
1459600710440,4.78,0.0
1459600710450,4.78,3.6200000000000004e-07
1459600710460,4.78,3.6200000000000004e-07
1459600710470,4.78,0.0
1459600710480,4.78,7.240000000000001e-07
1459600710490,4.78,0.0
1459600710500,4.78,0.0
1459600710510,4.78,0.0
1459600710520,4.78,3.6200000000000004e-07
1459600710530,4.78,3.6200000000000004e-07
1459600710540,4.78,7.240000000000001e-07
1459600710550,4.78,0.0
1459600710560,4.78,0.0
1459600710570,4.78,0.0
1459600710580,4.78,1.0859999999999999e-06
1459600710590,4.78,0.0
1459600710600,4.78,0.0
1459600710610,4.78,0.0
1459600710620,4.78,7.240000000000001e-07
1459600710630,4.78,3.6200000000000004e-07
1459600710640,4.78,3.6200000000000004e-07
1459600710650,4.78,0.0
1459600710660,4.78,3.6200000000000004e-07
1459600710670,4.78,3.6200000000000004e-07
1459600710680,4.78,3.6200000000000004e-07
1459600710690,4.78,0.0
1459600710700,4.78,0.0
1459600710710,4.78,0.0
1459600710720,4.78,3.6200000000000004e-07
1459600710730,4.78,3.6200000000000004e-07
1459600710740,4.78,3.6200000000000004e-07
1459600710750,4.78,3.6200000000000004e-07
1459600710760,4.78,7.240000000000001e-07
1459600710770,4.78,0.0
1459600710780,4.78,3.6200000000000004e-07
1459600710790,4.78,0.0
1459600710800,4.78,3.6200000000000004e-07
1459600710810,4.78,0.0
1459600710820,4.78,7.240000000000001e-07
1459600710830,4.78,0.0
1459600710840,4.78,3.6200000000000004e-07
1459600710850,4.78,3.6200000000000004e-07
1459600710860,4.78,3.6200000000000004e-07
1459600710870,4.78,0.0
1459600710880,4.78,3.6200000000000004e-07
1459600710890,4.78,3.6200000000000004e-07
1459600710900,4.78,7.240000000000001e-07
1459600710910,4.78,0.0
1459600710920,4.78,0.0
1459600710930,4.78,3.6200000000000004e-07
1459600710940,4.78,0.0
1459600710950,4.78,3.6200000000000004e-07
1459600710960,4.78,1.0859999999999999e-06
1459600710970,4.78,3.6200000000000004e-07
1459600710980,4.78,7.240000000000001e-07
1459600710990,4.78,0.0
1459600711000,4.78,3.6200000000000004e-07
1459600711010,4.78,0.0
1459600711020,4.78,3.6200000000000004e-07
1459600711030,4.78,0.0
1459600711040,4.78,3.6200000000000004e-07
1459600711050,4.78,0.0
1459600711060,4.78,3.6200000000000004e-07
1459600711070,4.78,0.0
1459600711080,4.78,0.0
1459600711090,4.78,0.0
1459600711100,4.78,7.240000000000001e-07
1459600711110,4.78,0.0
1459600711120,4.78,7.240000000000001e-07
1459600711130,4.78,3.6200000000000004e-07
1459600711140,4.78,0.0
1459600711150,4.78,3.6200000000000004e-07
1459600711160,4.78,3.6200000000000004e-07
1459600711170,4.78,0.0
1459600711180,4.78,7.240000000000001e-07
1459600711190,4.78,0.0
1459600711200,4.78,0.0
1459600711210,4.78,0.0
1459600711220,4.78,3.6200000000000004e-07
1459600711230,4.78,3.6200000000000004e-07
1459600711240,4.78,0.0
1459600711250,4.78,0.0
1459600711260,4.78,3.6200000000000004e-07
1459600711270,4.78,0.0
1459600711280,4.78,1.0859999999999999e-06
1459600711290,4.78,0.0
1459600711300,4.78,3.6200000000000004e-07
1459600711310,4.78,0.0
1459600711320,4.78,0.0
1459600711330,4.78,0.0
1459600711340,4.78,3.6200000000000004e-07
1459600711350,4.78,0.0
1459600711360,4.78,3.6200000000000004e-07
1459600711370,4.78,0.0
1459600711380,4.78,3.6200000000000004e-07
1459600711390,4.78,0.0
1459600711400,4.78,3.6200000000000004e-07
1459600711410,4.78,3.6200000000000004e-07
1459600711420,4.78,3.6200000000000004e-07
1459600711430,4.78,0.0
1459600711440,4.78,3.6200000000000004e-07
1459600711450,4.78,0.0
1459600711460,4.78,7.240000000000001e-07
1459600711470,4.78,0.0
1459600711480,4.78,3.6200000000000004e-07
1459600711490,4.78,0.0
1459600711500,4.78,7.240000000000001e-07
1459600711510,4.78,0.0
1459600711520,4.78,0.0
1459600711530,4.78,3.6200000000000004e-07
1459600711540,4.78,3.6200000000000004e-07
1459600711550,4.78,0.0
1459600711560,4.78,0.0
1459600711570,4.78,3.6200000000000004e-07
1459600711580,4.78,0.0
1459600711590,4.78,3.6200000000000004e-07
1459600711600,4.78,0.0
1459600711610,4.78,3.6200000000000004e-07
1459600711620,4.78,3.6200000000000004e-07
1459600711630,4.78,0.0
1459600711640,4.78,7.240000000000001e-07
1459600711650,4.78,0.0
1459600711660,4.78,0.0
1459600711670,4.78,0.0
1459600711680,4.78,1.0859999999999999e-06
1459600711690,4.78,0.0
1459600711700,4.78,0.0
1459600711710,4.78,0.0
1459600711720,4.78,7.240000000000001e-07
1459600711730,4.78,0.0
1459600711740,4.78,7.240000000000001e-07
1459600711750,4.78,0.0
1459600711760,4.78,3.6200000000000004e-07
1459600711770,4.78,0.0
1459600711780,4.78,3.6200000000000004e-07
1459600711790,4.78,0.0
1459600711800,4.78,3.6200000000000004e-07
1459600711810,4.78,0.0
1459600711820,4.78,3.6200000000000004e-07
1459600711830,4.78,0.0
1459600711840,4.78,0.0
1459600711850,4.78,3.6200000000000004e-07
1459600711860,4.78,0.0
1459600711870,4.78,0.0
1459600711880,4.78,7.240000000000001e-07
1459600711890,4.78,3.6200000000000004e-07
1459600711900,4.78,0.0
1459600711910,4.78,3.6200000000000004e-07
1459600711920,4.78,0.0
1459600711930,4.78,3.6200000000000004e-07
1459600711940,4.78,0.0
1459600711950,4.78,7.240000000000001e-07
1459600711960,4.78,0.0
1459600711970,4.78,0.0
1459600711980,4.78,3.6200000000000004e-07
1459600711990,4.78,0.0
1459600712000,4.78,7.240000000000001e-07
1459600712010,4.78,0.0
1459600712020,4.78,3.6200000000000004e-07
1459600712030,4.78,0.0
1459600712040,4.78,7.240000000000001e-07
1459600712050,4.78,0.0
1459600712060,4.78,3.6200000000000004e-07
1459600712070,4.78,0.0
1459600712080,4.78,1.0859999999999999e-06
1459600712090,4.78,0.0
1459600712100,4.78,0.0
1459600712110,4.78,3.6200000000000004e-07
1459600712120,4.78,3.6200000000000004e-07
1459600712130,4.78,3.6200000000000004e-07
1459600712140,4.78,0.0
1459600712150,4.78,7.240000000000001e-07
1459600712160,4.78,0.0
1459600712170,4.78,3.6200000000000004e-07
1459600712180,4.78,3.6200000000000004e-07
1459600712190,4.78,3.6200000000000004e-07
1459600712200,4.78,3.6200000000000004e-07
1459600712210,4.78,3.6200000000000004e-07
1459600712220,4.78,3.6200000000000004e-07
1459600712230,4.78,0.0
1459600712240,4.78,0.0
1459600712250,4.78,7.240000000000001e-07
1459600712260,4.78,0.0
1459600712270,4.78,3.6200000000000004e-07
1459600712280,4.78,3.6200000000000004e-07
1459600712290,4.78,0.0
1459600712300,4.78,7.240000000000001e-07
1459600712310,4.78,0.0
1459600712320,4.78,7.240000000000001e-07
1459600712330,4.78,0.0
1459600712340,4.78,3.6200000000000004e-07
1459600712350,4.78,0.0
1459600712360,4.78,7.240000000000001e-07
1459600712370,4.78,0.0
1459600712380,4.78,3.6200000000000004e-07
1459600712390,4.78,3.6200000000000004e-07
1459600712400,4.78,7.240000000000001e-07
1459600712410,4.78,0.0
1459600712420,4.78,7.240000000000001e-07
1459600712430,4.78,0.0
1459600712440,4.78,7.240000000000001e-07
1459600712450,4.78,0.0
1459600712460,4.78,7.240000000000001e-07
1459600712470,4.78,0.0
1459600712480,4.78,1.0859999999999999e-06
1459600712490,4.78,0.0
1459600712500,4.78,0.0
1459600712510,4.78,0.0
1459600712520,4.78,0.0
1459600712530,4.78,7.240000000000001e-07
1459600712540,4.78,0.0
1459600712550,4.78,3.6200000000000004e-07
1459600712560,4.78,3.6200000000000004e-07
1459600712570,4.78,0.0
1459600712580,4.78,7.240000000000001e-07
1459600712590,4.78,0.0
1459600712600,4.78,0.0
1459600712610,4.78,0.0
1459600712620,4.78,3.6200000000000004e-07
1459600712630,4.78,3.6200000000000004e-07
1459600712640,4.78,0.0
1459600712650,4.78,0.0
1459600712660,4.78,3.6200000000000004e-07
1459600712670,4.78,0.0
1459600712680,4.78,1.0859999999999999e-06
1459600712690,4.78,0.0
1459600712700,4.78,3.6200000000000004e-07
1459600712710,4.78,0.0
1459600712720,4.78,7.240000000000001e-07
1459600712730,4.78,0.0
1459600712740,4.78,0.0
1459600712750,4.78,3.6200000000000004e-07
1459600712760,4.78,3.6200000000000004e-07
1459600712770,4.78,0.0
1459600712780,4.78,7.240000000000001e-07
1459600712790,4.78,0.0
1459600712800,4.78,7.240000000000001e-07
1459600712810,4.78,0.0
1459600712820,4.78,3.6200000000000004e-07
1459600712830,4.78,0.0
1459600712840,4.78,0.0
1459600712850,4.78,3.6200000000000004e-07
1459600712860,4.78,7.240000000000001e-07
1459600712870,4.78,0.0
1459600712880,4.78,0.0
1459600712890,4.78,3.6200000000000004e-07
1459600712900,4.78,3.6200000000000004e-07
1459600712910,4.78,0.0
1459600712920,4.78,3.6200000000000004e-07
1459600712930,4.78,0.0
1459600712940,4.78,0.0
1459600712950,4.78,3.6200000000000004e-07
1459600712960,4.78,7.240000000000001e-07
1459600712970,4.78,3.6200000000000004e-07
1459600712980,4.78,3.6200000000000004e-07
1459600712990,4.78,0.0
1459600713000,4.78,3.6200000000000004e-07
1459600713010,4.78,0.0
1459600713020,4.78,7.240000000000001e-07
1459600713030,4.78,0.0
1459600713040,4.78,3.6200000000000004e-07
1459600713050,4.78,3.6200000000000004e-07
1459600713060,4.78,0.0
1459600713070,4.78,3.6200000000000004e-07
1459600713080,4.78,3.6200000000000004e-07
1459600713090,4.78,0.0
1459600713100,4.78,3.6200000000000004e-07
1459600713110,4.78,0.0
1459600713120,4.78,3.6200000000000004e-07
1459600713130,4.78,7.240000000000001e-07
1459600713140,4.78,3.6200000000000004e-07
1459600713150,4.78,0.0
1459600713160,4.78,0.0
1459600713170,4.78,7.240000000000001e-07
1459600713180,4.78,0.0
1459600713190,4.78,0.0
1459600713200,4.78,3.6200000000000004e-07
1459600713210,4.78,0.0
1459600713220,4.78,0.0
1459600713230,4.78,0.0
1459600713240,4.78,0.0
1459600713250,4.78,0.0
1459600713260,4.78,0.0
1459600713270,4.78,0.0
1459600713280,4.78,0.0
1459600713290,4.78,0.0
1459600713300,4.78,3.6200000000000004e-07
1459600713310,4.78,0.0
1459600713320,4.78,7.240000000000001e-07
1459600713330,4.78,0.0
1459600713340,4.78,3.6200000000000004e-07
1459600713350,4.78,0.0
1459600713360,4.78,3.6200000000000004e-07
1459600713370,4.78,3.6200000000000004e-07
1459600713380,4.78,0.0
1459600713390,4.78,0.0
1459600713400,4.78,7.240000000000001e-07
1459600713410,4.78,0.0
1459600713420,4.78,0.0
1459600713430,4.78,3.6200000000000004e-07
1459600713440,4.78,3.6200000000000004e-07
1459600713450,4.78,0.0
1459600713460,4.78,3.6200000000000004e-07
1459600713470,4.78,3.6200000000000004e-07
1459600713480,4.78,0.0
1459600713490,4.78,0.0
1459600713500,4.78,3.6200000000000004e-07
1459600713510,4.78,0.0
1459600713520,4.78,3.6200000000000004e-07
1459600713530,4.78,0.0
1459600713540,4.78,7.240000000000001e-07
1459600713550,4.78,7.240000000000001e-07
1459600713560,4.78,0.0
1459600713570,4.78,3.6200000000000004e-07
1459600713580,4.78,3.6200000000000004e-07
1459600713590,4.78,0.0
1459600713600,4.78,3.6200000000000004e-07
1459600713610,4.78,0.0
1459600713620,4.78,3.6200000000000004e-07
1459600713630,4.78,3.6200000000000004e-07
1459600713640,4.78,3.6200000000000004e-07
1459600713650,4.78,3.6200000000000004e-07
1459600713660,4.78,3.6200000000000004e-07
1459600713670,4.78,0.0
1459600713680,4.78,7.240000000000001e-07
1459600713690,4.78,0.0
1459600713700,4.78,3.6200000000000004e-07
1459600713710,4.78,3.6200000000000004e-07
1459600713720,4.78,0.0
1459600713730,4.78,3.6200000000000004e-07
1459600713740,4.78,0.0
1459600713750,4.78,3.6200000000000004e-07
1459600713760,4.78,1.0859999999999999e-06
1459600713770,4.78,0.0
1459600713780,4.78,3.6200000000000004e-07
1459600713790,4.78,0.0
1459600713800,4.78,7.240000000000001e-07
1459600713810,4.78,0.0
1459600713820,4.78,3.6200000000000004e-07
1459600713830,4.78,0.0
1459600713840,4.78,3.6200000000000004e-07
1459600713850,4.78,0.0
1459600713860,4.78,3.6200000000000004e-07
1459600713870,4.78,3.6200000000000004e-07
1459600713880,4.78,7.240000000000001e-07
1459600713890,4.78,0.0
1459600713900,4.78,3.6200000000000004e-07
1459600713910,4.78,0.0
1459600713920,4.78,0.0
1459600713930,4.78,3.6200000000000004e-07
1459600713940,4.78,3.6200000000000004e-07
1459600713950,4.78,3.6200000000000004e-07
1459600713960,4.78,7.240000000000001e-07
1459600713970,4.78,0.0
1459600713980,4.78,3.6200000000000004e-07
1459600713990,4.78,0.0
1459600714000,4.78,7.240000000000001e-07
1459600714010,4.78,0.0
1459600714020,4.78,3.6200000000000004e-07
1459600714030,4.78,0.0
1459600714040,4.78,3.6200000000000004e-07
1459600714050,4.78,0.0
1459600714060,4.78,7.240000000000001e-07
1459600714070,4.78,0.0
1459600714080,4.78,1.0859999999999999e-06
1459600714090,4.78,0.0
1459600714100,4.78,3.6200000000000004e-07
1459600714110,4.78,0.0
1459600714120,4.78,3.6200000000000004e-07
1459600714130,4.78,3.6200000000000004e-07
1459600714140,4.78,7.240000000000001e-07
1459600714150,4.78,0.0
1459600714160,4.78,7.240000000000001e-07
1459600714170,4.78,0.0
1459600714180,4.78,3.6200000000000004e-07
1459600714190,4.78,0.0
1459600714200,4.78,3.6200000000000004e-07
1459600714210,4.78,0.0
1459600714220,4.78,3.6200000000000004e-07
1459600714230,4.78,3.6200000000000004e-07
1459600714240,4.78,3.6200000000000004e-07
1459600714250,4.78,0.0
1459600714260,4.78,7.240000000000001e-07
1459600714270,4.78,0.0
1459600714280,4.78,7.240000000000001e-07
1459600714290,4.78,0.0
1459600714300,4.78,3.6200000000000004e-07
1459600714310,4.78,0.0
1459600714320,4.78,0.0
1459600714330,4.78,3.6200000000000004e-07
1459600714340,4.78,3.6200000000000004e-07
1459600714350,4.78,7.240000000000001e-07
1459600714360,4.78,3.6200000000000004e-07
1459600714370,4.78,0.0
1459600714380,4.78,0.0
1459600714390,4.78,3.6200000000000004e-07
1459600714400,4.78,3.6200000000000004e-07
1459600714410,4.78,3.6200000000000004e-07
1459600714420,4.78,0.0
1459600714430,4.78,0.0
1459600714440,4.78,7.240000000000001e-07
1459600714450,4.78,0.0
1459600714460,4.78,3.6200000000000004e-07
1459600714470,4.78,0.0
1459600714480,4.78,7.240000000000001e-07
1459600714490,4.78,0.0
1459600714500,4.78,0.0
1459600714510,4.78,3.6200000000000004e-07
1459600714520,4.78,7.240000000000001e-07
1459600714530,4.78,0.0
1459600714540,4.78,1.0859999999999999e-06
1459600714550,4.78,3.6200000000000004e-07
1459600714560,4.78,3.6200000000000004e-07
1459600714570,4.78,3.6200000000000004e-07
1459600714580,4.78,3.6200000000000004e-07
1459600714590,4.78,0.0
1459600714600,4.78,3.6200000000000004e-07
1459600714610,4.78,3.6200000000000004e-07
1459600714620,4.78,3.6200000000000004e-07
1459600714630,4.78,3.6200000000000004e-07
1459600714640,4.78,7.240000000000001e-07
1459600714650,4.78,0.0
1459600714660,4.78,1.0859999999999999e-06
1459600714670,4.78,0.0
1459600714680,4.78,7.240000000000001e-07
1459600714690,4.78,0.0
1459600714700,4.78,3.6200000000000004e-07
1459600714710,4.78,0.0
1459600714720,4.78,3.6200000000000004e-07
1459600714730,4.78,3.6200000000000004e-07
1459600714740,4.78,0.0
1459600714750,4.78,3.6200000000000004e-07
1459600714760,4.78,3.6200000000000004e-07
1459600714770,4.78,3.6200000000000004e-07
1459600714780,4.78,7.240000000000001e-07
1459600714790,4.78,3.6200000000000004e-07
1459600714800,4.78,0.0
1459600714810,4.78,3.6200000000000004e-07
1459600714820,4.78,7.240000000000001e-07
1459600714830,4.78,3.6200000000000004e-07
1459600714840,4.78,3.6200000000000004e-07
1459600714850,4.78,3.6200000000000004e-07
1459600714860,4.78,3.6200000000000004e-07
1459600714870,4.78,0.0
1459600714880,4.78,3.6200000000000004e-07
1459600714890,4.78,3.6200000000000004e-07
1459600714900,4.78,3.6200000000000004e-07
1459600714910,4.78,3.6200000000000004e-07
1459600714920,4.78,3.6200000000000004e-07
1459600714930,4.78,0.0
1459600714940,4.78,3.6200000000000004e-07
1459600714950,4.78,0.0
1459600714960,4.78,7.240000000000001e-07
1459600714970,4.78,0.0
1459600714980,4.78,3.6200000000000004e-07
1459600714990,4.78,3.6200000000000004e-07
1459600715000,4.78,0.0
1459600715010,4.78,3.6200000000000004e-07
1459600715020,4.78,3.6200000000000004e-07
1459600715030,4.78,7.240000000000001e-07
1459600715040,4.78,3.6200000000000004e-07
1459600715050,4.78,3.6200000000000004e-07
1459600715060,4.78,3.6200000000000004e-07
1459600715070,4.78,0.0
1459600715080,4.78,1.0859999999999999e-06
1459600715090,4.78,3.6200000000000004e-07
1459600715100,4.78,0.0
1459600715110,4.78,0.0
1459600715120,4.78,7.240000000000001e-07
1459600715130,4.78,3.6200000000000004e-07
1459600715140,4.78,3.6200000000000004e-07
1459600715150,4.78,0.0
1459600715160,4.78,3.6200000000000004e-07
1459600715170,4.78,0.0
1459600715180,4.78,0.0
1459600715190,4.78,0.0
1459600715200,4.78,1.0859999999999999e-06
1459600715210,4.78,7.240000000000001e-07
1459600715220,4.78,0.0
1459600715230,4.78,0.0
1459600715240,4.78,3.6200000000000004e-07
1459600715250,4.78,3.6200000000000004e-07
1459600715260,4.78,3.6200000000000004e-07
1459600715270,4.78,0.0
1459600715280,4.78,3.6200000000000004e-07
1459600715290,4.78,0.0
1459600715300,4.78,7.240000000000001e-07
1459600715310,4.78,0.0
1459600715320,4.78,3.6200000000000004e-07
1459600715330,4.78,0.0
1459600715340,4.78,7.240000000000001e-07
1459600715350,4.78,0.0
1459600715360,4.78,0.0
1459600715370,4.78,0.0
1459600715380,4.78,0.0
1459600715390,4.78,3.6200000000000004e-07
1459600715400,4.78,7.240000000000001e-07
1459600715410,4.78,0.0
1459600715420,4.78,0.0
1459600715430,4.78,0.0
1459600715440,4.78,3.6200000000000004e-07
1459600715450,4.78,7.240000000000001e-07
1459600715460,4.78,0.0
1459600715470,4.78,0.0
1459600715480,4.78,3.6200000000000004e-07
1459600715490,4.78,3.6200000000000004e-07
1459600715500,4.78,7.240000000000001e-07
1459600715510,4.78,3.6200000000000004e-07
1459600715520,4.78,3.6200000000000004e-07
1459600715530,4.78,0.0
1459600715540,4.78,7.240000000000001e-07
1459600715550,4.78,3.6200000000000004e-07
1459600715560,4.78,0.0
1459600715570,4.78,7.240000000000001e-07
1459600715580,4.78,0.0
1459600715590,4.78,0.0
1459600715600,4.78,7.240000000000001e-07
1459600715610,4.78,0.0
1459600715620,4.78,3.6200000000000004e-07
1459600715630,4.78,3.6200000000000004e-07
1459600715640,4.78,3.6200000000000004e-07
1459600715650,4.78,3.6200000000000004e-07
1459600715660,4.78,7.240000000000001e-07
1459600715670,4.78,3.6200000000000004e-07
1459600715680,4.78,0.0
1459600715690,4.78,3.6200000000000004e-07
1459600715700,4.78,3.6200000000000004e-07
1459600715710,4.78,0.0
1459600715720,4.78,3.6200000000000004e-07
1459600715730,4.78,0.0
1459600715740,4.78,0.0
1459600715750,4.78,3.6200000000000004e-07
1459600715760,4.78,0.0
1459600715770,4.78,3.6200000000000004e-07
1459600715780,4.78,0.0
1459600715790,4.78,7.240000000000001e-07
1459600715800,4.78,0.0
1459600715810,4.78,7.240000000000001e-07
1459600715820,4.78,0.0
1459600715830,4.78,3.6200000000000004e-07
1459600715840,4.78,3.6200000000000004e-07
1459600715850,4.78,7.240000000000001e-07
1459600715860,4.78,3.6200000000000004e-07
1459600715870,4.78,0.0
1459600715880,4.78,3.6200000000000004e-07
1459600715890,4.78,0.0
1459600715900,4.78,1.4480000000000002e-06
1459600715910,4.78,0.0
1459600715920,4.78,0.0
1459600715930,4.78,0.0
1459600715940,4.78,7.240000000000001e-07
1459600715950,4.78,0.0
1459600715960,4.78,3.6200000000000004e-07
1459600715970,4.78,3.6200000000000004e-07
1459600715980,4.78,0.0
1459600715990,4.78,3.6200000000000004e-07
1459600716000,4.78,0.0
1459600716010,4.78,3.6200000000000004e-07
1459600716020,4.78,3.6200000000000004e-07
1459600716030,4.78,0.0
1459600716040,4.78,0.0
1459600716050,4.78,3.6200000000000004e-07
1459600716060,4.78,7.240000000000001e-07
1459600716070,4.78,3.6200000000000004e-07
1459600716080,4.78,0.0
1459600716090,4.78,3.6200000000000004e-07
1459600716100,4.78,3.6200000000000004e-07
1459600716110,4.78,0.0
1459600716120,4.78,3.6200000000000004e-07
1459600716130,4.78,3.6200000000000004e-07
1459600716140,4.78,7.240000000000001e-07
1459600716150,4.78,0.0
1459600716160,4.78,3.6200000000000004e-07
1459600716170,4.78,0.0
1459600716180,4.78,0.0
1459600716190,4.78,7.240000000000001e-07
1459600716200,4.78,0.0
1459600716210,4.78,3.6200000000000004e-07
1459600716220,4.78,0.0
1459600716230,4.78,1.0859999999999999e-06
1459600716240,4.78,0.0
1459600716250,4.78,0.0
1459600716260,4.78,3.6200000000000004e-07
1459600716270,4.78,0.0
1459600716280,4.78,3.6200000000000004e-07
1459600716290,4.78,3.6200000000000004e-07
1459600716300,4.78,0.0
1459600716310,4.78,7.240000000000001e-07
1459600716320,4.78,3.6200000000000004e-07
1459600716330,4.78,3.6200000000000004e-07
1459600716340,4.78,3.6200000000000004e-07
1459600716350,4.78,0.0
1459600716360,4.78,1.0859999999999999e-06
1459600716370,4.78,0.0
1459600716380,4.78,3.6200000000000004e-07
1459600716390,4.78,0.0
1459600716400,4.78,0.0
1459600716410,4.78,3.6200000000000004e-07
1459600716420,4.78,3.6200000000000004e-07
1459600716430,4.78,3.6200000000000004e-07
1459600716440,4.78,0.0
1459600716450,4.78,3.6200000000000004e-07
1459600716460,4.78,3.6200000000000004e-07
1459600716470,4.78,3.6200000000000004e-07
1459600716480,4.78,3.6200000000000004e-07
1459600716490,4.78,3.6200000000000004e-07
1459600716500,4.78,3.6200000000000004e-07
1459600716510,4.78,3.6200000000000004e-07
1459600716520,4.78,0.0
1459600716530,4.78,3.6200000000000004e-07
1459600716540,4.78,0.0
1459600716550,4.78,0.0
1459600716560,4.78,3.6200000000000004e-07
1459600716570,4.78,0.0
1459600716580,4.78,1.0859999999999999e-06
1459600716590,4.78,0.0
1459600716600,4.78,3.6200000000000004e-07
1459600716610,4.78,0.0
1459600716620,4.78,7.240000000000001e-07
1459600716630,4.78,0.0
1459600716640,4.78,7.240000000000001e-07
1459600716650,4.78,0.0
1459600716660,4.78,3.6200000000000004e-07
1459600716670,4.78,0.0
1459600716680,4.78,3.6200000000000004e-07
1459600716690,4.78,0.0
1459600716700,4.78,7.240000000000001e-07
1459600716710,4.78,0.0
1459600716720,4.78,0.0
1459600716730,4.78,7.240000000000001e-07
1459600716740,4.78,0.0
1459600716750,4.78,3.6200000000000004e-07
1459600716760,4.78,0.0
1459600716770,4.78,7.240000000000001e-07
1459600716780,4.78,0.0
1459600716790,4.78,3.6200000000000004e-07
1459600716800,4.78,0.0
1459600716810,4.78,7.240000000000001e-07
1459600716820,4.78,7.240000000000001e-07
1459600716830,4.78,0.0
1459600716840,4.78,3.6200000000000004e-07
1459600716850,4.78,0.0
1459600716860,4.78,1.0859999999999999e-06
1459600716870,4.78,0.0
1459600716880,4.78,7.240000000000001e-07
1459600716890,4.78,0.0
1459600716900,4.78,3.6200000000000004e-07
1459600716910,4.78,0.0
1459600716920,4.78,0.0
1459600716930,4.78,3.6200000000000004e-07
1459600716940,4.78,0.0
1459600716950,4.78,0.0
1459600716960,4.78,7.240000000000001e-07
1459600716970,4.78,0.0
1459600716980,4.78,3.6200000000000004e-07
1459600716990,4.78,1.0859999999999999e-06
1459600717000,4.78,0.0
1459600717010,4.78,3.6200000000000004e-07
1459600717020,4.78,0.0
1459600717030,4.78,3.6200000000000004e-07
1459600717040,4.78,7.240000000000001e-07
1459600717050,4.78,0.0
1459600717060,4.78,3.6200000000000004e-07
1459600717070,4.78,0.0
1459600717080,4.78,1.0859999999999999e-06
1459600717090,4.78,0.0
1459600717100,4.78,3.6200000000000004e-07
1459600717110,4.78,0.0
1459600717120,4.78,7.240000000000001e-07
1459600717130,4.78,0.0
1459600717140,4.78,3.6200000000000004e-07
1459600717150,4.78,3.6200000000000004e-07
1459600717160,4.78,0.0
1459600717170,4.78,3.6200000000000004e-07
1459600717180,4.78,0.0
1459600717190,4.78,3.6200000000000004e-07
1459600717200,4.78,0.0
1459600717210,4.78,7.240000000000001e-07
1459600717220,4.78,0.0
1459600717230,4.78,3.6200000000000004e-07
1459600717240,4.78,0.0
1459600717250,4.78,0.0
1459600717260,4.78,3.6200000000000004e-07
1459600717270,4.78,7.240000000000001e-07
1459600717280,4.78,3.6200000000000004e-07
1459600717290,4.78,0.0
1459600717300,4.78,0.0
1459600717310,4.78,3.6200000000000004e-07
1459600717320,4.78,7.240000000000001e-07
1459600717330,4.78,0.0
1459600717340,4.78,3.6200000000000004e-07
1459600717350,4.78,0.0
1459600717360,4.78,3.6200000000000004e-07
1459600717370,4.78,0.0
1459600717380,4.78,3.6200000000000004e-07
1459600717390,4.78,3.6200000000000004e-07
1459600717400,4.78,0.0
1459600717410,4.78,3.6200000000000004e-07
1459600717420,4.78,0.0
1459600717430,4.78,3.6200000000000004e-07
1459600717440,4.78,0.0
1459600717450,4.78,3.6200000000000004e-07
1459600717460,4.78,3.6200000000000004e-07
1459600717470,4.78,7.240000000000001e-07
1459600717480,4.78,3.6200000000000004e-07
1459600717490,4.78,0.0
1459600717500,4.78,0.0
1459600717510,4.78,0.0
1459600717520,4.78,1.0859999999999999e-06
1459600717530,4.78,0.0
1459600717540,4.78,7.240000000000001e-07
1459600717550,4.78,0.0
1459600717560,4.78,3.6200000000000004e-07
1459600717570,4.78,0.0
1459600717580,4.78,0.0
1459600717590,4.78,0.0
1459600717600,4.78,3.6200000000000004e-07
1459600717610,4.78,3.6200000000000004e-07
1459600717620,4.78,0.0
1459600717630,4.78,3.6200000000000004e-07
1459600717640,4.78,3.6200000000000004e-07
1459600717650,4.78,0.0
1459600717660,4.78,0.0
1459600717670,4.78,0.0
1459600717680,4.78,3.6200000000000004e-07
1459600717690,4.78,7.240000000000001e-07
1459600717700,4.78,0.0
1459600717710,4.68,0.0
1459600717720,4.68,3.6200000000000004e-07
1459600717730,4.68,0.0
1459600717740,4.68,1.0859999999999999e-06
1459600717750,4.68,0.0
1459600717760,4.68,3.6200000000000004e-07
1459600717770,4.68,0.0
1459600717780,4.68,3.6200000000000004e-07
1459600717790,4.68,3.6200000000000004e-07
1459600717800,4.68,7.240000000000001e-07
1459600717810,4.68,0.0
1459600717820,4.68,3.6200000000000004e-07
1459600717830,4.68,0.0
1459600717840,4.68,7.240000000000001e-07
1459600717850,4.68,0.0
1459600717860,4.68,0.0
1459600717870,4.68,0.0
1459600717880,4.68,3.6200000000000004e-07
1459600717890,4.68,3.6200000000000004e-07
1459600717900,4.68,0.0
1459600717910,4.68,3.6200000000000004e-07
1459600717920,4.68,0.0
1459600717930,4.68,3.6200000000000004e-07
1459600717940,4.68,0.0
1459600717950,4.68,7.240000000000001e-07
1459600717960,4.68,3.6200000000000004e-07
1459600717970,4.68,0.0
1459600717980,4.68,0.0
1459600717990,4.68,3.6200000000000004e-07
1459600718000,4.68,0.0
1459600718010,4.68,0.0
1459600718020,4.68,7.240000000000001e-07
1459600718030,4.68,0.0
1459600718040,4.68,3.6200000000000004e-07
1459600718050,4.68,0.0
1459600718060,4.68,1.0859999999999999e-06
1459600718070,4.68,3.6200000000000004e-07
1459600718080,4.68,0.0
1459600718090,4.68,0.0
1459600718100,4.68,0.0
1459600718110,4.68,3.6200000000000004e-07
1459600718120,4.68,3.6200000000000004e-07
1459600718130,4.68,0.0
1459600718140,4.68,3.6200000000000004e-07
1459600718150,4.68,0.0
1459600718160,4.68,0.0
1459600718170,4.68,3.6200000000000004e-07
1459600718180,4.68,0.0
1459600718190,4.68,3.6200000000000004e-07
1459600718200,4.68,3.6200000000000004e-07
1459600718210,4.68,3.6200000000000004e-07
1459600718220,4.68,0.0
1459600718230,4.68,3.6200000000000004e-07
1459600718240,4.68,0.0
1459600718250,4.68,0.0
1459600718260,4.68,3.6200000000000004e-07
1459600718270,4.68,3.6200000000000004e-07
1459600718280,4.68,3.6200000000000004e-07
1459600718290,4.68,3.6200000000000004e-07
1459600718300,4.68,3.6200000000000004e-07
1459600718310,4.68,1.4480000000000002e-06
1459600718320,4.68,1.0859999999999999e-06
1459600718330,4.68,7.240000000000001e-07
1459600718340,4.68,2.8960000000000003e-06
1459600718350,4.68,2.5340000000000002e-06
1459600718360,4.68,5.0680000000000004e-06
1459600718370,4.68,6.516e-06
1459600718380,4.68,7.964e-06
1459600718390,4.68,8.687999999999999e-06
1459600718400,4.68,6.877999999999999e-06
1459600718410,4.68,4.706e-06
1459600718420,4.68,4.706e-06
1459600718430,4.68,3.62e-06
1459600718440,4.68,4.343999999999999e-06
1459600718450,4.68,4.706e-06
1459600718460,4.68,3.258e-06
1459600718470,4.68,5.43e-06
1459600718480,4.68,2.8960000000000003e-06
1459600718490,4.68,3.62e-06
1459600718500,4.68,3.62e-06
1459600718510,4.68,1.4480000000000002e-06
1459600718520,4.68,2.1719999999999997e-06
1459600718530,4.68,7.240000000000001e-07
1459600718540,4.68,1.81e-06
1459600718550,4.68,1.4480000000000002e-06
1459600718560,4.68,1.4480000000000002e-06
1459600718570,4.68,1.81e-06
1459600718580,4.68,2.5340000000000002e-06
1459600718590,4.68,7.240000000000001e-07
1459600718600,4.68,1.4480000000000002e-06
1459600718610,4.68,1.0859999999999999e-06
1459600718620,4.68,1.0859999999999999e-06
1459600718630,4.68,7.240000000000001e-07
1459600718640,4.68,0.0
1459600718650,4.68,1.4480000000000002e-06
1459600718660,4.68,3.6200000000000004e-07
1459600718670,4.68,1.0859999999999999e-06
1459600718680,4.68,0.0
1459600718690,4.68,1.0859999999999999e-06
1459600718700,4.68,1.0859999999999999e-06
1459600718710,4.68,0.0
1459600718720,4.68,7.240000000000001e-07
1459600718730,4.68,0.0
1459600718740,4.68,0.0
1459600718750,4.68,7.240000000000001e-07
1459600718760,4.68,1.0859999999999999e-06
1459600718770,4.68,0.0
1459600718780,4.68,7.240000000000001e-07
1459600718790,4.68,0.0
1459600718800,4.68,1.0859999999999999e-06
1459600718810,4.68,0.0
1459600718820,4.68,3.6200000000000004e-07
1459600718830,4.68,1.0859999999999999e-06
1459600718840,4.68,3.6200000000000004e-07
1459600718850,4.68,7.240000000000001e-07
1459600718860,4.68,7.240000000000001e-07
1459600718870,4.68,3.6200000000000004e-07
1459600718880,4.68,1.0859999999999999e-06
1459600718890,4.68,1.0859999999999999e-06
1459600718900,4.68,0.0
1459600718910,4.68,7.240000000000001e-07
1459600718920,4.68,3.6200000000000004e-07
1459600718930,4.68,3.6200000000000004e-07
1459600718940,4.68,1.0859999999999999e-06
1459600718950,4.68,3.6200000000000004e-07
1459600718960,4.68,7.240000000000001e-07
1459600718970,4.68,7.240000000000001e-07
1459600718980,4.68,1.0859999999999999e-06
1459600718990,4.68,3.6200000000000004e-07
1459600719000,4.68,3.6200000000000004e-07
1459600719010,4.68,1.4480000000000002e-06
1459600719020,4.68,0.0
1459600719030,4.68,3.6200000000000004e-07
1459600719040,4.68,1.0859999999999999e-06
1459600719050,4.68,3.6200000000000004e-07
1459600719060,4.68,0.0
1459600719070,4.68,3.6200000000000004e-07
1459600719080,4.68,7.240000000000001e-07
1459600719090,4.68,7.240000000000001e-07
1459600719100,4.68,3.6200000000000004e-07
1459600719110,4.68,7.240000000000001e-07
1459600719120,4.68,7.240000000000001e-07
1459600719130,4.68,0.0
1459600719140,4.68,3.6200000000000004e-07
1459600719150,4.68,3.6200000000000004e-07
1459600719160,4.68,3.6200000000000004e-07
1459600719170,4.68,3.6200000000000004e-07
1459600719180,4.68,3.6200000000000004e-07
1459600719190,4.68,0.0
1459600719200,4.68,7.240000000000001e-07
1459600719210,4.68,0.0
1459600719220,4.68,7.240000000000001e-07
1459600719230,4.68,0.0
1459600719240,4.68,0.0
1459600719250,4.68,3.6200000000000004e-07
1459600719260,4.68,0.0
1459600719270,4.68,3.6200000000000004e-07
1459600719280,4.68,0.0
1459600719290,4.68,7.240000000000001e-07
1459600719300,4.68,7.240000000000001e-07
1459600719310,4.68,0.0
1459600719320,4.68,1.0859999999999999e-06
1459600719330,4.68,0.0
1459600719340,4.68,3.6200000000000004e-07
1459600719350,4.68,0.0
1459600719360,4.68,3.6200000000000004e-07
1459600719370,4.68,0.0
1459600719380,4.68,1.0859999999999999e-06
1459600719390,4.68,0.0
1459600719400,4.68,0.0
1459600719410,4.68,3.6200000000000004e-07
1459600719420,4.68,7.240000000000001e-07
1459600719430,4.68,3.6200000000000004e-07
1459600719440,4.68,0.0
1459600719450,4.68,0.0
1459600719460,4.68,7.240000000000001e-07
1459600719470,4.68,3.6200000000000004e-07
1459600719480,4.68,0.0
1459600719490,4.68,3.6200000000000004e-07
1459600719500,4.68,3.6200000000000004e-07
1459600719510,4.68,7.240000000000001e-07
1459600719520,4.68,3.6200000000000004e-07
1459600719530,4.68,0.0
1459600719540,4.68,1.0859999999999999e-06
1459600719550,4.68,0.0
1459600719560,4.68,1.0859999999999999e-06
1459600719570,4.68,0.0
1459600719580,4.68,7.240000000000001e-07
1459600719590,4.68,0.0
1459600719600,4.68,1.4480000000000002e-06
1459600719610,4.68,0.0
1459600719620,4.68,3.6200000000000004e-07
1459600719630,4.68,0.0
1459600719640,4.68,3.6200000000000004e-07
1459600719650,4.68,1.0859999999999999e-06
1459600719660,4.68,3.6200000000000004e-07
1459600719670,4.68,7.240000000000001e-07
1459600719680,4.68,0.0
1459600719690,4.68,3.6200000000000004e-07
1459600719700,4.68,7.240000000000001e-07
1459600719710,4.68,3.6200000000000004e-07
1459600719720,4.68,0.0
1459600719730,4.68,0.0
1459600719740,4.68,3.6200000000000004e-07
1459600719750,4.68,3.6200000000000004e-07
1459600719760,4.68,3.6200000000000004e-07
1459600719770,4.68,0.0
1459600719780,4.68,3.6200000000000004e-07
1459600719790,4.68,0.0
1459600719800,4.68,3.6200000000000004e-07
1459600719810,4.68,0.0
1459600719820,4.68,3.6200000000000004e-07
1459600719830,4.68,0.0
1459600719840,4.68,7.240000000000001e-07
1459600719850,4.68,3.6200000000000004e-07
1459600719860,4.68,7.240000000000001e-07
1459600719870,4.68,0.0
1459600719880,4.68,0.0
1459600719890,4.68,0.0
1459600719900,4.68,3.6200000000000004e-07
1459600719910,4.68,3.6200000000000004e-07
1459600719920,4.68,0.0
1459600719930,4.68,1.0859999999999999e-06
1459600719940,4.68,0.0
1459600719950,4.68,3.6200000000000004e-07
1459600719960,4.68,3.6200000000000004e-07
1459600719970,4.68,0.0
1459600719980,4.68,3.6200000000000004e-07
1459600719990,4.68,3.6200000000000004e-07
1459600720000,4.68,7.240000000000001e-07
1459600720010,4.68,0.0
1459600720020,4.68,3.6200000000000004e-07
1459600720030,4.68,3.6200000000000004e-07
1459600720040,4.68,0.0
1459600720050,4.68,3.6200000000000004e-07
1459600720060,4.68,3.6200000000000004e-07
1459600720070,4.68,3.6200000000000004e-07
1459600720080,4.68,3.6200000000000004e-07
1459600720090,4.68,0.0
1459600720100,4.68,7.240000000000001e-07
1459600720110,4.68,0.0
1459600720120,4.68,3.6200000000000004e-07
1459600720130,4.68,3.6200000000000004e-07
1459600720140,4.68,3.6200000000000004e-07
1459600720150,4.68,7.240000000000001e-07
1459600720160,4.68,7.240000000000001e-07
1459600720170,4.68,3.6200000000000004e-07
1459600720180,4.68,7.240000000000001e-07
1459600720190,4.68,3.6200000000000004e-07
1459600720200,4.68,1.0859999999999999e-06
1459600720210,4.68,0.0
1459600720220,4.68,3.6200000000000004e-07
1459600720230,4.68,3.6200000000000004e-07
1459600720240,4.68,7.240000000000001e-07
1459600720250,4.68,3.6200000000000004e-07
1459600720260,4.68,7.240000000000001e-07
1459600720270,4.68,7.240000000000001e-07
1459600720280,4.68,0.0
1459600720290,4.68,0.0
1459600720300,4.68,3.6200000000000004e-07
1459600720310,4.68,0.0
1459600720320,4.68,7.240000000000001e-07
1459600720330,4.68,3.6200000000000004e-07
1459600720340,4.68,0.0
1459600720350,4.68,0.0
1459600720360,4.68,7.240000000000001e-07
1459600720370,4.68,0.0
1459600720380,4.68,7.240000000000001e-07
1459600720390,4.68,0.0
1459600720400,4.68,3.6200000000000004e-07
1459600720410,4.68,3.6200000000000004e-07
1459600720420,4.68,3.6200000000000004e-07
1459600720430,4.68,3.6200000000000004e-07
1459600720440,4.68,0.0
1459600720450,4.68,3.6200000000000004e-07
1459600720460,4.68,3.6200000000000004e-07
1459600720470,4.68,7.240000000000001e-07
1459600720480,4.68,3.6200000000000004e-07
1459600720490,4.68,7.240000000000001e-07
1459600720500,4.68,0.0
1459600720510,4.68,3.6200000000000004e-07
1459600720520,4.68,7.240000000000001e-07
1459600720530,4.68,7.240000000000001e-07
1459600720540,4.68,7.240000000000001e-07
1459600720550,4.68,7.240000000000001e-07
1459600720560,4.68,0.0
1459600720570,4.68,7.240000000000001e-07
1459600720580,4.68,7.240000000000001e-07
1459600720590,4.68,0.0
1459600720600,4.68,7.240000000000001e-07
1459600720610,4.68,0.0
1459600720620,4.68,3.6200000000000004e-07
1459600720630,4.68,0.0
1459600720640,4.68,7.240000000000001e-07
1459600720650,4.68,0.0
1459600720660,4.68,3.6200000000000004e-07
1459600720670,4.68,3.6200000000000004e-07
1459600720680,4.68,0.0
1459600720690,4.68,7.240000000000001e-07
1459600720700,4.68,0.0
1459600720710,4.68,3.6200000000000004e-07
1459600720720,4.68,7.240000000000001e-07
1459600720730,4.68,3.6200000000000004e-07
1459600720740,4.68,0.0
1459600720750,4.68,3.6200000000000004e-07
1459600720760,4.68,3.6200000000000004e-07
1459600720770,4.68,7.240000000000001e-07
1459600720780,4.68,0.0
1459600720790,4.68,7.240000000000001e-07
1459600720800,4.68,3.6200000000000004e-07
1459600720810,4.68,3.6200000000000004e-07
1459600720820,4.68,7.240000000000001e-07
1459600720830,4.68,0.0
1459600720840,4.68,7.240000000000001e-07
1459600720850,4.68,0.0
1459600720860,4.68,1.0859999999999999e-06
1459600720870,4.68,0.0
1459600720880,4.68,0.0
1459600720890,4.68,0.0
1459600720900,4.68,7.240000000000001e-07
1459600720910,4.68,3.6200000000000004e-07
1459600720920,4.68,7.240000000000001e-07
1459600720930,4.68,0.0
1459600720940,4.68,3.6200000000000004e-07
1459600720950,4.68,7.240000000000001e-07
1459600720960,4.68,0.0
1459600720970,4.68,0.0
1459600720980,4.68,3.6200000000000004e-07
1459600720990,4.68,0.0
1459600721000,4.68,3.6200000000000004e-07
1459600721010,4.68,3.6200000000000004e-07
1459600721020,4.68,7.240000000000001e-07
1459600721030,4.68,0.0
1459600721040,4.68,7.240000000000001e-07
1459600721050,4.68,0.0
1459600721060,4.68,7.240000000000001e-07
1459600721070,4.68,0.0
1459600721080,4.68,3.6200000000000004e-07
1459600721090,4.68,0.0
1459600721100,4.68,7.240000000000001e-07
1459600721110,4.68,7.240000000000001e-07
1459600721120,4.68,7.240000000000001e-07
1459600721130,4.68,0.0
1459600721140,4.68,0.0
1459600721150,4.68,0.0
1459600721160,4.68,3.6200000000000004e-07
1459600721170,4.68,3.6200000000000004e-07
1459600721180,4.68,0.0
1459600721190,4.68,7.240000000000001e-07
1459600721200,4.68,0.0
1459600721210,4.68,0.0
1459600721220,4.68,0.0
1459600721230,4.68,3.6200000000000004e-07
1459600721240,4.68,0.0
1459600721250,4.68,3.6200000000000004e-07
1459600721260,4.68,7.240000000000001e-07
1459600721270,4.68,0.0
1459600721280,4.68,3.6200000000000004e-07
1459600721290,4.68,0.0
1459600721300,4.68,7.240000000000001e-07
1459600721310,4.68,0.0
1459600721320,4.68,0.0
1459600721330,4.68,0.0
1459600721340,4.68,3.6200000000000004e-07
1459600721350,4.68,0.0
1459600721360,4.68,7.240000000000001e-07
1459600721370,4.68,3.6200000000000004e-07
1459600721380,4.68,3.6200000000000004e-07
1459600721390,4.68,0.0
1459600721400,4.68,3.6200000000000004e-07
1459600721410,4.68,0.0
1459600721420,4.68,3.6200000000000004e-07
1459600721430,4.68,1.0859999999999999e-06
1459600721440,4.68,0.0
1459600721450,4.68,3.6200000000000004e-07
1459600721460,4.68,0.0
1459600721470,4.68,7.240000000000001e-07
1459600721480,4.68,3.6200000000000004e-07
1459600721490,4.68,3.6200000000000004e-07
1459600721500,4.68,3.6200000000000004e-07
1459600721510,4.68,3.6200000000000004e-07
1459600721520,4.68,0.0
1459600721530,4.68,7.240000000000001e-07
1459600721540,4.68,0.0
1459600721550,4.68,0.0
1459600721560,4.68,3.6200000000000004e-07
1459600721570,4.68,3.6200000000000004e-07
1459600721580,4.68,0.0
1459600721590,4.68,1.0859999999999999e-06
1459600721600,4.68,0.0
1459600721610,4.68,0.0
1459600721620,4.68,7.240000000000001e-07
1459600721630,4.68,3.6200000000000004e-07
1459600721640,4.68,0.0
1459600721650,4.68,3.6200000000000004e-07
1459600721660,4.68,3.6200000000000004e-07
1459600721670,4.68,3.6200000000000004e-07
1459600721680,4.68,3.6200000000000004e-07
1459600721690,4.68,0.0
1459600721700,4.68,7.240000000000001e-07
1459600721710,4.68,3.6200000000000004e-07
1459600721720,4.68,3.6200000000000004e-07
1459600721730,4.68,0.0
1459600721740,4.68,3.6200000000000004e-07
1459600721750,4.68,0.0
1459600721760,4.68,7.240000000000001e-07
1459600721770,4.68,0.0
1459600721780,4.68,0.0
1459600721790,4.68,0.0
1459600721800,4.68,7.240000000000001e-07
1459600721810,4.68,0.0
1459600721820,4.68,0.0
1459600721830,4.68,3.6200000000000004e-07
1459600721840,4.68,0.0
1459600721850,4.68,7.240000000000001e-07
1459600721860,4.68,0.0
1459600721870,4.68,3.6200000000000004e-07
1459600721880,4.68,1.0859999999999999e-06
1459600721890,4.68,0.0
1459600721900,4.68,3.6200000000000004e-07
1459600721910,4.68,0.0
1459600721920,4.68,0.0
1459600721930,4.68,3.6200000000000004e-07
1459600721940,4.68,0.0
1459600721950,4.68,3.6200000000000004e-07
1459600721960,4.68,3.6200000000000004e-07
1459600721970,4.68,0.0
1459600721980,4.68,7.240000000000001e-07
1459600721990,4.68,3.6200000000000004e-07
1459600722000,4.68,0.0
1459600722010,4.68,0.0
1459600722020,4.68,1.0859999999999999e-06
1459600722030,4.68,0.0
1459600722040,4.68,0.0
1459600722050,4.68,3.6200000000000004e-07
1459600722060,4.68,0.0
1459600722070,4.68,7.240000000000001e-07
1459600722080,4.68,0.0
1459600722090,4.68,3.6200000000000004e-07
1459600722100,4.68,0.0
1459600722110,4.68,3.6200000000000004e-07
1459600722120,4.68,3.6200000000000004e-07
1459600722130,4.68,7.240000000000001e-07
1459600722140,4.68,0.0
1459600722150,4.68,0.0
1459600722160,4.68,1.0859999999999999e-06
1459600722170,4.68,0.0
1459600722180,4.68,3.6200000000000004e-07
1459600722190,4.68,0.0
1459600722200,4.68,7.240000000000001e-07
1459600722210,4.68,3.6200000000000004e-07
1459600722220,4.68,3.6200000000000004e-07
1459600722230,4.68,7.240000000000001e-07
1459600722240,4.68,1.0859999999999999e-06
1459600722250,4.68,7.240000000000001e-07
1459600722260,4.68,1.81e-06
1459600722270,4.68,3.6200000000000004e-07
1459600722280,4.68,1.81e-06
1459600722290,4.68,7.240000000000001e-07
1459600722300,4.68,1.0859999999999999e-06
1459600722310,4.68,1.0859999999999999e-06
1459600722320,4.68,1.0859999999999999e-06
1459600722330,4.68,1.0859999999999999e-06
1459600722340,4.68,3.6200000000000004e-07
1459600722350,4.68,1.0859999999999999e-06
1459600722360,4.68,7.240000000000001e-07
1459600722370,4.68,0.0
1459600722380,4.68,3.6200000000000004e-07
1459600722390,4.68,0.0
1459600722400,4.68,1.0859999999999999e-06
1459600722410,4.68,0.0
1459600722420,4.68,3.6200000000000004e-07
1459600722430,4.68,3.6200000000000004e-07
1459600722440,4.68,3.6200000000000004e-07
1459600722450,4.68,0.0
1459600722460,4.68,7.240000000000001e-07
1459600722470,4.68,3.6200000000000004e-07
1459600722480,4.68,0.0
1459600722490,4.68,0.0
1459600722500,4.68,3.6200000000000004e-07
1459600722510,4.68,3.6200000000000004e-07
1459600722520,4.68,3.6200000000000004e-07
1459600722530,4.68,0.0
1459600722540,4.68,0.0
1459600722550,4.68,3.6200000000000004e-07
1459600722560,4.68,7.240000000000001e-07
1459600722570,4.68,3.6200000000000004e-07
1459600722580,4.68,3.6200000000000004e-07
1459600722590,4.68,0.0
1459600722600,4.68,0.0
1459600722610,4.68,7.240000000000001e-07
1459600722620,4.68,0.0
1459600722630,4.68,3.6200000000000004e-07
1459600722640,4.68,7.240000000000001e-07
1459600722650,4.68,0.0
1459600722660,4.68,0.0
1459600722670,4.68,3.6200000000000004e-07
1459600722680,4.68,7.240000000000001e-07
1459600722690,4.68,0.0
1459600722700,4.68,7.240000000000001e-07
1459600722710,4.68,0.0
1459600722720,4.68,3.6200000000000004e-07
1459600722730,4.68,0.0
1459600722740,4.68,3.6200000000000004e-07
1459600722750,4.68,7.240000000000001e-07
1459600722760,4.68,3.6200000000000004e-07
1459600722770,4.68,3.6200000000000004e-07
1459600722780,4.68,3.6200000000000004e-07
1459600722790,4.68,3.6200000000000004e-07
1459600722800,4.68,3.6200000000000004e-07
1459600722810,4.68,3.6200000000000004e-07
1459600722820,4.68,7.240000000000001e-07
1459600722830,4.68,7.240000000000001e-07
1459600722840,4.68,7.240000000000001e-07
1459600722850,4.68,3.6200000000000004e-07
1459600722860,4.68,0.0
1459600722870,4.68,7.240000000000001e-07
1459600722880,4.68,7.240000000000001e-07
1459600722890,4.68,3.6200000000000004e-07
1459600722900,4.68,7.240000000000001e-07
1459600722910,4.68,7.240000000000001e-07
1459600722920,4.68,1.0859999999999999e-06
1459600722930,4.68,0.0
1459600722940,4.68,3.6200000000000004e-07
1459600722950,4.68,3.6200000000000004e-07
1459600722960,4.68,3.6200000000000004e-07
1459600722970,4.68,2.1719999999999997e-06
1459600722980,4.68,3.6200000000000004e-07
1459600722990,4.68,0.0
1459600723000,4.68,0.0
1459600723010,4.68,0.0
1459600723020,4.68,0.0
1459600723030,4.68,0.0
1459600723040,4.68,0.0
1459600723050,4.68,3.6200000000000004e-07
1459600723060,4.68,3.6200000000000004e-07
1459600723070,4.68,3.6200000000000004e-07
1459600723080,4.68,7.240000000000001e-07
1459600723090,4.68,0.0
1459600723100,4.68,7.240000000000001e-07
1459600723110,4.68,0.0
1459600723120,4.68,0.0
1459600723130,4.68,7.240000000000001e-07
1459600723140,4.68,0.0
1459600723150,4.68,3.6200000000000004e-07
1459600723160,4.68,7.240000000000001e-07
1459600723170,4.68,3.6200000000000004e-07
1459600723180,4.68,3.6200000000000004e-07
1459600723190,4.68,3.6200000000000004e-07
1459600723200,4.68,3.6200000000000004e-07
1459600723210,4.68,0.0
1459600723220,4.68,3.6200000000000004e-07
1459600723230,4.68,3.6200000000000004e-07
1459600723240,4.68,1.0859999999999999e-06
1459600723250,4.68,0.0
1459600723260,4.68,7.240000000000001e-07
1459600723270,4.68,3.6200000000000004e-07
1459600723280,4.68,3.6200000000000004e-07
1459600723290,4.68,3.6200000000000004e-07
1459600723300,4.68,3.6200000000000004e-07
1459600723310,4.68,0.0
1459600723320,4.68,7.240000000000001e-07
1459600723330,4.68,1.0859999999999999e-06
1459600723340,4.68,0.0
1459600723350,4.68,1.0859999999999999e-06
1459600723360,4.68,7.240000000000001e-07
1459600723370,4.68,0.0
1459600723380,4.68,3.6200000000000004e-07
1459600723390,4.68,7.240000000000001e-07
1459600723400,4.68,3.6200000000000004e-07
1459600723410,4.68,0.0
1459600723420,4.68,7.240000000000001e-07
1459600723430,4.68,3.6200000000000004e-07
1459600723440,4.68,3.6200000000000004e-07
1459600723450,4.68,7.240000000000001e-07
1459600723460,4.68,0.0
1459600723470,4.68,7.240000000000001e-07
1459600723480,4.68,3.6200000000000004e-07
1459600723490,4.68,0.0
1459600723500,4.68,3.6200000000000004e-07
1459600723510,4.68,3.6200000000000004e-07
1459600723520,4.68,7.240000000000001e-07
1459600723530,4.68,0.0
1459600723540,4.68,3.6200000000000004e-07
1459600723550,4.68,3.6200000000000004e-07
1459600723560,4.68,0.0
1459600723570,4.68,7.240000000000001e-07
1459600723580,4.68,3.6200000000000004e-07
1459600723590,4.68,3.6200000000000004e-07
1459600723600,4.68,0.0
1459600723610,4.68,3.6200000000000004e-07
1459600723620,4.68,0.0
1459600723630,4.68,3.6200000000000004e-07
1459600723640,4.68,0.0
1459600723650,4.68,7.240000000000001e-07
1459600723660,4.68,3.6200000000000004e-07
1459600723670,4.68,3.6200000000000004e-07
1459600723680,4.68,1.0859999999999999e-06
1459600723690,4.68,0.0
1459600723700,4.68,0.0
1459600723710,4.68,3.6200000000000004e-07
1459600723720,4.68,0.0
1459600723730,4.68,7.240000000000001e-07
1459600723740,4.68,0.0
1459600723750,4.68,3.6200000000000004e-07
1459600723760,4.68,3.6200000000000004e-07
1459600723770,4.68,3.6200000000000004e-07
1459600723780,4.68,3.6200000000000004e-07
1459600723790,4.68,3.6200000000000004e-07
1459600723800,4.68,7.240000000000001e-07
1459600723810,4.68,0.0
1459600723820,4.68,3.6200000000000004e-07
1459600723830,4.68,0.0
1459600723840,4.68,3.6200000000000004e-07
1459600723850,4.68,0.0
1459600723860,4.68,7.240000000000001e-07
1459600723870,4.68,0.0
1459600723880,4.68,0.0
1459600723890,4.68,7.240000000000001e-07
1459600723900,4.68,0.0
1459600723910,4.68,3.6200000000000004e-07
1459600723920,4.68,0.0
1459600723930,4.68,3.6200000000000004e-07
1459600723940,4.68,0.0
1459600723950,4.68,3.6200000000000004e-07
1459600723960,4.68,7.240000000000001e-07
1459600723970,4.68,0.0
1459600723980,4.68,3.6200000000000004e-07
1459600723990,4.68,3.6200000000000004e-07
1459600724000,4.68,3.6200000000000004e-07
1459600724010,4.68,0.0
1459600724020,4.68,0.0
1459600724030,4.68,0.0
1459600724040,4.68,7.240000000000001e-07
1459600724050,4.68,3.6200000000000004e-07
1459600724060,4.68,7.240000000000001e-07
1459600724070,4.68,0.0
1459600724080,4.68,3.6200000000000004e-07
1459600724090,4.68,3.6200000000000004e-07
1459600724100,4.68,7.240000000000001e-07
1459600724110,4.68,0.0
1459600724120,4.68,0.0
1459600724130,4.68,3.6200000000000004e-07
1459600724140,4.68,3.6200000000000004e-07
1459600724150,4.68,0.0
1459600724160,4.68,0.0
1459600724170,4.68,3.6200000000000004e-07
1459600724180,4.68,3.6200000000000004e-07
1459600724190,4.68,0.0
1459600724200,4.68,3.6200000000000004e-07
1459600724210,4.68,3.6200000000000004e-07
1459600724220,4.68,7.240000000000001e-07
1459600724230,4.68,0.0
1459600724240,4.68,3.6200000000000004e-07
1459600724250,4.68,3.6200000000000004e-07
1459600724260,4.68,3.6200000000000004e-07
1459600724270,4.68,0.0
1459600724280,4.68,7.240000000000001e-07
1459600724290,4.68,0.0
1459600724300,4.68,7.240000000000001e-07
1459600724310,4.68,0.0
1459600724320,4.68,3.6200000000000004e-07
1459600724330,4.68,3.6200000000000004e-07
1459600724340,4.68,0.0
1459600724350,4.68,7.240000000000001e-07
1459600724360,4.68,0.0
1459600724370,4.68,0.0
1459600724380,4.68,1.0859999999999999e-06
1459600724390,4.68,0.0
1459600724400,4.68,3.6200000000000004e-07
1459600724410,4.68,0.0
1459600724420,4.68,3.6200000000000004e-07
1459600724430,4.68,3.6200000000000004e-07
1459600724440,4.68,7.240000000000001e-07
1459600724450,4.68,0.0
1459600724460,4.68,3.6200000000000004e-07
1459600724470,4.68,0.0
1459600724480,4.68,3.6200000000000004e-07
1459600724490,4.68,3.6200000000000004e-07
1459600724500,4.68,3.6200000000000004e-07
1459600724510,4.68,3.6200000000000004e-07
1459600724520,4.68,3.6200000000000004e-07
1459600724530,4.68,7.240000000000001e-07
1459600724540,4.68,0.0
1459600724550,4.68,3.6200000000000004e-07
1459600724560,4.68,7.240000000000001e-07
1459600724570,4.68,0.0
1459600724580,4.68,3.6200000000000004e-07
1459600724590,4.68,3.6200000000000004e-07
1459600724600,4.68,3.6200000000000004e-07
1459600724610,4.68,0.0
1459600724620,4.68,3.6200000000000004e-07
1459600724630,4.68,3.6200000000000004e-07
1459600724640,4.68,3.6200000000000004e-07
1459600724650,4.68,3.6200000000000004e-07
1459600724660,4.68,1.0859999999999999e-06
1459600724670,4.68,0.0
1459600724680,4.68,3.6200000000000004e-07
1459600724690,4.68,3.6200000000000004e-07
1459600724700,4.68,0.0
1459600724710,4.68,7.240000000000001e-07
1459600724720,4.68,0.0
1459600724730,4.68,0.0
1459600724740,4.68,3.6200000000000004e-07
1459600724750,4.68,3.6200000000000004e-07
1459600724760,4.68,3.6200000000000004e-07
1459600724770,4.68,0.0
1459600724780,4.68,3.6200000000000004e-07
1459600724790,4.68,3.6200000000000004e-07
1459600724800,4.68,0.0
1459600724810,4.68,3.6200000000000004e-07
1459600724820,4.68,3.6200000000000004e-07
1459600724830,4.68,0.0
1459600724840,4.68,3.6200000000000004e-07
1459600724850,4.68,3.6200000000000004e-07
1459600724860,4.68,7.240000000000001e-07
1459600724870,4.68,3.6200000000000004e-07
1459600724880,4.68,7.240000000000001e-07
1459600724890,4.68,0.0
1459600724900,4.68,7.240000000000001e-07
1459600724910,4.68,0.0
1459600724920,4.68,7.240000000000001e-07
1459600724930,4.68,7.240000000000001e-07
1459600724940,4.68,3.6200000000000004e-07
1459600724950,4.68,7.240000000000001e-07
1459600724960,4.68,7.240000000000001e-07
1459600724970,4.68,0.0
1459600724980,4.68,3.6200000000000004e-07
1459600724990,4.68,7.240000000000001e-07
1459600725000,4.68,3.6200000000000004e-07
1459600725010,4.68,7.240000000000001e-07
1459600725020,4.68,3.6200000000000004e-07
1459600725030,4.68,0.0
1459600725040,4.68,3.6200000000000004e-07
1459600725050,4.68,3.6200000000000004e-07
1459600725060,4.68,7.240000000000001e-07
1459600725070,4.68,3.6200000000000004e-07
1459600725080,4.68,3.6200000000000004e-07
1459600725090,4.68,0.0
1459600725100,4.68,7.240000000000001e-07
1459600725110,4.68,0.0
1459600725120,4.68,3.6200000000000004e-07
1459600725130,4.68,3.6200000000000004e-07
1459600725140,4.68,0.0
1459600725150,4.68,0.0
1459600725160,4.68,0.0
1459600725170,4.68,3.6200000000000004e-07
1459600725180,4.68,0.0
1459600725190,4.68,3.6200000000000004e-07
1459600725200,4.68,0.0
1459600725210,4.68,3.6200000000000004e-07
1459600725220,4.68,3.6200000000000004e-07
1459600725230,4.68,7.240000000000001e-07
1459600725240,4.68,0.0
1459600725250,4.68,3.6200000000000004e-07
1459600725260,4.68,3.6200000000000004e-07
1459600725270,4.68,3.6200000000000004e-07
1459600725280,4.68,0.0
1459600725290,4.68,3.6200000000000004e-07
1459600725300,4.68,3.6200000000000004e-07
1459600725310,4.68,0.0
1459600725320,4.68,1.0859999999999999e-06
1459600725330,4.68,0.0
1459600725340,4.68,0.0
1459600725350,4.68,0.0
1459600725360,4.68,7.240000000000001e-07
1459600725370,4.68,0.0
1459600725380,4.68,0.0
1459600725390,4.68,1.0859999999999999e-06
1459600725400,4.68,3.6200000000000004e-07
1459600725410,4.68,3.6200000000000004e-07
1459600725420,4.68,0.0
1459600725430,4.68,7.240000000000001e-07
1459600725440,4.68,0.0
1459600725450,4.68,7.240000000000001e-07
1459600725460,4.68,0.0
1459600725470,4.68,0.0
1459600725480,4.68,3.6200000000000004e-07
1459600725490,4.68,7.240000000000001e-07
1459600725500,4.68,3.6200000000000004e-07
1459600725510,4.68,3.6200000000000004e-07
1459600725520,4.68,7.240000000000001e-07
1459600725530,4.68,0.0
1459600725540,4.68,3.6200000000000004e-07
1459600725550,4.68,0.0
1459600725560,4.68,1.0859999999999999e-06
1459600725570,4.68,0.0
1459600725580,4.68,3.6200000000000004e-07
1459600725590,4.68,3.6200000000000004e-07
1459600725600,4.68,3.6200000000000004e-07
1459600725610,4.68,3.6200000000000004e-07
1459600725620,4.68,7.240000000000001e-07
1459600725630,4.68,3.6200000000000004e-07
1459600725640,4.68,3.6200000000000004e-07
1459600725650,4.68,3.6200000000000004e-07
1459600725660,4.68,0.0
1459600725670,4.68,7.240000000000001e-07
1459600725680,4.68,0.0
1459600725690,4.68,3.6200000000000004e-07
1459600725700,4.68,3.6200000000000004e-07
1459600725710,4.68,0.0
1459600725720,4.68,0.0
1459600725730,4.68,0.0
1459600725740,4.68,3.6200000000000004e-07
1459600725750,4.68,3.6200000000000004e-07
1459600725760,4.68,0.0
1459600725770,4.68,3.6200000000000004e-07
1459600725780,4.68,7.240000000000001e-07
1459600725790,4.68,0.0
1459600725800,4.68,3.6200000000000004e-07
1459600725810,4.68,0.0
1459600725820,4.68,7.240000000000001e-07
1459600725830,4.68,3.6200000000000004e-07
1459600725840,4.68,3.6200000000000004e-07
1459600725850,4.68,0.0
1459600725860,4.68,0.0
1459600725870,4.68,7.240000000000001e-07
1459600725880,4.68,7.240000000000001e-07
1459600725890,4.68,7.240000000000001e-07
1459600725900,4.68,0.0
1459600725910,4.68,3.6200000000000004e-07
1459600725920,4.68,3.6200000000000004e-07
1459600725930,4.68,0.0
1459600725940,4.68,3.6200000000000004e-07
1459600725950,4.68,7.240000000000001e-07
1459600725960,4.68,0.0
1459600725970,4.68,3.6200000000000004e-07
1459600725980,4.68,1.0859999999999999e-06
1459600725990,4.68,0.0
1459600726000,4.68,7.240000000000001e-07
1459600726010,4.68,3.6200000000000004e-07
1459600726020,4.68,3.6200000000000004e-07
1459600726030,4.68,3.6200000000000004e-07
1459600726040,4.68,7.240000000000001e-07
1459600726050,4.68,0.0
1459600726060,4.68,3.6200000000000004e-07
1459600726070,4.68,3.6200000000000004e-07
1459600726080,4.68,0.0
1459600726090,4.68,3.6200000000000004e-07
1459600726100,4.68,3.6200000000000004e-07
1459600726110,4.68,3.6200000000000004e-07
1459600726120,4.68,3.6200000000000004e-07
1459600726130,4.68,3.6200000000000004e-07
1459600726140,4.68,3.6200000000000004e-07
1459600726150,4.68,0.0
1459600726160,4.68,0.0
1459600726170,4.68,0.0
1459600726180,4.68,7.240000000000001e-07
1459600726190,4.68,3.6200000000000004e-07
1459600726200,4.68,0.0
1459600726210,4.68,3.6200000000000004e-07
1459600726220,4.68,0.0
1459600726230,4.68,7.240000000000001e-07
1459600726240,4.68,0.0
1459600726250,4.68,3.6200000000000004e-07
1459600726260,4.68,0.0
1459600726270,4.68,0.0
1459600726280,4.68,1.0859999999999999e-06
1459600726290,4.68,0.0
1459600726300,4.68,0.0
1459600726310,4.68,7.240000000000001e-07
1459600726320,4.68,7.240000000000001e-07
1459600726330,4.68,0.0
1459600726340,4.68,0.0
1459600726350,4.68,0.0
1459600726360,4.68,3.6200000000000004e-07
1459600726370,4.68,3.6200000000000004e-07
1459600726380,4.68,3.6200000000000004e-07
1459600726390,4.68,0.0
1459600726400,4.68,3.6200000000000004e-07
1459600726410,4.68,0.0
1459600726420,4.68,1.0859999999999999e-06
1459600726430,4.68,0.0
1459600726440,4.68,3.6200000000000004e-07
1459600726450,4.68,3.6200000000000004e-07
1459600726460,4.68,1.0859999999999999e-06
1459600726470,4.68,3.6200000000000004e-07
1459600726480,4.68,7.240000000000001e-07
1459600726490,4.68,3.6200000000000004e-07
1459600726500,4.68,7.240000000000001e-07
1459600726510,4.68,3.6200000000000004e-07
1459600726520,4.68,0.0
1459600726530,4.68,7.240000000000001e-07
1459600726540,4.68,0.0
1459600726550,4.68,7.240000000000001e-07
1459600726560,4.68,3.6200000000000004e-07
1459600726570,4.68,7.240000000000001e-07
1459600726580,4.68,0.0
1459600726590,4.68,3.6200000000000004e-07
1459600726600,4.68,7.240000000000001e-07
1459600726610,4.68,0.0
1459600726620,4.68,3.6200000000000004e-07
1459600726630,4.68,3.6200000000000004e-07
1459600726640,4.68,3.6200000000000004e-07
1459600726650,4.68,0.0
1459600726660,4.68,0.0
1459600726670,4.68,3.6200000000000004e-07
1459600726680,4.68,3.6200000000000004e-07
1459600726690,4.68,3.6200000000000004e-07
1459600726700,4.68,0.0
1459600726710,4.68,3.6200000000000004e-07
1459600726720,4.68,7.240000000000001e-07
