Timestamp,position,BLMTI.04L7.B1E10_TCSG.B4L7.B1
1494677560680,-0.37,2.8960000000000003e-06
1494677560690,-0.37,1.4480000000000002e-06
1494677560700,-0.37,3.62e-06
1494677560710,-0.37,2.5340000000000002e-06
1494677560720,-0.37,2.8960000000000003e-06
1494677560730,-0.37,2.8960000000000003e-06
1494677560740,-0.37,2.8960000000000003e-06
1494677560750,-0.37,4.343999999999999e-06
1494677560760,-0.37,2.1719999999999997e-06
1494677560770,-0.37,3.258e-06
1494677560780,-0.37,2.5340000000000002e-06
1494677560790,-0.37,1.81e-06
1494677560800,-0.37,3.258e-06
1494677560810,-0.37,2.8960000000000003e-06
1494677560820,-0.37,2.8960000000000003e-06
1494677560830,-0.37,2.5340000000000002e-06
1494677560840,-0.37,3.258e-06
1494677560850,-0.37,3.982e-06
1494677560860,-0.37,2.8960000000000003e-06
1494677560870,-0.37,3.62e-06
1494677560880,-0.37,2.1719999999999997e-06
1494677560890,-0.37,3.62e-06
1494677560900,-0.37,2.1719999999999997e-06
1494677560910,-0.37,2.5340000000000002e-06
1494677560920,-0.37,2.8960000000000003e-06
1494677560930,-0.37,2.1719999999999997e-06
1494677560940,-0.37,2.1719999999999997e-06
1494677560950,-0.37,3.62e-06
1494677560960,-0.37,1.81e-06
1494677560970,-0.37,2.8960000000000003e-06
1494677560980,-0.37,2.8960000000000003e-06
1494677560990,-0.37,2.5340000000000002e-06
1494677561000,-0.37,2.1719999999999997e-06
1494677561010,-0.37,5.0680000000000004e-06
1494677561020,-0.37,3.258e-06
1494677561030,-0.37,3.258e-06
1494677561040,-0.37,3.62e-06
1494677561050,-0.37,3.258e-06
1494677561060,-0.37,2.1719999999999997e-06
1494677561070,-0.37,2.1719999999999997e-06
1494677561080,-0.37,3.982e-06
1494677561090,-0.37,2.5340000000000002e-06
1494677561100,-0.37,2.8960000000000003e-06
1494677561110,-0.37,1.81e-06
1494677561120,-0.37,2.5340000000000002e-06
1494677561130,-0.37,2.8960000000000003e-06
1494677561140,-0.37,3.62e-06
1494677561150,-0.37,1.0859999999999999e-06
1494677561160,-0.37,2.5340000000000002e-06
1494677561170,-0.37,1.0859999999999999e-06
1494677561180,-0.37,1.81e-06
1494677561190,-0.37,3.62e-06
1494677561200,-0.37,2.8960000000000003e-06
1494677561210,-0.37,2.8960000000000003e-06
1494677561220,-0.37,1.81e-06
1494677561230,-0.37,1.4480000000000002e-06
1494677561240,-0.37,2.1719999999999997e-06
1494677561250,-0.37,2.5340000000000002e-06
1494677561260,-0.37,2.1719999999999997e-06
1494677561270,-0.37,1.81e-06
1494677561280,-0.37,3.258e-06
1494677561290,-0.37,1.4480000000000002e-06
1494677561300,-0.37,3.982e-06
1494677561310,-0.37,2.5340000000000002e-06
1494677561320,-0.37,2.5340000000000002e-06
1494677561330,-0.37,3.258e-06
1494677561340,-0.37,1.81e-06
1494677561350,-0.37,1.81e-06
1494677561360,-0.37,2.1719999999999997e-06
1494677561370,-0.37,1.81e-06
1494677561380,-0.37,3.982e-06
1494677561390,-0.37,1.4480000000000002e-06
1494677561400,-0.37,2.5340000000000002e-06
1494677561410,-0.37,2.1719999999999997e-06
1494677561420,-0.37,3.258e-06
1494677561430,-0.37,2.5340000000000002e-06
1494677561440,-0.37,2.5340000000000002e-06
1494677561450,-0.37,7.240000000000001e-07
1494677561460,-0.37,3.62e-06
1494677561470,-0.37,1.4480000000000002e-06
1494677561480,-0.37,2.1719999999999997e-06
1494677561490,-0.37,1.4480000000000002e-06
1494677561500,-0.37,2.8960000000000003e-06
1494677561510,-0.37,1.0859999999999999e-06
1494677561520,-0.37,2.5340000000000002e-06
1494677561530,-0.37,2.1719999999999997e-06
1494677561540,-0.37,2.1719999999999997e-06
1494677561550,-0.37,1.4480000000000002e-06
1494677561560,-0.37,2.5340000000000002e-06
1494677561570,-0.37,2.5340000000000002e-06
1494677561580,-0.37,2.1719999999999997e-06
1494677561590,-0.37,1.0859999999999999e-06
1494677561600,-0.37,3.62e-06
1494677561610,-0.37,1.0859999999999999e-06
1494677561620,-0.37,2.5340000000000002e-06
1494677561630,-0.37,2.8960000000000003e-06
1494677561640,-0.37,3.982e-06
1494677561650,-0.37,2.8960000000000003e-06
1494677561660,-0.37,1.4480000000000002e-06
1494677561670,-0.37,2.5340000000000002e-06
1494677561680,-0.37,3.258e-06
1494677561690,-0.37,1.81e-06
1494677561700,-0.37,3.258e-06
1494677561710,-0.37,2.8960000000000003e-06
1494677561720,-0.37,5.0680000000000004e-06
1494677561730,-0.37,3.62e-06
1494677561740,-0.37,2.8960000000000003e-06
1494677561750,-0.37,2.5340000000000002e-06
1494677561760,-0.37,3.258e-06
1494677561770,-0.37,1.4480000000000002e-06
1494677561780,-0.37,3.258e-06
1494677561790,-0.37,2.1719999999999997e-06
1494677561800,-0.37,2.8960000000000003e-06
1494677561810,-0.37,1.4480000000000002e-06
1494677561820,-0.37,3.982e-06
1494677561830,-0.37,2.1719999999999997e-06
1494677561840,-0.37,3.258e-06
1494677561850,-0.37,1.0859999999999999e-06
1494677561860,-0.37,3.62e-06
1494677561870,-0.37,1.0859999999999999e-06
1494677561880,-0.37,2.8960000000000003e-06
1494677561890,-0.37,7.240000000000001e-07
1494677561900,-0.37,2.8960000000000003e-06
1494677561910,-0.37,2.5340000000000002e-06
1494677561920,-0.37,2.1719999999999997e-06
1494677561930,-0.37,2.5340000000000002e-06
1494677561940,-0.37,2.1719999999999997e-06
1494677561950,-0.37,2.5340000000000002e-06
1494677561960,-0.37,2.1719999999999997e-06
1494677561970,-0.37,1.4480000000000002e-06
1494677561980,-0.37,3.62e-06
1494677561990,-0.37,1.4480000000000002e-06
1494677562000,-0.37,3.258e-06
1494677562010,-0.37,1.81e-06
1494677562020,-0.37,2.5340000000000002e-06
1494677562030,-0.37,2.8960000000000003e-06
1494677562040,-0.37,2.8960000000000003e-06
1494677562050,-0.37,3.258e-06
1494677562060,-0.37,3.62e-06
1494677562070,-0.37,1.81e-06
1494677562080,-0.37,3.258e-06
1494677562090,-0.37,2.8960000000000003e-06
1494677562100,-0.37,2.8960000000000003e-06
1494677562110,-0.37,3.62e-06
1494677562120,-0.37,0.0
1494677562130,-0.37,0.0
1494677562140,-0.37,0.0
1494677562150,-0.37,0.0
1494677562160,-0.37,7.240000000000001e-07
1494677562170,-0.37,2.8960000000000003e-06
1494677562180,-0.37,3.258e-06
1494677562190,-0.37,2.5340000000000002e-06
1494677562200,-0.37,2.1719999999999997e-06
1494677562210,-0.37,2.1719999999999997e-06
1494677562220,-0.37,5.0680000000000004e-06
1494677562230,-0.37,2.5340000000000002e-06
1494677562240,-0.37,2.8960000000000003e-06
1494677562250,-0.37,2.8960000000000003e-06
1494677562260,-0.37,3.62e-06
1494677562270,-0.37,2.8960000000000003e-06
1494677562280,-0.37,4.343999999999999e-06
1494677562290,-0.37,3.982e-06
1494677562300,-0.37,5.0680000000000004e-06
1494677562310,-0.37,3.62e-06
1494677562320,-0.37,8.687999999999999e-06
1494677562330,-0.37,3.982e-06
1494677562340,-0.37,3.982e-06
1494677562350,-0.37,2.1719999999999997e-06
1494677562360,-0.37,4.343999999999999e-06
1494677562370,-0.37,5.0680000000000004e-06
1494677562380,-0.37,2.5340000000000002e-06
1494677562390,-0.37,3.982e-06
1494677562400,-0.37,4.706e-06
1494677562410,-0.37,5.792000000000001e-06
1494677562420,-0.37,3.982e-06
1494677562430,-0.37,2.1719999999999997e-06
1494677562440,-0.37,3.62e-06
1494677562450,-0.37,4.706e-06
1494677562460,-0.37,5.792000000000001e-06
1494677562470,-0.37,3.982e-06
1494677562480,-0.37,6.516e-06
1494677562490,-0.37,7.24e-06
1494677562500,-0.37,9.412e-06
1494677562510,-0.37,5.43e-06
1494677562520,-0.37,5.0680000000000004e-06
1494677562530,-0.37,2.8960000000000003e-06
1494677562540,-0.37,6.516e-06
1494677562550,-0.37,5.43e-06
1494677562560,-0.37,5.43e-06
1494677562570,-0.37,7.602e-06
1494677562580,-0.37,5.43e-06
1494677562590,-0.37,4.343999999999999e-06
1494677562600,-0.37,3.62e-06
1494677562610,-0.37,4.343999999999999e-06
1494677562620,-0.37,3.258e-06
1494677562630,-0.37,3.62e-06
1494677562640,-0.37,4.343999999999999e-06
1494677562650,-0.37,2.5340000000000002e-06
1494677562660,-0.37,3.982e-06
1494677562670,-0.37,6.516e-06
1494677562680,-0.37,5.43e-06
1494677562690,-0.37,2.1719999999999997e-06
1494677562700,-0.37,4.706e-06
1494677562710,-0.37,3.258e-06
1494677562720,-0.37,3.258e-06
1494677562730,-0.37,4.706e-06
1494677562740,-0.37,4.343999999999999e-06
1494677562750,-0.37,2.8960000000000003e-06
1494677562760,-0.37,4.706e-06
1494677562770,-0.37,3.62e-06
1494677562780,-0.37,4.706e-06
1494677562790,-0.37,2.8960000000000003e-06
1494677562800,-0.37,3.982e-06
1494677562810,-0.37,2.8960000000000003e-06
1494677562820,-0.37,2.5340000000000002e-06
1494677562830,-0.37,3.982e-06
1494677562840,-0.37,3.258e-06
1494677562850,-0.37,4.343999999999999e-06
1494677562860,-0.37,4.343999999999999e-06
1494677562870,-0.37,2.5340000000000002e-06
1494677562880,-0.37,3.62e-06
1494677562890,-0.37,3.62e-06
1494677562900,-0.37,3.62e-06
1494677562910,-0.37,3.62e-06
1494677562920,-0.37,4.343999999999999e-06
1494677562930,-0.37,4.706e-06
1494677562940,-0.37,3.982e-06
1494677562950,-0.37,4.706e-06
1494677562960,-0.37,3.258e-06
1494677562970,-0.37,2.8960000000000003e-06
1494677562980,-0.37,2.8960000000000003e-06
1494677562990,-0.37,3.62e-06
1494677563000,-0.37,2.1719999999999997e-06
1494677563010,-0.37,3.62e-06
1494677563020,-0.37,3.258e-06
1494677563030,-0.37,2.5340000000000002e-06
1494677563040,-0.37,3.982e-06
1494677563050,-0.37,1.81e-06
1494677563060,-0.37,3.982e-06
1494677563070,-0.37,1.4480000000000002e-06
1494677563080,-0.37,2.5340000000000002e-06
1494677563090,-0.37,3.982e-06
1494677563100,-0.37,1.81e-06
1494677563110,-0.37,1.81e-06
1494677563120,-0.37,2.5340000000000002e-06
1494677563130,-0.37,3.258e-06
1494677563140,-0.37,3.258e-06
1494677563150,-0.37,1.81e-06
1494677563160,-0.37,2.8960000000000003e-06
1494677563170,-0.37,1.4480000000000002e-06
1494677563180,-0.37,1.81e-06
1494677563190,-0.37,2.8960000000000003e-06
1494677563200,-0.37,2.1719999999999997e-06
1494677563210,-0.37,2.5340000000000002e-06
1494677563220,-0.37,3.982e-06
1494677563230,-0.37,1.81e-06
1494677563240,-0.37,1.4480000000000002e-06
1494677563250,-0.37,0.0
1494677563260,-0.37,0.0
1494677563270,-0.37,0.0
1494677563280,-0.37,0.0
1494677563290,-0.37,0.0
1494677563300,-0.37,1.4480000000000002e-06
1494677563310,-0.37,3.258e-06
1494677563320,-0.37,2.1719999999999997e-06
1494677563330,-0.37,1.81e-06
1494677563340,-0.37,3.258e-06
1494677563350,-0.37,2.1719999999999997e-06
1494677563360,-0.37,1.4480000000000002e-06
1494677563370,-0.37,1.0859999999999999e-06
1494677563380,-0.37,2.5340000000000002e-06
1494677563390,-0.37,1.81e-06
1494677563400,-0.37,1.81e-06
1494677563410,-0.37,2.1719999999999997e-06
1494677563420,-0.37,3.258e-06
1494677563430,-0.37,1.81e-06
1494677563440,-0.37,2.8960000000000003e-06
1494677563450,-0.37,1.0859999999999999e-06
1494677563460,-0.37,2.8960000000000003e-06
1494677563470,-0.37,1.81e-06
1494677563480,-0.37,1.4480000000000002e-06
1494677563490,-0.37,1.4480000000000002e-06
1494677563500,-0.37,2.8960000000000003e-06
1494677563510,-0.37,2.5340000000000002e-06
1494677563520,-0.37,2.8960000000000003e-06
1494677563530,-0.37,1.81e-06
1494677563540,-0.37,1.0859999999999999e-06
1494677563550,-0.37,1.81e-06
1494677563560,-0.37,1.0859999999999999e-06
1494677563570,-0.37,1.81e-06
1494677563580,-0.37,2.8960000000000003e-06
1494677563590,-0.37,1.81e-06
1494677563600,-0.37,1.4480000000000002e-06
1494677563610,-0.37,2.8960000000000003e-06
1494677563620,-0.37,2.8960000000000003e-06
1494677563630,-0.37,1.4480000000000002e-06
1494677563640,-0.37,2.1719999999999997e-06
1494677563650,-0.37,1.4480000000000002e-06
1494677563660,-0.37,1.81e-06
1494677563670,-0.37,1.81e-06
1494677563680,-0.37,2.8960000000000003e-06
1494677563690,-0.37,2.5340000000000002e-06
1494677563700,-0.37,2.8960000000000003e-06
1494677563710,-0.37,1.4480000000000002e-06
1494677563720,-0.37,3.258e-06
1494677563730,-0.37,1.81e-06
1494677563740,-0.37,2.1719999999999997e-06
1494677563750,-0.37,3.982e-06
1494677563760,-0.37,1.0859999999999999e-06
1494677563770,-0.37,1.81e-06
1494677563780,-0.37,1.4480000000000002e-06
1494677563790,-0.37,1.4480000000000002e-06
1494677563800,-0.37,1.81e-06
1494677563810,-0.37,2.5340000000000002e-06
1494677563820,-0.37,1.81e-06
1494677563830,-0.37,1.81e-06
1494677563840,-0.37,2.1719999999999997e-06
1494677563850,-0.37,2.1719999999999997e-06
1494677563860,-0.37,2.1719999999999997e-06
1494677563870,-0.37,2.1719999999999997e-06
1494677563880,-0.37,2.1719999999999997e-06
1494677563890,-0.37,2.1719999999999997e-06
1494677563900,-0.37,2.5340000000000002e-06
1494677563910,-0.37,7.240000000000001e-07
1494677563920,-0.37,3.258e-06
1494677563930,-0.37,0.0
1494677563940,-0.37,1.81e-06
1494677563950,-0.37,1.81e-06
1494677563960,-0.37,2.1719999999999997e-06
1494677563970,-0.37,2.8960000000000003e-06
1494677563980,-0.37,2.5340000000000002e-06
1494677563990,-0.37,1.0859999999999999e-06
1494677564000,-0.37,2.1719999999999997e-06
1494677564010,-0.37,2.8960000000000003e-06
1494677564020,-0.37,1.0859999999999999e-06
1494677564030,-0.37,2.8960000000000003e-06
1494677564040,-0.37,1.81e-06
1494677564050,-0.37,2.1719999999999997e-06
1494677564060,-0.37,2.5340000000000002e-06
1494677564070,-0.37,1.81e-06
1494677564080,-0.37,2.8960000000000003e-06
1494677564090,-0.37,1.0859999999999999e-06
1494677564100,-0.37,2.8960000000000003e-06
1494677564110,-0.37,2.1719999999999997e-06
1494677564120,-0.37,1.81e-06
1494677564130,-0.37,1.0859999999999999e-06
1494677564140,-0.37,3.62e-06
1494677564150,-0.37,1.81e-06
1494677564160,-0.37,1.81e-06
1494677564170,-0.37,2.5340000000000002e-06
1494677564180,-0.37,1.81e-06
1494677564190,-0.37,2.8960000000000003e-06
1494677564200,-0.37,1.81e-06
1494677564210,-0.37,2.5340000000000002e-06
1494677564220,-0.37,2.5340000000000002e-06
1494677564230,-0.37,1.0859999999999999e-06
1494677564240,-0.37,3.62e-06
1494677564250,-0.37,1.0859999999999999e-06
1494677564260,-0.37,1.81e-06
1494677564270,-0.37,1.4480000000000002e-06
1494677564280,-0.37,2.5340000000000002e-06
1494677564290,-0.37,3.258e-06
1494677564300,-0.37,4.343999999999999e-06
1494677564310,-0.37,3.258e-06
1494677564320,-0.37,3.982e-06
1494677564330,-0.37,1.81e-06
1494677564340,-0.37,5.0680000000000004e-06
1494677564350,-0.37,2.8960000000000003e-06
1494677564360,-0.37,2.1719999999999997e-06
1494677564370,-0.37,2.1719999999999997e-06
1494677564380,-0.37,2.1719999999999997e-06
1494677564390,-0.37,2.8960000000000003e-06
1494677564400,-0.37,2.1719999999999997e-06
1494677564410,-0.37,3.258e-06
1494677564420,-0.37,3.258e-06
1494677564430,-0.37,1.81e-06
1494677564440,-0.37,2.8960000000000003e-06
1494677564450,-0.37,2.5340000000000002e-06
1494677564460,-0.37,2.1719999999999997e-06
1494677564470,-0.37,2.8960000000000003e-06
1494677564480,-0.37,2.1719999999999997e-06
1494677564490,-0.37,2.8960000000000003e-06
1494677564500,-0.37,2.5340000000000002e-06
1494677564510,-0.37,2.1719999999999997e-06
1494677564520,-0.37,1.81e-06
1494677564530,-0.37,1.0859999999999999e-06
1494677564540,-0.37,1.81e-06
1494677564550,-0.37,1.81e-06
1494677564560,-0.37,2.1719999999999997e-06
1494677564570,-0.37,2.5340000000000002e-06
1494677564580,-0.37,2.1719999999999997e-06
1494677564590,-0.37,1.4480000000000002e-06
1494677564600,-0.37,1.0859999999999999e-06
1494677564610,-0.37,2.8960000000000003e-06
1494677564620,-0.37,1.4480000000000002e-06
1494677564630,-0.37,1.81e-06
1494677564640,-0.37,2.8960000000000003e-06
1494677564650,-0.37,1.81e-06
1494677564660,-0.37,3.62e-06
1494677564670,-0.37,1.4480000000000002e-06
1494677564680,-0.37,3.982e-06
1494677564690,-0.37,3.6200000000000004e-07
1494677564700,-0.37,3.258e-06
1494677564710,-0.37,1.0859999999999999e-06
1494677564720,-0.37,2.8960000000000003e-06
1494677564730,-0.37,1.81e-06
1494677564740,-0.37,2.5340000000000002e-06
1494677564750,-0.37,1.81e-06
1494677564760,-0.37,2.8960000000000003e-06
1494677564770,-0.37,1.4480000000000002e-06
1494677564780,-0.37,1.81e-06
1494677564790,-0.37,1.4480000000000002e-06
1494677564800,-0.37,1.81e-06
1494677564810,-0.37,2.1719999999999997e-06
1494677564820,-0.37,2.5340000000000002e-06
1494677564830,-0.37,2.1719999999999997e-06
1494677564840,-0.37,2.8960000000000003e-06
1494677564850,-0.37,1.0859999999999999e-06
1494677564860,-0.37,1.81e-06
1494677564870,-0.37,1.0859999999999999e-06
1494677564880,-0.37,2.1719999999999997e-06
1494677564890,-0.37,1.4480000000000002e-06
1494677564900,-0.37,2.5340000000000002e-06
1494677564910,-0.37,1.4480000000000002e-06
1494677564920,-0.37,2.5340000000000002e-06
1494677564930,-0.37,1.4480000000000002e-06
1494677564940,-0.37,2.5340000000000002e-06
1494677564950,-0.37,1.81e-06
1494677564960,-0.37,1.81e-06
1494677564970,-0.37,2.8960000000000003e-06
1494677564980,-0.37,2.1719999999999997e-06
1494677564990,-0.37,1.81e-06
1494677565000,-0.37,2.5340000000000002e-06
1494677565010,-0.37,1.0859999999999999e-06
1494677565020,-0.37,1.81e-06
1494677565030,-0.37,2.1719999999999997e-06
1494677565040,-0.37,2.8960000000000003e-06
1494677565050,-0.37,2.8960000000000003e-06
1494677565060,-0.37,7.240000000000001e-07
1494677565070,-0.37,5.0680000000000004e-06
1494677565080,-0.37,7.240000000000001e-07
1494677565090,-0.37,1.0859999999999999e-06
1494677565100,-0.37,2.8960000000000003e-06
1494677565110,-0.37,0.0
1494677565120,-0.37,2.5340000000000002e-06
1494677565130,-0.37,2.1719999999999997e-06
1494677565140,-0.37,1.81e-06
1494677565150,-0.37,2.5340000000000002e-06
1494677565160,-0.37,3.6200000000000004e-07
1494677565170,-0.37,0.0
1494677565180,-0.37,0.0
1494677565190,-0.37,0.0
1494677565200,-0.37,0.0
1494677565210,-0.37,0.0
1494677565220,-0.37,0.0
1494677565230,-0.37,0.0
1494677565240,-0.37,7.240000000000001e-07
1494677565250,-0.37,1.81e-06
1494677565260,-0.37,2.1719999999999997e-06
1494677565270,-0.37,1.81e-06
1494677565280,-0.37,2.5340000000000002e-06
1494677565290,-0.37,1.81e-06
1494677565300,-0.37,2.1719999999999997e-06
1494677565310,-0.37,1.81e-06
1494677565320,-0.37,1.81e-06
1494677565330,-0.37,3.62e-06
1494677565340,-0.37,1.0859999999999999e-06
1494677565350,-0.37,1.0859999999999999e-06
1494677565360,-0.37,2.5340000000000002e-06
1494677565370,-0.37,2.5340000000000002e-06
1494677565380,-0.37,2.1719999999999997e-06
1494677565390,-0.37,1.81e-06
1494677565400,-0.37,2.5340000000000002e-06
1494677565410,-0.37,2.5340000000000002e-06
1494677565420,-0.37,1.81e-06
1494677565430,-0.37,2.5340000000000002e-06
1494677565440,-0.37,2.5340000000000002e-06
1494677565450,-0.37,2.8960000000000003e-06
1494677565460,-0.37,1.0859999999999999e-06
1494677565470,-0.37,7.240000000000001e-07
1494677565480,-0.37,2.1719999999999997e-06
1494677565490,-0.37,1.81e-06
1494677565500,-0.37,2.5340000000000002e-06
1494677565510,-0.37,2.1719999999999997e-06
1494677565520,-0.37,2.1719999999999997e-06
1494677565530,-0.37,2.1719999999999997e-06
1494677565540,-0.37,1.81e-06
1494677565550,-0.37,1.0859999999999999e-06
1494677565560,-0.37,2.5340000000000002e-06
1494677565570,-0.37,1.0859999999999999e-06
1494677565580,-0.37,2.5340000000000002e-06
1494677565590,-0.37,1.4480000000000002e-06
1494677565600,-0.37,2.8960000000000003e-06
1494677565610,-0.37,1.4480000000000002e-06
1494677565620,-0.37,2.5340000000000002e-06
1494677565630,-0.37,1.4480000000000002e-06
1494677565640,-0.37,2.1719999999999997e-06
1494677565650,-0.37,1.81e-06
1494677565660,-0.37,3.258e-06
1494677565670,-0.37,0.0
1494677565680,-0.37,2.1719999999999997e-06
1494677565690,-0.37,2.5340000000000002e-06
1494677565700,-0.37,1.81e-06
1494677565710,-0.37,1.4480000000000002e-06
1494677565720,-0.37,1.4480000000000002e-06
1494677565730,-0.37,1.81e-06
1494677565740,-0.37,1.81e-06
1494677565750,-0.37,1.0859999999999999e-06
1494677565760,-0.37,2.8960000000000003e-06
1494677565770,-0.37,0.0
1494677565780,-0.37,3.62e-06
1494677565790,-0.37,2.1719999999999997e-06
1494677565800,-0.37,1.0859999999999999e-06
1494677565810,-0.37,1.81e-06
1494677565820,-0.37,1.4480000000000002e-06
1494677565830,-0.37,2.1719999999999997e-06
1494677565840,-0.37,2.1719999999999997e-06
1494677565850,-0.37,1.4480000000000002e-06
1494677565860,-0.37,2.5340000000000002e-06
1494677565870,-0.37,7.240000000000001e-07
1494677565880,-0.37,2.5340000000000002e-06
1494677565890,-0.37,1.81e-06
1494677565900,-0.37,1.0859999999999999e-06
1494677565910,-0.37,3.6200000000000004e-07
1494677565920,-0.37,3.62e-06
1494677565930,-0.37,7.240000000000001e-07
1494677565940,-0.37,2.1719999999999997e-06
1494677565950,-0.37,1.4480000000000002e-06
1494677565960,-0.37,2.1719999999999997e-06
1494677565970,-0.37,2.5340000000000002e-06
1494677565980,-0.37,2.5340000000000002e-06
1494677565990,-0.37,1.0859999999999999e-06
1494677566000,-0.37,1.4480000000000002e-06
1494677566010,-0.37,1.0859999999999999e-06
1494677566020,-0.37,2.8960000000000003e-06
1494677566030,-0.37,7.240000000000001e-07
1494677566040,-0.37,2.1719999999999997e-06
1494677566050,-0.37,1.4480000000000002e-06
1494677566060,-0.37,2.5340000000000002e-06
1494677566070,-0.37,1.4480000000000002e-06
1494677566080,-0.37,1.81e-06
1494677566090,-0.37,1.0859999999999999e-06
1494677566100,-0.37,2.5340000000000002e-06
1494677566110,-0.37,1.81e-06
1494677566120,-0.37,1.4480000000000002e-06
1494677566130,-0.37,1.0859999999999999e-06
1494677566140,-0.37,1.81e-06
1494677566150,-0.37,0.0
1494677566160,-0.37,2.8960000000000003e-06
1494677566170,-0.37,7.240000000000001e-07
1494677566180,-0.37,3.62e-06
1494677566190,-0.37,1.0859999999999999e-06
1494677566200,-0.37,2.5340000000000002e-06
1494677566210,-0.37,1.4480000000000002e-06
1494677566220,-0.37,2.8960000000000003e-06
1494677566230,-0.37,1.4480000000000002e-06
1494677566240,-0.37,2.1719999999999997e-06
1494677566250,-0.37,3.6200000000000004e-07
1494677566260,-0.37,2.5340000000000002e-06
1494677566270,-0.37,7.240000000000001e-07
1494677566280,-0.37,2.1719999999999997e-06
1494677566290,-0.37,1.4480000000000002e-06
1494677566300,-0.37,3.258e-06
1494677566310,-0.37,1.0859999999999999e-06
1494677566320,-0.37,1.0859999999999999e-06
1494677566330,-0.37,1.4480000000000002e-06
1494677566340,-0.37,1.4480000000000002e-06
1494677566350,-0.37,1.4480000000000002e-06
1494677566360,-0.37,2.8960000000000003e-06
1494677566370,-0.37,3.6200000000000004e-07
1494677566380,-0.37,2.1719999999999997e-06
1494677566390,-0.37,3.6200000000000004e-07
1494677566400,-0.37,1.4480000000000002e-06
1494677566410,-0.37,2.1719999999999997e-06
1494677566420,-0.37,1.4480000000000002e-06
1494677566430,-0.37,1.0859999999999999e-06
1494677566440,-0.37,1.81e-06
1494677566450,-0.37,1.0859999999999999e-06
1494677566460,-0.37,1.4480000000000002e-06
1494677566470,-0.37,1.81e-06
1494677566480,-0.37,2.5340000000000002e-06
1494677566490,-0.37,1.0859999999999999e-06
1494677566500,-0.37,2.8960000000000003e-06
1494677566510,-0.37,1.0859999999999999e-06
1494677566520,-0.37,1.81e-06
1494677566530,-0.37,1.81e-06
1494677566540,-0.37,2.8960000000000003e-06
1494677566550,-0.37,0.0
1494677566560,-0.37,1.4480000000000002e-06
1494677566570,-0.37,1.4480000000000002e-06
1494677566580,-0.37,2.5340000000000002e-06
1494677566590,-0.37,7.240000000000001e-07
1494677566600,-0.37,2.1719999999999997e-06
1494677566610,-0.37,3.6200000000000004e-07
1494677566620,-0.37,2.1719999999999997e-06
1494677566630,-0.37,1.0859999999999999e-06
1494677566640,-0.37,4.343999999999999e-06
1494677566650,-0.37,0.0
1494677566660,-0.37,1.0859999999999999e-06
1494677566670,-0.37,7.240000000000001e-07
1494677566680,-0.365,2.5340000000000002e-06
1494677566690,-0.365,7.240000000000001e-07
1494677566700,-0.365,2.5340000000000002e-06
1494677566710,-0.365,1.4480000000000002e-06
1494677566720,-0.365,1.0859999999999999e-06
1494677566730,-0.365,3.6200000000000004e-07
1494677566740,-0.365,2.5340000000000002e-06
1494677566750,-0.365,1.0859999999999999e-06
1494677566760,-0.365,1.4480000000000002e-06
1494677566770,-0.365,3.6200000000000004e-07
1494677566780,-0.365,1.4480000000000002e-06
1494677566790,-0.365,1.81e-06
1494677566800,-0.365,1.0859999999999999e-06
1494677566810,-0.365,7.240000000000001e-07
1494677566820,-0.365,1.81e-06
1494677566830,-0.365,3.6200000000000004e-07
1494677566840,-0.365,2.1719999999999997e-06
1494677566850,-0.365,7.240000000000001e-07
1494677566860,-0.365,2.5340000000000002e-06
1494677566870,-0.365,1.0859999999999999e-06
1494677566880,-0.365,2.1719999999999997e-06
1494677566890,-0.365,0.0
1494677566900,-0.365,1.81e-06
1494677566910,-0.365,1.0859999999999999e-06
1494677566920,-0.365,1.81e-06
1494677566930,-0.365,1.0859999999999999e-06
1494677566940,-0.365,1.81e-06
1494677566950,-0.365,1.0859999999999999e-06
1494677566960,-0.365,1.4480000000000002e-06
1494677566970,-0.365,1.4480000000000002e-06
1494677566980,-0.365,1.4480000000000002e-06
1494677566990,-0.365,1.0859999999999999e-06
1494677567000,-0.365,2.1719999999999997e-06
1494677567010,-0.365,7.240000000000001e-07
1494677567020,-0.365,2.1719999999999997e-06
1494677567030,-0.365,0.0
1494677567040,-0.365,2.5340000000000002e-06
1494677567050,-0.365,7.240000000000001e-07
1494677567060,-0.365,4.343999999999999e-06
1494677567070,-0.365,2.8960000000000003e-06
1494677567080,-0.365,3.258e-06
1494677567090,-0.365,3.6200000000000004e-07
1494677567100,-0.365,2.5340000000000002e-06
1494677567110,-0.365,1.0859999999999999e-06
1494677567120,-0.365,2.8960000000000003e-06
1494677567130,-0.365,2.1719999999999997e-06
1494677567140,-0.365,2.5340000000000002e-06
1494677567150,-0.365,1.0859999999999999e-06
1494677567160,-0.365,2.8960000000000003e-06
1494677567170,-0.365,1.81e-06
1494677567180,-0.365,2.8960000000000003e-06
1494677567190,-0.365,1.0859999999999999e-06
1494677567200,-0.365,1.81e-06
1494677567210,-0.365,7.240000000000001e-07
1494677567220,-0.365,2.5340000000000002e-06
1494677567230,-0.365,1.81e-06
1494677567240,-0.365,2.5340000000000002e-06
1494677567250,-0.365,3.6200000000000004e-07
1494677567260,-0.365,2.5340000000000002e-06
1494677567270,-0.365,0.0
1494677567280,-0.365,2.5340000000000002e-06
1494677567290,-0.365,0.0
1494677567300,-0.365,2.5340000000000002e-06
1494677567310,-0.365,1.4480000000000002e-06
1494677567320,-0.365,3.62e-06
1494677567330,-0.365,2.8960000000000003e-06
1494677567340,-0.365,6.154e-06
1494677567350,-0.365,5.0680000000000004e-06
1494677567360,-0.365,6.877999999999999e-06
1494677567370,-0.365,3.982e-06
1494677567380,-0.365,3.62e-06
1494677567390,-0.365,2.8960000000000003e-06
1494677567400,-0.365,2.8960000000000003e-06
1494677567410,-0.365,3.62e-06
1494677567420,-0.365,1.81e-06
1494677567430,-0.365,0.0
1494677567440,-0.365,0.0
1494677567450,-0.365,0.0
1494677567460,-0.365,1.4480000000000002e-06
1494677567470,-0.365,2.8960000000000003e-06
1494677567480,-0.365,5.43e-06
1494677567490,-0.365,3.258e-06
1494677567500,-0.365,6.154e-06
1494677567510,-0.365,4.706e-06
1494677567520,-0.365,4.343999999999999e-06
1494677567530,-0.365,3.62e-06
1494677567540,-0.365,5.43e-06
1494677567550,-0.365,3.982e-06
1494677567560,-0.365,5.43e-06
1494677567570,-0.365,2.8960000000000003e-06
1494677567580,-0.365,5.43e-06
1494677567590,-0.365,2.1719999999999997e-06
1494677567600,-0.365,4.343999999999999e-06
1494677567610,-0.365,2.8960000000000003e-06
1494677567620,-0.365,3.62e-06
1494677567630,-0.365,3.62e-06
1494677567640,-0.365,5.43e-06
1494677567650,-0.365,5.0680000000000004e-06
1494677567660,-0.365,6.877999999999999e-06
1494677567670,-0.365,4.343999999999999e-06
1494677567680,-0.365,6.877999999999999e-06
1494677567690,-0.365,5.43e-06
1494677567700,-0.365,4.343999999999999e-06
1494677567710,-0.365,1.81e-06
1494677567720,-0.365,3.982e-06
1494677567730,-0.365,3.258e-06
1494677567740,-0.365,3.62e-06
1494677567750,-0.365,4.343999999999999e-06
1494677567760,-0.365,5.792000000000001e-06
1494677567770,-0.365,3.258e-06
1494677567780,-0.365,4.706e-06
1494677567790,-0.365,2.5340000000000002e-06
1494677567800,-0.365,4.706e-06
1494677567810,-0.365,1.81e-06
1494677567820,-0.365,4.706e-06
1494677567830,-0.365,4.706e-06
1494677567840,-0.365,5.43e-06
1494677567850,-0.365,3.62e-06
1494677567860,-0.365,5.792000000000001e-06
1494677567870,-0.365,2.8960000000000003e-06
1494677567880,-0.365,3.982e-06
1494677567890,-0.365,3.258e-06
1494677567900,-0.365,3.62e-06
1494677567910,-0.365,2.5340000000000002e-06
1494677567920,-0.365,4.343999999999999e-06
1494677567930,-0.365,3.258e-06
1494677567940,-0.365,4.706e-06
1494677567950,-0.365,3.982e-06
1494677567960,-0.365,5.0680000000000004e-06
1494677567970,-0.365,2.1719999999999997e-06
1494677567980,-0.365,3.62e-06
1494677567990,-0.365,3.62e-06
1494677568000,-0.365,4.343999999999999e-06
1494677568010,-0.365,3.258e-06
1494677568020,-0.365,3.62e-06
1494677568030,-0.365,2.8960000000000003e-06
1494677568040,-0.365,3.258e-06
1494677568050,-0.365,2.8960000000000003e-06
1494677568060,-0.365,2.5340000000000002e-06
1494677568070,-0.365,3.62e-06
1494677568080,-0.365,3.62e-06
1494677568090,-0.365,3.62e-06
1494677568100,-0.365,3.62e-06
1494677568110,-0.365,4.343999999999999e-06
1494677568120,-0.365,5.792000000000001e-06
1494677568130,-0.365,4.706e-06
1494677568140,-0.365,6.877999999999999e-06
1494677568150,-0.365,5.792000000000001e-06
1494677568160,-0.365,5.43e-06
1494677568170,-0.365,3.62e-06
1494677568180,-0.365,4.706e-06
1494677568190,-0.365,2.1719999999999997e-06
1494677568200,-0.365,6.516e-06
1494677568210,-0.365,5.0680000000000004e-06
1494677568220,-0.365,6.154e-06
1494677568230,-0.365,3.62e-06
1494677568240,-0.365,5.0680000000000004e-06
1494677568250,-0.365,3.258e-06
1494677568260,-0.365,2.5340000000000002e-06
1494677568270,-0.365,3.62e-06
1494677568280,-0.365,5.43e-06
1494677568290,-0.365,2.5340000000000002e-06
1494677568300,-0.365,4.706e-06
1494677568310,-0.365,5.43e-06
1494677568320,-0.365,6.154e-06
1494677568330,-0.365,5.43e-06
1494677568340,-0.365,2.5340000000000002e-06
1494677568350,-0.365,3.982e-06
1494677568360,-0.365,3.982e-06
1494677568370,-0.365,3.258e-06
1494677568380,-0.365,4.343999999999999e-06
1494677568390,-0.365,3.62e-06
1494677568400,-0.365,3.62e-06
1494677568410,-0.365,3.258e-06
1494677568420,-0.365,2.5340000000000002e-06
1494677568430,-0.365,0.0
1494677568440,-0.365,0.0
1494677568450,-0.365,0.0
1494677568460,-0.365,7.602e-06
1494677568470,-0.365,9.412e-06
1494677568480,-0.365,2.8960000000000003e-06
1494677568490,-0.365,4.706e-06
1494677568500,-0.365,4.706e-06
1494677568510,-0.365,3.258e-06
1494677568520,-0.365,3.62e-06
1494677568530,-0.365,2.8960000000000003e-06
1494677568540,-0.365,4.706e-06
1494677568550,-0.365,2.8960000000000003e-06
1494677568560,-0.365,5.792000000000001e-06
1494677568570,-0.365,4.706e-06
1494677568580,-0.365,5.0680000000000004e-06
1494677568590,-0.365,2.8960000000000003e-06
1494677568600,-0.365,3.982e-06
1494677568610,-0.365,3.62e-06
1494677568620,-0.365,4.343999999999999e-06
1494677568630,-0.365,2.5340000000000002e-06
1494677568640,-0.365,5.0680000000000004e-06
1494677568650,-0.365,3.982e-06
1494677568660,-0.365,3.62e-06
1494677568670,-0.365,3.62e-06
1494677568680,-0.365,3.62e-06
1494677568690,-0.365,2.5340000000000002e-06
1494677568700,-0.365,3.258e-06
1494677568710,-0.365,3.982e-06
1494677568720,-0.365,5.0680000000000004e-06
1494677568730,-0.365,2.8960000000000003e-06
1494677568740,-0.365,3.62e-06
1494677568750,-0.365,4.706e-06
1494677568760,-0.365,2.5340000000000002e-06
1494677568770,-0.365,3.258e-06
1494677568780,-0.365,3.982e-06
1494677568790,-0.365,4.706e-06
1494677568800,-0.365,5.0680000000000004e-06
1494677568810,-0.365,3.258e-06
1494677568820,-0.365,5.43e-06
1494677568830,-0.365,3.982e-06
1494677568840,-0.365,3.258e-06
1494677568850,-0.365,3.982e-06
1494677568860,-0.365,3.62e-06
1494677568870,-0.365,1.81e-06
1494677568880,-0.365,4.343999999999999e-06
1494677568890,-0.365,3.258e-06
1494677568900,-0.365,5.792000000000001e-06
1494677568910,-0.365,4.343999999999999e-06
1494677568920,-0.365,4.343999999999999e-06
1494677568930,-0.365,4.343999999999999e-06
1494677568940,-0.365,3.62e-06
1494677568950,-0.365,3.258e-06
1494677568960,-0.365,4.343999999999999e-06
1494677568970,-0.365,2.5340000000000002e-06
1494677568980,-0.365,3.982e-06
1494677568990,-0.365,2.8960000000000003e-06
1494677569000,-0.365,2.5340000000000002e-06
1494677569010,-0.365,2.5340000000000002e-06
1494677569020,-0.365,2.8960000000000003e-06
1494677569030,-0.365,3.62e-06
1494677569040,-0.365,1.0859999999999999e-06
1494677569050,-0.365,3.62e-06
1494677569060,-0.365,4.343999999999999e-06
1494677569070,-0.365,3.258e-06
1494677569080,-0.365,5.792000000000001e-06
1494677569090,-0.365,4.343999999999999e-06
1494677569100,-0.365,3.982e-06
1494677569110,-0.365,3.258e-06
1494677569120,-0.365,4.343999999999999e-06
1494677569130,-0.365,3.258e-06
1494677569140,-0.365,3.62e-06
1494677569150,-0.365,3.62e-06
1494677569160,-0.365,3.982e-06
1494677569170,-0.365,3.62e-06
1494677569180,-0.365,5.0680000000000004e-06
1494677569190,-0.365,3.258e-06
1494677569200,-0.365,5.792000000000001e-06
1494677569210,-0.365,2.8960000000000003e-06
1494677569220,-0.365,3.982e-06
1494677569230,-0.365,5.0680000000000004e-06
1494677569240,-0.365,2.8960000000000003e-06
1494677569250,-0.365,3.982e-06
1494677569260,-0.365,3.258e-06
1494677569270,-0.365,2.8960000000000003e-06
1494677569280,-0.365,2.5340000000000002e-06
1494677569290,-0.365,2.8960000000000003e-06
1494677569300,-0.365,2.5340000000000002e-06
1494677569310,-0.365,4.343999999999999e-06
1494677569320,-0.365,2.5340000000000002e-06
1494677569330,-0.365,5.0680000000000004e-06
1494677569340,-0.365,3.982e-06
1494677569350,-0.365,3.982e-06
1494677569360,-0.365,2.1719999999999997e-06
1494677569370,-0.365,3.62e-06
1494677569380,-0.365,1.81e-06
1494677569390,-0.365,2.8960000000000003e-06
1494677569400,-0.365,4.706e-06
1494677569410,-0.365,3.62e-06
1494677569420,-0.365,4.343999999999999e-06
1494677569430,-0.365,2.1719999999999997e-06
1494677569440,-0.365,2.8960000000000003e-06
1494677569450,-0.365,3.258e-06
1494677569460,-0.365,5.43e-06
1494677569470,-0.365,2.8960000000000003e-06
1494677569480,-0.365,3.62e-06
1494677569490,-0.365,0.0
1494677569500,-0.365,0.0
1494677569510,-0.365,1.4480000000000002e-06
1494677569520,-0.365,6.877999999999999e-06
1494677569530,-0.365,2.5340000000000002e-06
1494677569540,-0.365,2.5340000000000002e-06
1494677569550,-0.365,2.8960000000000003e-06
1494677569560,-0.365,4.343999999999999e-06
1494677569570,-0.365,2.1719999999999997e-06
1494677569580,-0.365,4.706e-06
1494677569590,-0.365,3.258e-06
1494677569600,-0.365,3.258e-06
1494677569610,-0.365,3.258e-06
1494677569620,-0.365,2.8960000000000003e-06
1494677569630,-0.365,2.8960000000000003e-06
1494677569640,-0.365,3.258e-06
1494677569650,-0.365,2.8960000000000003e-06
1494677569660,-0.365,3.982e-06
1494677569670,-0.365,5.0680000000000004e-06
1494677569680,-0.365,6.154e-06
1494677569690,-0.365,4.343999999999999e-06
1494677569700,-0.365,2.8960000000000003e-06
1494677569710,-0.365,1.81e-06
1494677569720,-0.365,3.62e-06
1494677569730,-0.365,2.1719999999999997e-06
1494677569740,-0.365,3.258e-06
1494677569750,-0.365,4.706e-06
1494677569760,-0.365,3.62e-06
1494677569770,-0.365,5.0680000000000004e-06
1494677569780,-0.365,6.154e-06
1494677569790,-0.365,3.62e-06
1494677569800,-0.365,3.982e-06
1494677569810,-0.365,3.982e-06
1494677569820,-0.365,3.62e-06
1494677569830,-0.365,3.258e-06
1494677569840,-0.365,2.8960000000000003e-06
1494677569850,-0.365,3.62e-06
1494677569860,-0.365,2.5340000000000002e-06
1494677569870,-0.365,3.62e-06
1494677569880,-0.365,3.62e-06
1494677569890,-0.365,1.4480000000000002e-06
1494677569900,-0.365,2.8960000000000003e-06
1494677569910,-0.365,4.343999999999999e-06
1494677569920,-0.365,3.62e-06
1494677569930,-0.365,3.982e-06
1494677569940,-0.365,3.258e-06
1494677569950,-0.365,3.62e-06
1494677569960,-0.365,1.4480000000000002e-06
1494677569970,-0.365,1.4480000000000002e-06
1494677569980,-0.365,4.343999999999999e-06
1494677569990,-0.365,2.8960000000000003e-06
1494677570000,-0.365,5.0680000000000004e-06
1494677570010,-0.365,7.240000000000001e-07
1494677570020,-0.365,4.343999999999999e-06
1494677570030,-0.365,2.5340000000000002e-06
1494677570040,-0.365,3.258e-06
1494677570050,-0.365,1.4480000000000002e-06
1494677570060,-0.365,2.8960000000000003e-06
1494677570070,-0.365,1.81e-06
1494677570080,-0.365,4.343999999999999e-06
1494677570090,-0.365,2.8960000000000003e-06
1494677570100,-0.365,5.0680000000000004e-06
1494677570110,-0.365,3.982e-06
1494677570120,-0.365,3.982e-06
1494677570130,-0.365,2.5340000000000002e-06
1494677570140,-0.365,1.81e-06
1494677570150,-0.365,2.5340000000000002e-06
1494677570160,-0.365,2.8960000000000003e-06
1494677570170,-0.365,3.62e-06
1494677570180,-0.365,3.982e-06
1494677570190,-0.365,5.43e-06
1494677570200,-0.365,5.43e-06
1494677570210,-0.365,3.62e-06
1494677570220,-0.365,3.62e-06
1494677570230,-0.365,2.5340000000000002e-06
1494677570240,-0.365,3.258e-06
1494677570250,-0.365,2.8960000000000003e-06
1494677570260,-0.365,3.62e-06
1494677570270,-0.365,3.258e-06
1494677570280,-0.365,7.964e-06
1494677570290,-0.365,8.326e-06
1494677570300,-0.365,6.154e-06
1494677570310,-0.365,2.8960000000000003e-06
1494677570320,-0.365,2.8960000000000003e-06
1494677570330,-0.365,4.343999999999999e-06
1494677570340,-0.365,3.62e-06
1494677570350,-0.365,3.62e-06
1494677570360,-0.365,4.343999999999999e-06
1494677570370,-0.365,5.792000000000001e-06
1494677570380,-0.365,7.602e-06
1494677570390,-0.365,5.792000000000001e-06
1494677570400,-0.365,4.706e-06
1494677570410,-0.365,3.982e-06
1494677570420,-0.365,3.258e-06
1494677570430,-0.365,3.982e-06
1494677570440,-0.365,4.343999999999999e-06
1494677570450,-0.365,3.258e-06
1494677570460,-0.365,4.343999999999999e-06
1494677570470,-0.365,3.982e-06
1494677570480,-0.365,4.343999999999999e-06
1494677570490,-0.365,3.258e-06
1494677570500,-0.365,3.258e-06
1494677570510,-0.365,3.62e-06
1494677570520,-0.365,3.258e-06
1494677570530,-0.365,2.5340000000000002e-06
1494677570540,-0.365,3.258e-06
1494677570550,-0.365,5.0680000000000004e-06
1494677570560,-0.365,4.706e-06
1494677570570,-0.365,3.62e-06
1494677570580,-0.365,5.43e-06
1494677570590,-0.365,0.0
1494677570600,-0.365,0.0
1494677570610,-0.365,0.0
1494677570620,-0.365,0.0
1494677570630,-0.365,7.240000000000001e-07
1494677570640,-0.365,4.343999999999999e-06
1494677570650,-0.365,3.62e-06
1494677570660,-0.365,4.706e-06
1494677570670,-0.365,3.982e-06
1494677570680,-0.365,2.8960000000000003e-06
1494677570690,-0.365,2.5340000000000002e-06
1494677570700,-0.365,3.62e-06
1494677570710,-0.365,3.982e-06
1494677570720,-0.365,3.258e-06
1494677570730,-0.365,2.8960000000000003e-06
1494677570740,-0.365,1.81e-06
1494677570750,-0.365,1.81e-06
1494677570760,-0.365,2.8960000000000003e-06
1494677570770,-0.365,2.5340000000000002e-06
1494677570780,-0.365,3.258e-06
1494677570790,-0.365,3.62e-06
1494677570800,-0.365,3.982e-06
1494677570810,-0.365,3.62e-06
1494677570820,-0.365,5.43e-06
1494677570830,-0.365,2.5340000000000002e-06
1494677570840,-0.365,4.343999999999999e-06
1494677570850,-0.365,4.706e-06
1494677570860,-0.365,2.1719999999999997e-06
1494677570870,-0.365,3.258e-06
1494677570880,-0.365,3.982e-06
1494677570890,-0.365,1.81e-06
1494677570900,-0.365,3.982e-06
1494677570910,-0.365,2.5340000000000002e-06
1494677570920,-0.365,2.8960000000000003e-06
1494677570930,-0.365,3.62e-06
1494677570940,-0.365,3.62e-06
1494677570950,-0.365,6.516e-06
1494677570960,-0.365,2.5340000000000002e-06
1494677570970,-0.365,4.706e-06
1494677570980,-0.365,2.5340000000000002e-06
1494677570990,-0.365,3.62e-06
1494677571000,-0.365,3.62e-06
1494677571010,-0.365,1.0859999999999999e-06
1494677571020,-0.365,2.5340000000000002e-06
1494677571030,-0.365,3.258e-06
1494677571040,-0.365,3.982e-06
1494677571050,-0.365,2.8960000000000003e-06
1494677571060,-0.365,2.5340000000000002e-06
1494677571070,-0.365,3.62e-06
1494677571080,-0.365,3.258e-06
1494677571090,-0.365,1.81e-06
1494677571100,-0.365,3.982e-06
1494677571110,-0.365,2.5340000000000002e-06
1494677571120,-0.365,2.8960000000000003e-06
1494677571130,-0.365,3.62e-06
1494677571140,-0.365,4.343999999999999e-06
1494677571150,-0.365,2.8960000000000003e-06
1494677571160,-0.365,2.8960000000000003e-06
1494677571170,-0.365,1.4480000000000002e-06
1494677571180,-0.365,2.1719999999999997e-06
1494677571190,-0.365,2.8960000000000003e-06
1494677571200,-0.365,3.62e-06
1494677571210,-0.365,3.258e-06
1494677571220,-0.365,3.62e-06
1494677571230,-0.365,3.62e-06
1494677571240,-0.365,2.8960000000000003e-06
1494677571250,-0.365,3.258e-06
1494677571260,-0.365,3.258e-06
1494677571270,-0.365,2.1719999999999997e-06
1494677571280,-0.365,3.982e-06
1494677571290,-0.365,3.62e-06
1494677571300,-0.365,3.982e-06
1494677571310,-0.365,3.982e-06
1494677571320,-0.365,2.8960000000000003e-06
1494677571330,-0.365,2.5340000000000002e-06
1494677571340,-0.365,2.1719999999999997e-06
1494677571350,-0.365,2.8960000000000003e-06
1494677571360,-0.365,2.1719999999999997e-06
1494677571370,-0.365,2.5340000000000002e-06
1494677571380,-0.365,2.8960000000000003e-06
1494677571390,-0.365,2.8960000000000003e-06
1494677571400,-0.365,2.1719999999999997e-06
1494677571410,-0.365,4.706e-06
1494677571420,-0.365,3.258e-06
1494677571430,-0.365,2.1719999999999997e-06
1494677571440,-0.365,2.1719999999999997e-06
1494677571450,-0.365,1.4480000000000002e-06
1494677571460,-0.365,3.258e-06
1494677571470,-0.365,2.8960000000000003e-06
1494677571480,-0.365,3.982e-06
1494677571490,-0.365,2.1719999999999997e-06
1494677571500,-0.365,2.8960000000000003e-06
1494677571510,-0.365,2.5340000000000002e-06
1494677571520,-0.365,1.81e-06
1494677571530,-0.365,3.258e-06
1494677571540,-0.365,2.1719999999999997e-06
1494677571550,-0.365,3.62e-06
1494677571560,-0.365,2.5340000000000002e-06
1494677571570,-0.365,1.1222e-05
1494677571580,-0.365,9.774e-06
1494677571590,-0.365,6.154e-06
1494677571600,-0.365,5.43e-06
1494677571610,-0.365,3.258e-06
1494677571620,-0.365,3.62e-06
1494677571630,-0.365,3.982e-06
1494677571640,-0.365,4.343999999999999e-06
1494677571650,-0.365,3.62e-06
1494677571660,-0.365,8.326e-06
1494677571670,-0.365,9.05e-06
1494677571680,-0.365,8.687999999999999e-06
1494677571690,-0.365,6.516e-06
1494677571700,-0.365,4.343999999999999e-06
1494677571710,-0.365,3.62e-06
1494677571720,-0.365,4.706e-06
1494677571730,-0.365,4.706e-06
1494677571740,-0.365,3.982e-06
1494677571750,-0.365,1.4480000000000002e-06
1494677571760,-0.365,0.0
1494677571770,-0.365,7.240000000000001e-07
1494677571780,-0.365,3.982e-06
1494677571790,-0.365,3.62e-06
1494677571800,-0.365,3.258e-06
1494677571810,-0.365,3.258e-06
1494677571820,-0.365,3.982e-06
1494677571830,-0.365,4.706e-06
1494677571840,-0.365,4.343999999999999e-06
1494677571850,-0.365,3.62e-06
1494677571860,-0.365,4.706e-06
1494677571870,-0.365,4.343999999999999e-06
1494677571880,-0.365,3.982e-06
1494677571890,-0.365,2.8960000000000003e-06
1494677571900,-0.365,4.343999999999999e-06
1494677571910,-0.365,2.5340000000000002e-06
1494677571920,-0.365,3.62e-06
1494677571930,-0.365,3.258e-06
1494677571940,-0.365,3.62e-06
1494677571950,-0.365,2.5340000000000002e-06
1494677571960,-0.365,3.982e-06
1494677571970,-0.365,2.5340000000000002e-06
1494677571980,-0.365,2.5340000000000002e-06
1494677571990,-0.365,3.982e-06
1494677572000,-0.365,2.8960000000000003e-06
1494677572010,-0.365,4.343999999999999e-06
1494677572020,-0.365,1.81e-06
1494677572030,-0.365,3.62e-06
1494677572040,-0.365,5.792000000000001e-06
1494677572050,-0.365,2.8960000000000003e-06
1494677572060,-0.365,1.0859999999999999e-06
1494677572070,-0.365,3.258e-06
1494677572080,-0.365,3.258e-06
1494677572090,-0.365,1.81e-06
1494677572100,-0.365,2.5340000000000002e-06
1494677572110,-0.365,2.5340000000000002e-06
1494677572120,-0.365,2.8960000000000003e-06
1494677572130,-0.365,2.1719999999999997e-06
1494677572140,-0.365,2.5340000000000002e-06
1494677572150,-0.365,3.258e-06
1494677572160,-0.365,2.8960000000000003e-06
1494677572170,-0.365,3.62e-06
1494677572180,-0.365,1.81e-06
1494677572190,-0.365,2.1719999999999997e-06
1494677572200,-0.365,3.258e-06
1494677572210,-0.365,3.258e-06
1494677572220,-0.365,2.1719999999999997e-06
1494677572230,-0.365,2.8960000000000003e-06
1494677572240,-0.365,2.5340000000000002e-06
1494677572250,-0.365,2.8960000000000003e-06
1494677572260,-0.365,4.343999999999999e-06
1494677572270,-0.365,3.258e-06
1494677572280,-0.365,2.1719999999999997e-06
1494677572290,-0.365,1.4480000000000002e-06
1494677572300,-0.365,3.258e-06
1494677572310,-0.365,1.4480000000000002e-06
1494677572320,-0.365,2.1719999999999997e-06
1494677572330,-0.365,1.81e-06
1494677572340,-0.365,3.258e-06
1494677572350,-0.365,1.81e-06
1494677572360,-0.365,3.62e-06
1494677572370,-0.365,2.5340000000000002e-06
1494677572380,-0.365,2.5340000000000002e-06
1494677572390,-0.365,1.81e-06
1494677572400,-0.365,2.1719999999999997e-06
1494677572410,-0.365,2.5340000000000002e-06
1494677572420,-0.365,1.81e-06
1494677572430,-0.365,3.258e-06
1494677572440,-0.365,2.8960000000000003e-06
1494677572450,-0.365,3.62e-06
1494677572460,-0.365,2.5340000000000002e-06
1494677572470,-0.365,2.8960000000000003e-06
1494677572480,-0.365,2.1719999999999997e-06
1494677572490,-0.365,1.81e-06
1494677572500,-0.365,3.258e-06
1494677572510,-0.365,3.62e-06
1494677572520,-0.365,3.258e-06
1494677572530,-0.365,4.706e-06
1494677572540,-0.365,3.258e-06
1494677572550,-0.365,4.343999999999999e-06
1494677572560,-0.365,1.81e-06
1494677572570,-0.365,3.258e-06
1494677572580,-0.365,2.5340000000000002e-06
1494677572590,-0.365,1.4480000000000002e-06
1494677572600,-0.365,1.81e-06
1494677572610,-0.365,1.81e-06
1494677572620,-0.365,2.1719999999999997e-06
1494677572630,-0.365,2.5340000000000002e-06
1494677572640,-0.365,2.1719999999999997e-06
1494677572650,-0.365,1.81e-06
1494677572660,-0.365,3.62e-06
1494677572670,-0.365,7.240000000000001e-07
1494677572680,-0.365,2.5340000000000002e-06
1494677572690,-0.365,1.0859999999999999e-06
1494677572700,-0.365,3.62e-06
1494677572710,-0.365,2.5340000000000002e-06
1494677572720,-0.365,1.81e-06
1494677572730,-0.365,1.0859999999999999e-06
1494677572740,-0.365,2.8960000000000003e-06
1494677572750,-0.365,1.81e-06
1494677572760,-0.365,2.1719999999999997e-06
1494677572770,-0.365,2.5340000000000002e-06
1494677572780,-0.365,2.1719999999999997e-06
1494677572790,-0.365,2.1719999999999997e-06
1494677572800,-0.365,1.0859999999999999e-06
1494677572810,-0.365,2.1719999999999997e-06
1494677572820,-0.365,2.5340000000000002e-06
1494677572830,-0.365,2.8960000000000003e-06
1494677572840,-0.365,2.8960000000000003e-06
1494677572850,-0.365,3.982e-06
1494677572860,-0.365,4.706e-06
1494677572870,-0.365,4.343999999999999e-06
1494677572880,-0.365,2.5340000000000002e-06
1494677572890,-0.365,3.62e-06
1494677572900,-0.365,3.258e-06
1494677572910,-0.365,1.4480000000000002e-06
1494677572920,-0.365,1.4480000000000002e-06
1494677572930,-0.365,1.4480000000000002e-06
1494677572940,-0.365,2.8960000000000003e-06
1494677572950,-0.365,3.258e-06
1494677572960,-0.365,2.5340000000000002e-06
1494677572970,-0.365,2.8960000000000003e-06
1494677572980,-0.365,1.81e-06
1494677572990,-0.365,3.62e-06
1494677573000,-0.365,1.4480000000000002e-06
1494677573010,-0.365,2.8960000000000003e-06
1494677573020,-0.365,3.62e-06
1494677573030,-0.365,2.8960000000000003e-06
1494677573040,-0.365,7.240000000000001e-07
1494677573050,-0.365,2.1719999999999997e-06
1494677573060,-0.365,1.81e-06
1494677573070,-0.365,7.240000000000001e-07
1494677573080,-0.365,2.5340000000000002e-06
1494677573090,-0.365,2.1719999999999997e-06
1494677573100,-0.365,2.1719999999999997e-06
1494677573110,-0.365,2.1719999999999997e-06
1494677573120,-0.365,2.5340000000000002e-06
1494677573130,-0.365,1.4480000000000002e-06
1494677573140,-0.365,1.81e-06
1494677573150,-0.365,1.4480000000000002e-06
1494677573160,-0.365,2.5340000000000002e-06
1494677573170,-0.365,2.8960000000000003e-06
1494677573180,-0.365,2.8960000000000003e-06
1494677573190,-0.365,1.81e-06
1494677573200,-0.365,3.982e-06
1494677573210,-0.365,3.258e-06
1494677573220,-0.365,1.0859999999999999e-06
1494677573230,-0.365,1.81e-06
1494677573240,-0.365,1.81e-06
1494677573250,-0.365,1.81e-06
1494677573260,-0.365,3.258e-06
1494677573270,-0.365,0.0
1494677573280,-0.365,0.0
1494677573290,-0.365,0.0
1494677573300,-0.365,0.0
1494677573310,-0.365,0.0
1494677573320,-0.365,3.6200000000000004e-07
1494677573330,-0.365,2.5340000000000002e-06
1494677573340,-0.365,1.4480000000000002e-06
1494677573350,-0.365,2.8960000000000003e-06
1494677573360,-0.365,1.81e-06
1494677573370,-0.365,3.258e-06
1494677573380,-0.365,3.62e-06
1494677573390,-0.365,1.4480000000000002e-06
1494677573400,-0.365,1.81e-06
1494677573410,-0.365,2.5340000000000002e-06
1494677573420,-0.365,1.81e-06
1494677573430,-0.365,1.0859999999999999e-06
1494677573440,-0.365,2.8960000000000003e-06
1494677573450,-0.365,2.1719999999999997e-06
1494677573460,-0.365,3.62e-06
1494677573470,-0.365,2.5340000000000002e-06
1494677573480,-0.365,1.81e-06
1494677573490,-0.365,2.8960000000000003e-06
1494677573500,-0.365,1.81e-06
1494677573510,-0.365,3.258e-06
1494677573520,-0.365,1.0859999999999999e-06
1494677573530,-0.365,2.5340000000000002e-06
1494677573540,-0.365,3.258e-06
1494677573550,-0.365,1.81e-06
1494677573560,-0.365,2.8960000000000003e-06
1494677573570,-0.365,2.5340000000000002e-06
1494677573580,-0.365,3.258e-06
1494677573590,-0.365,1.4480000000000002e-06
1494677573600,-0.365,2.1719999999999997e-06
1494677573610,-0.365,2.5340000000000002e-06
1494677573620,-0.365,1.81e-06
1494677573630,-0.365,1.4480000000000002e-06
1494677573640,-0.365,3.982e-06
1494677573650,-0.365,2.1719999999999997e-06
1494677573660,-0.365,1.81e-06
1494677573670,-0.365,2.8960000000000003e-06
1494677573680,-0.365,1.4480000000000002e-06
1494677573690,-0.365,1.81e-06
1494677573700,-0.365,2.1719999999999997e-06
1494677573710,-0.365,2.5340000000000002e-06
1494677573720,-0.365,3.982e-06
1494677573730,-0.365,3.258e-06
1494677573740,-0.365,2.8960000000000003e-06
1494677573750,-0.365,3.982e-06
1494677573760,-0.365,1.0859999999999999e-06
1494677573770,-0.365,2.8960000000000003e-06
1494677573780,-0.365,1.4480000000000002e-06
1494677573790,-0.365,1.81e-06
1494677573800,-0.365,1.81e-06
1494677573810,-0.365,1.4480000000000002e-06
1494677573820,-0.365,2.5340000000000002e-06
1494677573830,-0.365,2.8960000000000003e-06
1494677573840,-0.365,4.343999999999999e-06
1494677573850,-0.365,2.5340000000000002e-06
1494677573860,-0.365,7.240000000000001e-07
1494677573870,-0.365,1.4480000000000002e-06
1494677573880,-0.365,2.5340000000000002e-06
1494677573890,-0.365,1.4480000000000002e-06
1494677573900,-0.365,3.258e-06
1494677573910,-0.365,1.81e-06
1494677573920,-0.365,2.5340000000000002e-06
1494677573930,-0.365,2.5340000000000002e-06
1494677573940,-0.365,2.8960000000000003e-06
1494677573950,-0.365,2.1719999999999997e-06
1494677573960,-0.365,3.982e-06
1494677573970,-0.365,0.0
1494677573980,-0.365,1.81e-06
1494677573990,-0.365,2.1719999999999997e-06
1494677574000,-0.365,2.8960000000000003e-06
1494677574010,-0.365,2.1719999999999997e-06
1494677574020,-0.365,3.62e-06
1494677574030,-0.365,3.258e-06
1494677574040,-0.365,1.4480000000000002e-06
1494677574050,-0.365,2.1719999999999997e-06
1494677574060,-0.365,2.8960000000000003e-06
1494677574070,-0.365,1.0859999999999999e-06
1494677574080,-0.365,3.62e-06
1494677574090,-0.365,2.1719999999999997e-06
1494677574100,-0.365,2.5340000000000002e-06
1494677574110,-0.365,3.62e-06
1494677574120,-0.365,1.0859999999999999e-06
1494677574130,-0.365,2.5340000000000002e-06
1494677574140,-0.365,1.4480000000000002e-06
1494677574150,-0.365,1.81e-06
1494677574160,-0.365,2.5340000000000002e-06
1494677574170,-0.365,2.5340000000000002e-06
1494677574180,-0.365,2.1719999999999997e-06
1494677574190,-0.365,2.1719999999999997e-06
1494677574200,-0.365,2.5340000000000002e-06
1494677574210,-0.365,2.8960000000000003e-06
1494677574220,-0.365,1.0859999999999999e-06
1494677574230,-0.365,2.1719999999999997e-06
1494677574240,-0.365,2.1719999999999997e-06
1494677574250,-0.365,2.1719999999999997e-06
1494677574260,-0.365,2.1719999999999997e-06
1494677574270,-0.365,1.0859999999999999e-06
1494677574280,-0.365,2.5340000000000002e-06
1494677574290,-0.365,2.5340000000000002e-06
1494677574300,-0.365,3.258e-06
1494677574310,-0.365,1.81e-06
1494677574320,-0.365,1.81e-06
1494677574330,-0.365,3.62e-06
1494677574340,-0.365,1.0859999999999999e-06
1494677574350,-0.365,2.8960000000000003e-06
1494677574360,-0.365,2.1719999999999997e-06
1494677574370,-0.365,3.258e-06
1494677574380,-0.365,2.5340000000000002e-06
1494677574390,-0.365,2.5340000000000002e-06
1494677574400,-0.365,2.1719999999999997e-06
1494677574410,-0.365,2.5340000000000002e-06
1494677574420,-0.365,1.81e-06
1494677574430,-0.365,1.81e-06
1494677574440,-0.365,1.4480000000000002e-06
1494677574450,-0.365,3.258e-06
1494677574460,-0.365,3.258e-06
1494677574470,-0.365,1.4480000000000002e-06
1494677574480,-0.365,7.240000000000001e-07
1494677574490,-0.365,2.5340000000000002e-06
1494677574500,-0.365,1.81e-06
1494677574510,-0.365,1.0859999999999999e-06
1494677574520,-0.365,1.81e-06
1494677574530,-0.365,2.5340000000000002e-06
1494677574540,-0.365,2.1719999999999997e-06
1494677574550,-0.365,2.1719999999999997e-06
1494677574560,-0.365,2.1719999999999997e-06
1494677574570,-0.365,2.8960000000000003e-06
1494677574580,-0.365,1.0859999999999999e-06
1494677574590,-0.365,2.5340000000000002e-06
1494677574600,-0.365,2.1719999999999997e-06
1494677574610,-0.365,2.8960000000000003e-06
1494677574620,-0.365,1.4480000000000002e-06
1494677574630,-0.365,7.240000000000001e-07
1494677574640,-0.365,2.8960000000000003e-06
1494677574650,-0.365,1.0859999999999999e-06
1494677574660,-0.365,3.258e-06
1494677574670,-0.365,1.0859999999999999e-06
1494677574680,-0.365,3.258e-06
1494677574690,-0.365,7.240000000000001e-07
1494677574700,-0.365,2.5340000000000002e-06
1494677574710,-0.365,1.4480000000000002e-06
1494677574720,-0.365,2.1719999999999997e-06
1494677574730,-0.365,1.0859999999999999e-06
1494677574740,-0.365,3.258e-06
1494677574750,-0.365,1.0859999999999999e-06
1494677574760,-0.365,3.258e-06
1494677574770,-0.365,3.62e-06
1494677574780,-0.365,5.0680000000000004e-06
1494677574790,-0.365,3.62e-06
1494677574800,-0.365,1.4480000000000002e-06
1494677574810,-0.365,1.81e-06
1494677574820,-0.365,2.5340000000000002e-06
1494677574830,-0.365,2.5340000000000002e-06
1494677574840,-0.365,2.1719999999999997e-06
1494677574850,-0.365,1.4480000000000002e-06
1494677574860,-0.365,3.62e-06
1494677574870,-0.365,1.81e-06
1494677574880,-0.365,4.343999999999999e-06
1494677574890,-0.365,1.81e-06
1494677574900,-0.365,3.982e-06
1494677574910,-0.365,2.1719999999999997e-06
1494677574920,-0.365,2.8960000000000003e-06
1494677574930,-0.365,2.1719999999999997e-06
1494677574940,-0.365,4.343999999999999e-06
1494677574950,-0.365,3.982e-06
1494677574960,-0.365,2.5340000000000002e-06
1494677574970,-0.365,5.43e-06
1494677574980,-0.365,1.81e-06
1494677574990,-0.365,2.1719999999999997e-06
1494677575000,-0.365,2.5340000000000002e-06
1494677575010,-0.365,1.0859999999999999e-06
1494677575020,-0.365,0.0
1494677575030,-0.365,0.0
1494677575040,-0.365,0.0
1494677575050,-0.365,2.1719999999999997e-06
1494677575060,-0.365,8.687999999999999e-06
1494677575070,-0.365,4.706e-06
1494677575080,-0.365,4.706e-06
1494677575090,-0.365,1.4480000000000002e-06
1494677575100,-0.365,3.258e-06
1494677575110,-0.365,4.343999999999999e-06
1494677575120,-0.365,4.343999999999999e-06
1494677575130,-0.365,1.0859999999999999e-06
1494677575140,-0.365,2.5340000000000002e-06
1494677575150,-0.365,4.706e-06
1494677575160,-0.365,2.5340000000000002e-06
1494677575170,-0.365,1.81e-06
1494677575180,-0.365,3.62e-06
1494677575190,-0.365,1.81e-06
1494677575200,-0.365,3.62e-06
1494677575210,-0.365,4.706e-06
1494677575220,-0.365,4.706e-06
1494677575230,-0.365,4.706e-06
1494677575240,-0.365,5.792000000000001e-06
1494677575250,-0.365,1.4480000000000002e-06
1494677575260,-0.365,3.258e-06
1494677575270,-0.365,3.62e-06
1494677575280,-0.365,2.5340000000000002e-06
1494677575290,-0.365,3.62e-06
1494677575300,-0.365,3.982e-06
1494677575310,-0.365,2.1719999999999997e-06
1494677575320,-0.365,4.706e-06
1494677575330,-0.365,2.1719999999999997e-06
1494677575340,-0.365,4.343999999999999e-06
1494677575350,-0.365,1.4480000000000002e-06
1494677575360,-0.365,3.258e-06
1494677575370,-0.365,2.5340000000000002e-06
1494677575380,-0.365,2.8960000000000003e-06
1494677575390,-0.365,3.982e-06
1494677575400,-0.365,3.62e-06
1494677575410,-0.365,3.258e-06
1494677575420,-0.365,2.8960000000000003e-06
1494677575430,-0.365,2.5340000000000002e-06
1494677575440,-0.365,2.5340000000000002e-06
1494677575450,-0.365,3.258e-06
1494677575460,-0.365,2.5340000000000002e-06
1494677575470,-0.365,2.1719999999999997e-06
1494677575480,-0.365,4.706e-06
1494677575490,-0.365,3.62e-06
1494677575500,-0.365,4.343999999999999e-06
1494677575510,-0.365,1.81e-06
1494677575520,-0.365,3.982e-06
1494677575530,-0.365,2.1719999999999997e-06
1494677575540,-0.365,2.8960000000000003e-06
1494677575550,-0.365,1.0859999999999999e-06
1494677575560,-0.365,2.8960000000000003e-06
1494677575570,-0.365,2.5340000000000002e-06
1494677575580,-0.365,3.62e-06
1494677575590,-0.365,2.1719999999999997e-06
1494677575600,-0.365,2.8960000000000003e-06
1494677575610,-0.365,1.4480000000000002e-06
1494677575620,-0.365,2.8960000000000003e-06
1494677575630,-0.365,2.5340000000000002e-06
1494677575640,-0.365,1.0859999999999999e-06
1494677575650,-0.365,1.4480000000000002e-06
1494677575660,-0.365,4.706e-06
1494677575670,-0.365,3.982e-06
1494677575680,-0.365,4.343999999999999e-06
1494677575690,-0.365,1.81e-06
1494677575700,-0.365,2.5340000000000002e-06
1494677575710,-0.365,2.8960000000000003e-06
1494677575720,-0.365,3.258e-06
1494677575730,-0.365,2.1719999999999997e-06
1494677575740,-0.365,2.8960000000000003e-06
1494677575750,-0.365,1.81e-06
1494677575760,-0.365,3.258e-06
1494677575770,-0.365,1.4480000000000002e-06
1494677575780,-0.365,2.5340000000000002e-06
1494677575790,-0.365,1.81e-06
1494677575800,-0.365,3.982e-06
1494677575810,-0.365,1.4480000000000002e-06
1494677575820,-0.365,2.1719999999999997e-06
1494677575830,-0.365,1.4480000000000002e-06
1494677575840,-0.365,3.258e-06
1494677575850,-0.365,3.258e-06
1494677575860,-0.365,2.5340000000000002e-06
1494677575870,-0.365,7.240000000000001e-07
1494677575880,-0.365,1.81e-06
1494677575890,-0.365,2.1719999999999997e-06
1494677575900,-0.365,1.4480000000000002e-06
1494677575910,-0.365,7.240000000000001e-07
1494677575920,-0.365,2.1719999999999997e-06
1494677575930,-0.365,1.81e-06
1494677575940,-0.365,2.5340000000000002e-06
1494677575950,-0.365,1.0859999999999999e-06
1494677575960,-0.365,3.258e-06
1494677575970,-0.365,3.62e-06
1494677575980,-0.365,2.8960000000000003e-06
1494677575990,-0.365,1.81e-06
1494677576000,-0.365,2.1719999999999997e-06
1494677576010,-0.365,1.4480000000000002e-06
1494677576020,-0.365,2.8960000000000003e-06
1494677576030,-0.365,1.4480000000000002e-06
1494677576040,-0.365,2.1719999999999997e-06
1494677576050,-0.365,2.8960000000000003e-06
1494677576060,-0.365,2.1719999999999997e-06
1494677576070,-0.365,7.240000000000001e-07
1494677576080,-0.365,3.258e-06
1494677576090,-0.365,2.1719999999999997e-06
1494677576100,-0.365,1.81e-06
1494677576110,-0.365,2.1719999999999997e-06
1494677576120,-0.365,2.8960000000000003e-06
1494677576130,-0.365,2.1719999999999997e-06
1494677576140,-0.365,1.0859999999999999e-06
1494677576150,-0.365,1.4480000000000002e-06
1494677576160,-0.365,2.1719999999999997e-06
1494677576170,-0.365,2.5340000000000002e-06
1494677576180,-0.365,7.240000000000001e-07
1494677576190,-0.365,7.240000000000001e-07
1494677576200,-0.365,2.1719999999999997e-06
1494677576210,-0.365,2.1719999999999997e-06
1494677576220,-0.365,1.81e-06
1494677576230,-0.365,1.4480000000000002e-06
1494677576240,-0.365,3.258e-06
1494677576250,-0.365,1.0859999999999999e-06
1494677576260,-0.365,2.1719999999999997e-06
1494677576270,-0.365,2.1719999999999997e-06
1494677576280,-0.365,2.8960000000000003e-06
1494677576290,-0.365,0.0
1494677576300,-0.365,2.5340000000000002e-06
1494677576310,-0.365,1.0859999999999999e-06
1494677576320,-0.365,2.1719999999999997e-06
1494677576330,-0.365,1.81e-06
1494677576340,-0.365,1.81e-06
1494677576350,-0.365,2.8960000000000003e-06
1494677576360,-0.365,2.1719999999999997e-06
1494677576370,-0.365,1.4480000000000002e-06
1494677576380,-0.365,1.4480000000000002e-06
1494677576390,-0.365,1.4480000000000002e-06
1494677576400,-0.365,3.258e-06
1494677576410,-0.365,1.0859999999999999e-06
1494677576420,-0.365,4.343999999999999e-06
1494677576430,-0.365,1.4480000000000002e-06
1494677576440,-0.365,3.258e-06
1494677576450,-0.365,7.240000000000001e-07
1494677576460,-0.365,1.4480000000000002e-06
1494677576470,-0.365,1.81e-06
1494677576480,-0.365,2.1719999999999997e-06
1494677576490,-0.365,1.0859999999999999e-06
1494677576500,-0.365,2.1719999999999997e-06
1494677576510,-0.365,1.0859999999999999e-06
1494677576520,-0.365,1.4480000000000002e-06
1494677576530,-0.365,2.1719999999999997e-06
1494677576540,-0.365,1.4480000000000002e-06
1494677576550,-0.365,2.5340000000000002e-06
1494677576560,-0.365,1.4480000000000002e-06
1494677576570,-0.365,1.0859999999999999e-06
1494677576580,-0.365,2.1719999999999997e-06
1494677576590,-0.365,2.5340000000000002e-06
1494677576600,-0.365,7.240000000000001e-07
1494677576610,-0.365,3.62e-06
1494677576620,-0.365,7.240000000000001e-07
1494677576630,-0.365,1.4480000000000002e-06
1494677576640,-0.365,2.1719999999999997e-06
1494677576650,-0.365,1.81e-06
1494677576660,-0.365,3.258e-06
1494677576670,-0.365,7.240000000000001e-07
1494677576680,-0.365,3.62e-06
