Timestamp,position,BLMTI.05L7.B2I10_TCSG.B5L7.B2
1459607197390,9.34,3.6200000000000004e-07
1459607197400,9.34,0.0
1459607197410,9.34,3.6200000000000004e-07
1459607197420,9.34,0.0
1459607197430,9.34,0.0
1459607197440,9.34,3.6200000000000004e-07
1459607197450,9.34,3.6200000000000004e-07
1459607197460,9.34,0.0
1459607197470,9.34,0.0
1459607197480,9.34,3.6200000000000004e-07
1459607197490,9.34,0.0
1459607197500,9.34,7.240000000000001e-07
1459607197510,9.34,1.0859999999999999e-06
1459607197520,9.34,0.0
1459607197530,9.34,1.0859999999999999e-06
1459607197540,9.34,0.0
1459607197550,9.34,0.0
1459607197560,9.34,0.0
1459607197570,9.34,3.6200000000000004e-07
1459607197580,9.34,0.0
1459607197590,9.34,7.240000000000001e-07
1459607197600,9.34,0.0
1459607197610,9.34,7.240000000000001e-07
1459607197620,9.34,0.0
1459607197630,9.34,1.0859999999999999e-06
1459607197640,9.34,0.0
1459607197650,9.34,0.0
1459607197660,9.34,3.6200000000000004e-07
1459607197670,9.34,0.0
1459607197680,9.34,3.6200000000000004e-07
1459607197690,9.34,0.0
1459607197700,9.34,7.240000000000001e-07
1459607197710,9.34,1.4480000000000002e-06
1459607197720,9.34,0.0
1459607197730,9.34,0.0
1459607197740,9.34,0.0
1459607197750,9.34,0.0
1459607197760,9.34,3.6200000000000004e-07
1459607197770,9.34,1.0859999999999999e-06
1459607197780,9.34,0.0
1459607197790,9.34,0.0
1459607197800,9.34,0.0
1459607197810,9.34,0.0
1459607197820,9.34,7.240000000000001e-07
1459607197830,9.34,3.6200000000000004e-07
1459607197840,9.34,3.6200000000000004e-07
1459607197850,9.34,7.240000000000001e-07
1459607197860,9.34,0.0
1459607197870,9.34,7.240000000000001e-07
1459607197880,9.34,0.0
1459607197890,9.34,0.0
1459607197900,9.34,3.6200000000000004e-07
1459607197910,9.34,3.6200000000000004e-07
1459607197920,9.34,3.6200000000000004e-07
1459607197930,9.34,0.0
1459607197940,9.34,3.6200000000000004e-07
1459607197950,9.34,3.6200000000000004e-07
1459607197960,9.34,0.0
1459607197970,9.34,1.0859999999999999e-06
1459607197980,9.34,3.6200000000000004e-07
1459607197990,9.34,3.6200000000000004e-07
1459607198000,9.34,0.0
1459607198010,9.34,3.6200000000000004e-07
1459607198020,9.34,0.0
1459607198030,9.34,1.4480000000000002e-06
1459607198040,9.34,0.0
1459607198050,9.34,0.0
1459607198060,9.34,3.6200000000000004e-07
1459607198070,9.34,3.6200000000000004e-07
1459607198080,9.34,7.240000000000001e-07
1459607198090,9.34,0.0
1459607198100,9.34,7.240000000000001e-07
1459607198110,9.34,3.6200000000000004e-07
1459607198120,9.34,0.0
1459607198130,9.34,3.6200000000000004e-07
1459607198140,9.34,3.6200000000000004e-07
1459607198150,9.34,3.6200000000000004e-07
1459607198160,9.34,0.0
1459607198170,9.34,1.0859999999999999e-06
1459607198180,9.34,0.0
1459607198190,9.34,7.240000000000001e-07
1459607198200,9.34,0.0
1459607198210,9.34,3.6200000000000004e-07
1459607198220,9.34,0.0
1459607198230,9.34,1.0859999999999999e-06
1459607198240,9.34,0.0
1459607198250,9.34,7.240000000000001e-07
1459607198260,9.34,0.0
1459607198270,9.34,1.0859999999999999e-06
1459607198280,9.34,0.0
1459607198290,9.34,3.6200000000000004e-07
1459607198300,9.34,0.0
1459607198310,9.34,1.0859999999999999e-06
1459607198320,9.34,0.0
1459607198330,9.34,0.0
1459607198340,9.34,7.240000000000001e-07
1459607198350,9.34,3.6200000000000004e-07
1459607198360,9.34,0.0
1459607198370,9.34,3.6200000000000004e-07
1459607198380,9.34,3.6200000000000004e-07
1459607198390,9.34,3.6200000000000004e-07
1459607198400,9.34,0.0
1459607198410,9.34,7.240000000000001e-07
1459607198420,9.34,0.0
1459607198430,9.34,7.240000000000001e-07
1459607198440,9.34,0.0
1459607198450,9.34,0.0
1459607198460,9.34,0.0
1459607198470,9.34,1.0859999999999999e-06
1459607198480,9.34,0.0
1459607198490,9.34,3.6200000000000004e-07
1459607198500,9.34,0.0
1459607198510,9.34,1.0859999999999999e-06
1459607198520,9.34,3.6200000000000004e-07
1459607198530,9.34,3.6200000000000004e-07
1459607198540,9.34,0.0
1459607198550,9.34,1.0859999999999999e-06
1459607198560,9.34,0.0
1459607198570,9.34,1.0859999999999999e-06
1459607198580,9.34,0.0
1459607198590,9.34,0.0
1459607198600,9.34,0.0
1459607198610,9.34,1.0859999999999999e-06
1459607198620,9.34,0.0
1459607198630,9.34,3.6200000000000004e-07
1459607198640,9.34,0.0
1459607198650,9.34,1.0859999999999999e-06
1459607198660,9.34,0.0
1459607198670,9.34,1.0859999999999999e-06
1459607198680,9.34,0.0
1459607198690,9.34,3.6200000000000004e-07
1459607198700,9.34,0.0
1459607198710,9.34,7.240000000000001e-07
1459607198720,9.34,3.6200000000000004e-07
1459607198730,9.34,7.240000000000001e-07
1459607198740,9.34,0.0
1459607198750,9.34,7.240000000000001e-07
1459607198760,9.34,3.6200000000000004e-07
1459607198770,9.34,0.0
1459607198780,9.34,0.0
1459607198790,9.34,1.0859999999999999e-06
1459607198800,9.34,0.0
1459607198810,9.34,3.6200000000000004e-07
1459607198820,9.34,0.0
1459607198830,9.34,1.0859999999999999e-06
1459607198840,9.34,0.0
1459607198850,9.34,7.240000000000001e-07
1459607198860,9.34,0.0
1459607198870,9.34,7.240000000000001e-07
1459607198880,9.34,0.0
1459607198890,9.34,3.6200000000000004e-07
1459607198900,9.34,0.0
1459607198910,9.34,7.240000000000001e-07
1459607198920,9.34,0.0
1459607198930,9.34,7.240000000000001e-07
1459607198940,9.34,0.0
1459607198950,9.34,3.6200000000000004e-07
1459607198960,9.34,0.0
1459607198970,9.34,7.240000000000001e-07
1459607198980,9.34,0.0
1459607198990,9.34,3.6200000000000004e-07
1459607199000,9.34,0.0
1459607199010,9.34,3.6200000000000004e-07
1459607199020,9.34,3.6200000000000004e-07
1459607199030,9.34,3.6200000000000004e-07
1459607199040,9.34,0.0
1459607199050,9.34,7.240000000000001e-07
1459607199060,9.34,3.6200000000000004e-07
1459607199070,9.34,0.0
1459607199080,9.34,0.0
1459607199090,9.34,7.240000000000001e-07
1459607199100,9.34,0.0
1459607199110,9.34,7.240000000000001e-07
1459607199120,9.34,0.0
1459607199130,9.34,7.240000000000001e-07
1459607199140,9.34,0.0
1459607199150,9.34,7.240000000000001e-07
1459607199160,9.34,0.0
1459607199170,9.34,3.6200000000000004e-07
1459607199180,9.34,3.6200000000000004e-07
1459607199190,9.34,7.240000000000001e-07
1459607199200,9.34,0.0
1459607199210,9.34,3.6200000000000004e-07
1459607199220,9.34,0.0
1459607199230,9.34,7.240000000000001e-07
1459607199240,9.34,0.0
1459607199250,9.34,0.0
1459607199260,9.34,3.6200000000000004e-07
1459607199270,9.34,3.6200000000000004e-07
1459607199280,9.34,0.0
1459607199290,9.34,1.0859999999999999e-06
1459607199300,9.34,0.0
1459607199310,9.34,0.0
1459607199320,9.34,3.6200000000000004e-07
1459607199330,9.34,1.0859999999999999e-06
1459607199340,9.34,0.0
1459607199350,9.34,3.6200000000000004e-07
1459607199360,9.34,0.0
1459607199370,9.34,1.0859999999999999e-06
1459607199380,9.34,0.0
1459607199390,9.34,7.240000000000001e-07
1459607199400,9.34,0.0
1459607199410,9.34,3.6200000000000004e-07
1459607199420,9.34,0.0
1459607199430,9.34,3.6200000000000004e-07
1459607199440,9.34,3.6200000000000004e-07
1459607199450,9.34,3.6200000000000004e-07
1459607199460,9.34,0.0
1459607199470,9.34,0.0
1459607199480,9.34,0.0
1459607199490,9.34,7.240000000000001e-07
1459607199500,9.34,0.0
1459607199510,9.34,1.0859999999999999e-06
1459607199520,9.34,0.0
1459607199530,9.34,3.6200000000000004e-07
1459607199540,9.34,0.0
1459607199550,9.34,3.6200000000000004e-07
1459607199560,9.34,0.0
1459607199570,9.34,1.0859999999999999e-06
1459607199580,9.34,0.0
1459607199590,9.34,1.0859999999999999e-06
1459607199600,9.34,0.0
1459607199610,9.34,0.0
1459607199620,9.34,0.0
1459607199630,9.34,7.240000000000001e-07
1459607199640,9.34,0.0
1459607199650,9.34,3.6200000000000004e-07
1459607199660,9.34,3.6200000000000004e-07
1459607199670,9.34,0.0
1459607199680,9.34,3.6200000000000004e-07
1459607199690,9.34,0.0
1459607199700,9.34,0.0
1459607199710,9.34,1.0859999999999999e-06
1459607199720,9.34,0.0
1459607199730,9.34,7.240000000000001e-07
1459607199740,9.34,0.0
1459607199750,9.34,7.240000000000001e-07
1459607199760,9.34,0.0
1459607199770,9.34,1.81e-06
1459607199780,9.34,0.0
1459607199790,9.34,0.0
1459607199800,9.34,0.0
1459607199810,9.34,7.240000000000001e-07
1459607199820,9.34,0.0
1459607199830,9.34,7.240000000000001e-07
1459607199840,9.34,0.0
1459607199850,9.34,3.6200000000000004e-07
1459607199860,9.34,3.6200000000000004e-07
1459607199870,9.34,3.6200000000000004e-07
1459607199880,9.34,3.6200000000000004e-07
1459607199890,9.34,0.0
1459607199900,9.34,0.0
1459607199910,9.34,7.240000000000001e-07
1459607199920,9.34,3.6200000000000004e-07
1459607199930,9.34,0.0
1459607199940,9.34,3.6200000000000004e-07
1459607199950,9.34,7.240000000000001e-07
1459607199960,9.34,0.0
1459607199970,9.34,7.240000000000001e-07
1459607199980,9.34,0.0
1459607199990,9.34,0.0
1459607200000,9.34,0.0
1459607200010,9.34,1.0859999999999999e-06
1459607200020,9.34,0.0
1459607200030,9.34,3.6200000000000004e-07
1459607200040,9.34,0.0
1459607200050,9.34,0.0
1459607200060,9.34,3.6200000000000004e-07
1459607200070,9.34,1.4480000000000002e-06
1459607200080,9.34,0.0
1459607200090,9.34,0.0
1459607200100,9.34,0.0
1459607200110,9.34,3.6200000000000004e-07
1459607200120,9.34,0.0
1459607200130,9.34,1.0859999999999999e-06
1459607200140,9.34,0.0
1459607200150,9.34,7.240000000000001e-07
1459607200160,9.34,0.0
1459607200170,9.34,3.6200000000000004e-07
1459607200180,9.34,0.0
1459607200190,9.34,3.6200000000000004e-07
1459607200200,9.34,0.0
1459607200210,9.34,7.240000000000001e-07
1459607200220,9.34,0.0
1459607200230,9.34,1.4480000000000002e-06
1459607200240,9.34,0.0
1459607200250,9.34,0.0
1459607200260,9.34,0.0
1459607200270,9.34,0.0
1459607200280,9.34,0.0
1459607200290,9.34,3.6200000000000004e-07
1459607200300,9.34,3.6200000000000004e-07
1459607200310,9.34,3.6200000000000004e-07
1459607200320,9.34,7.240000000000001e-07
1459607200330,9.34,3.6200000000000004e-07
1459607200340,9.34,7.240000000000001e-07
1459607200350,9.34,1.0859999999999999e-06
1459607200360,9.34,0.0
1459607200370,9.34,3.6200000000000004e-07
1459607200380,9.34,0.0
1459607200390,9.34,1.0859999999999999e-06
1459607200400,9.34,0.0
1459607200410,9.34,0.0
1459607200420,9.34,0.0
1459607200430,9.34,1.0859999999999999e-06
1459607200440,9.34,0.0
1459607200450,9.34,0.0
1459607200460,9.34,0.0
1459607200470,9.34,7.240000000000001e-07
1459607200480,9.34,3.6200000000000004e-07
1459607200490,9.34,0.0
1459607200500,9.34,3.6200000000000004e-07
1459607200510,9.34,3.6200000000000004e-07
1459607200520,9.34,7.240000000000001e-07
1459607200530,9.34,7.240000000000001e-07
1459607200540,9.34,7.240000000000001e-07
1459607200550,9.34,0.0
1459607200560,9.34,0.0
1459607200570,9.34,7.240000000000001e-07
1459607200580,9.34,0.0
1459607200590,9.34,3.6200000000000004e-07
1459607200600,9.34,0.0
1459607200610,9.34,7.240000000000001e-07
1459607200620,9.34,0.0
1459607200630,9.34,7.240000000000001e-07
1459607200640,9.34,0.0
1459607200650,9.34,3.6200000000000004e-07
1459607200660,9.34,7.240000000000001e-07
1459607200670,9.34,0.0
1459607200680,9.34,3.6200000000000004e-07
1459607200690,9.34,3.6200000000000004e-07
1459607200700,9.34,3.6200000000000004e-07
1459607200710,9.34,3.6200000000000004e-07
1459607200720,9.34,3.6200000000000004e-07
1459607200730,9.34,1.0859999999999999e-06
1459607200740,9.34,0.0
1459607200750,9.34,3.6200000000000004e-07
1459607200760,9.34,0.0
1459607200770,9.34,7.240000000000001e-07
1459607200780,9.34,0.0
1459607200790,9.34,3.6200000000000004e-07
1459607200800,9.34,0.0
1459607200810,9.34,1.0859999999999999e-06
1459607200820,9.34,0.0
1459607200830,9.34,0.0
1459607200840,9.34,0.0
1459607200850,9.34,3.6200000000000004e-07
1459607200860,9.34,7.240000000000001e-07
1459607200870,9.34,0.0
1459607200880,9.34,3.6200000000000004e-07
1459607200890,9.34,0.0
1459607200900,9.34,3.6200000000000004e-07
1459607200910,9.34,0.0
1459607200920,9.34,0.0
1459607200930,9.34,7.240000000000001e-07
1459607200940,9.34,0.0
1459607200950,9.34,1.0859999999999999e-06
1459607200960,9.34,0.0
1459607200970,9.34,7.240000000000001e-07
1459607200980,9.34,0.0
1459607200990,9.34,1.0859999999999999e-06
1459607201000,9.34,0.0
1459607201010,9.34,7.240000000000001e-07
1459607201020,9.34,0.0
1459607201030,9.34,3.6200000000000004e-07
1459607201040,9.34,3.6200000000000004e-07
1459607201050,9.34,0.0
1459607201060,9.34,0.0
1459607201070,9.34,3.6200000000000004e-07
1459607201080,9.34,0.0
1459607201090,9.34,3.6200000000000004e-07
1459607201100,9.34,0.0
1459607201110,9.34,3.6200000000000004e-07
1459607201120,9.34,7.240000000000001e-07
1459607201130,9.34,3.6200000000000004e-07
1459607201140,9.34,0.0
1459607201150,9.34,7.240000000000001e-07
1459607201160,9.34,0.0
1459607201170,9.34,0.0
1459607201180,9.34,3.6200000000000004e-07
1459607201190,9.34,3.6200000000000004e-07
1459607201200,9.34,0.0
1459607201210,9.34,3.6200000000000004e-07
1459607201220,9.34,3.6200000000000004e-07
1459607201230,9.34,1.0859999999999999e-06
1459607201240,9.34,0.0
1459607201250,9.34,7.240000000000001e-07
1459607201260,9.34,0.0
1459607201270,9.34,3.6200000000000004e-07
1459607201280,9.34,0.0
1459607201290,9.34,0.0
1459607201300,9.34,3.6200000000000004e-07
1459607201310,9.34,7.240000000000001e-07
1459607201320,9.34,0.0
1459607201330,9.34,7.240000000000001e-07
1459607201340,9.34,0.0
1459607201350,9.34,3.6200000000000004e-07
1459607201360,9.34,0.0
1459607201370,9.34,7.240000000000001e-07
1459607201380,9.34,0.0
1459607201390,9.34,0.0
1459607201400,9.34,7.240000000000001e-07
1459607201410,9.34,3.6200000000000004e-07
1459607201420,9.34,0.0
1459607201430,9.34,7.240000000000001e-07
1459607201440,9.34,0.0
1459607201450,9.34,3.6200000000000004e-07
1459607201460,9.34,0.0
1459607201470,9.34,0.0
1459607201480,9.34,7.240000000000001e-07
1459607201490,9.34,0.0
1459607201500,9.34,7.240000000000001e-07
1459607201510,9.34,7.240000000000001e-07
1459607201520,9.34,0.0
1459607201530,9.34,3.6200000000000004e-07
1459607201540,9.34,3.6200000000000004e-07
1459607201550,9.34,7.240000000000001e-07
1459607201560,9.34,0.0
1459607201570,9.34,1.0859999999999999e-06
1459607201580,9.34,0.0
1459607201590,9.34,3.6200000000000004e-07
1459607201600,9.34,0.0
1459607201610,9.34,3.6200000000000004e-07
1459607201620,9.34,3.6200000000000004e-07
1459607201630,9.34,0.0
1459607201640,9.34,3.6200000000000004e-07
1459607201650,9.34,3.6200000000000004e-07
1459607201660,9.34,3.6200000000000004e-07
1459607201670,9.34,3.6200000000000004e-07
1459607201680,9.34,0.0
1459607201690,9.34,3.6200000000000004e-07
1459607201700,9.34,7.240000000000001e-07
1459607201710,9.34,3.6200000000000004e-07
1459607201720,9.34,3.6200000000000004e-07
1459607201730,9.34,0.0
1459607201740,9.34,3.6200000000000004e-07
1459607201750,9.34,3.6200000000000004e-07
1459607201760,9.34,0.0
1459607201770,9.34,7.240000000000001e-07
1459607201780,9.34,0.0
1459607201790,9.34,3.6200000000000004e-07
1459607201800,9.34,3.6200000000000004e-07
1459607201810,9.34,1.0859999999999999e-06
1459607201820,9.34,0.0
1459607201830,9.34,0.0
1459607201840,9.34,0.0
1459607201850,9.34,3.6200000000000004e-07
1459607201860,9.34,0.0
1459607201870,9.34,3.6200000000000004e-07
1459607201880,9.34,0.0
1459607201890,9.34,7.240000000000001e-07
1459607201900,9.34,3.6200000000000004e-07
1459607201910,9.34,0.0
1459607201920,9.34,7.240000000000001e-07
1459607201930,9.34,3.6200000000000004e-07
1459607201940,9.34,0.0
1459607201950,9.34,7.240000000000001e-07
1459607201960,9.34,0.0
1459607201970,9.34,1.4480000000000002e-06
1459607201980,9.34,0.0
1459607201990,9.34,3.6200000000000004e-07
1459607202000,9.34,0.0
1459607202010,9.34,1.4480000000000002e-06
1459607202020,9.34,0.0
1459607202030,9.34,0.0
1459607202040,9.34,0.0
1459607202050,9.34,3.6200000000000004e-07
1459607202060,9.34,3.6200000000000004e-07
1459607202070,9.34,0.0
1459607202080,9.34,0.0
1459607202090,9.34,1.0859999999999999e-06
1459607202100,9.34,7.240000000000001e-07
1459607202110,9.34,0.0
1459607202120,9.34,0.0
1459607202130,9.34,7.240000000000001e-07
1459607202140,9.34,0.0
1459607202150,9.34,3.6200000000000004e-07
1459607202160,9.34,0.0
1459607202170,9.34,7.240000000000001e-07
1459607202180,9.34,0.0
1459607202190,9.34,3.6200000000000004e-07
1459607202200,9.34,0.0
1459607202210,9.34,7.240000000000001e-07
1459607202220,9.34,0.0
1459607202230,9.34,1.4480000000000002e-06
1459607202240,9.34,0.0
1459607202250,9.34,0.0
1459607202260,9.34,0.0
1459607202270,9.34,1.0859999999999999e-06
1459607202280,9.34,7.240000000000001e-07
1459607202290,9.34,0.0
1459607202300,9.34,0.0
1459607202310,9.34,0.0
1459607202320,9.34,1.0859999999999999e-06
1459607202330,9.34,3.6200000000000004e-07
1459607202340,9.34,0.0
1459607202350,9.34,0.0
1459607202360,9.34,3.6200000000000004e-07
1459607202370,9.34,3.6200000000000004e-07
1459607202380,9.34,0.0
1459607202390,9.34,1.0859999999999999e-06
1459607202400,9.34,0.0
1459607202410,9.34,0.0
1459607202420,9.34,0.0
1459607202430,9.34,7.240000000000001e-07
1459607202440,9.34,0.0
1459607202450,9.34,7.240000000000001e-07
1459607202460,9.34,0.0
1459607202470,9.34,1.0859999999999999e-06
1459607202480,9.34,0.0
1459607202490,9.34,7.240000000000001e-07
1459607202500,9.34,0.0
1459607202510,9.34,0.0
1459607202520,9.34,3.6200000000000004e-07
1459607202530,9.34,0.0
1459607202540,9.34,3.6200000000000004e-07
1459607202550,9.34,7.240000000000001e-07
1459607202560,9.34,7.240000000000001e-07
1459607202570,9.34,0.0
1459607202580,9.34,3.6200000000000004e-07
1459607202590,9.34,3.6200000000000004e-07
1459607202600,9.34,0.0
1459607202610,9.34,7.240000000000001e-07
1459607202620,9.34,0.0
1459607202630,9.34,7.240000000000001e-07
1459607202640,9.34,0.0
1459607202650,9.34,3.6200000000000004e-07
1459607202660,9.34,3.6200000000000004e-07
1459607202670,9.34,7.240000000000001e-07
1459607202680,9.34,3.6200000000000004e-07
1459607202690,9.34,3.6200000000000004e-07
1459607202700,9.34,0.0
1459607202710,9.34,7.240000000000001e-07
1459607202720,9.34,3.6200000000000004e-07
1459607202730,9.34,7.240000000000001e-07
1459607202740,9.34,7.240000000000001e-07
1459607202750,9.34,0.0
1459607202760,9.34,3.6200000000000004e-07
1459607202770,9.34,0.0
1459607202780,9.34,3.6200000000000004e-07
1459607202790,9.34,3.6200000000000004e-07
1459607202800,9.34,0.0
1459607202810,9.34,3.6200000000000004e-07
1459607202820,9.34,3.6200000000000004e-07
1459607202830,9.34,7.240000000000001e-07
1459607202840,9.34,0.0
1459607202850,9.34,3.6200000000000004e-07
1459607202860,9.34,0.0
1459607202870,9.34,1.0859999999999999e-06
1459607202880,9.34,0.0
1459607202890,9.34,7.240000000000001e-07
1459607202900,9.34,0.0
1459607202910,9.34,3.6200000000000004e-07
1459607202920,9.34,3.6200000000000004e-07
1459607202930,9.34,7.240000000000001e-07
1459607202940,9.34,0.0
1459607202950,9.34,0.0
1459607202960,9.34,3.6200000000000004e-07
1459607202970,9.34,3.6200000000000004e-07
1459607202980,9.34,3.6200000000000004e-07
1459607202990,9.34,3.6200000000000004e-07
1459607203000,9.34,0.0
1459607203010,9.34,3.6200000000000004e-07
1459607203020,9.34,0.0
1459607203030,9.34,1.0859999999999999e-06
1459607203040,9.34,0.0
1459607203050,9.34,0.0
1459607203060,9.34,3.6200000000000004e-07
1459607203070,9.34,3.6200000000000004e-07
1459607203080,9.34,7.240000000000001e-07
1459607203090,9.34,3.6200000000000004e-07
1459607203100,9.34,0.0
1459607203110,9.34,0.0
1459607203120,9.34,7.240000000000001e-07
1459607203130,9.34,7.240000000000001e-07
1459607203140,9.34,7.240000000000001e-07
1459607203150,9.34,0.0
1459607203160,9.34,7.240000000000001e-07
1459607203170,9.34,3.6200000000000004e-07
1459607203180,9.34,0.0
1459607203190,9.34,3.6200000000000004e-07
1459607203200,9.34,0.0
1459607203210,9.34,3.6200000000000004e-07
1459607203220,9.34,0.0
1459607203230,9.34,7.240000000000001e-07
1459607203240,9.34,0.0
1459607203250,9.34,0.0
1459607203260,9.34,0.0
1459607203270,9.34,3.6200000000000004e-07
1459607203280,9.34,0.0
1459607203290,9.34,1.0859999999999999e-06
1459607203300,9.34,3.6200000000000004e-07
1459607203310,9.34,0.0
1459607203320,9.34,3.6200000000000004e-07
1459607203330,9.34,3.6200000000000004e-07
1459607203340,9.34,0.0
1459607203350,9.34,3.6200000000000004e-07
1459607203360,9.34,3.6200000000000004e-07
1459607203370,9.34,3.6200000000000004e-07
1459607203380,9.34,3.6200000000000004e-07
1459607203390,9.34,0.0
1459607203400,9.34,3.6200000000000004e-07
1459607203410,9.34,7.240000000000001e-07
1459607203420,9.34,3.6200000000000004e-07
1459607203430,9.34,3.6200000000000004e-07
1459607203440,9.34,7.240000000000001e-07
1459607203450,9.34,3.6200000000000004e-07
1459607203460,9.34,0.0
1459607203470,9.34,3.6200000000000004e-07
1459607203480,9.34,0.0
1459607203490,9.34,3.6200000000000004e-07
1459607203500,9.34,0.0
1459607203510,9.34,3.6200000000000004e-07
1459607203520,9.34,0.0
1459607203530,9.34,3.6200000000000004e-07
1459607203540,9.34,0.0
1459607203550,9.34,7.240000000000001e-07
1459607203560,9.34,3.6200000000000004e-07
1459607203570,9.34,1.0859999999999999e-06
1459607203580,9.34,0.0
1459607203590,9.34,3.6200000000000004e-07
1459607203600,9.34,3.6200000000000004e-07
1459607203610,9.34,7.240000000000001e-07
1459607203620,9.34,0.0
1459607203630,9.34,1.0859999999999999e-06
1459607203640,9.34,0.0
1459607203650,9.34,0.0
1459607203660,9.34,0.0
1459607203670,9.34,7.240000000000001e-07
1459607203680,9.34,0.0
1459607203690,9.34,0.0
1459607203700,9.34,3.6200000000000004e-07
1459607203710,9.34,7.240000000000001e-07
1459607203720,9.34,0.0
1459607203730,9.34,7.240000000000001e-07
1459607203740,9.34,3.6200000000000004e-07
1459607203750,9.34,3.6200000000000004e-07
1459607203760,9.34,3.6200000000000004e-07
1459607203770,9.34,3.6200000000000004e-07
1459607203780,9.34,0.0
1459607203790,9.34,1.0859999999999999e-06
1459607203800,9.34,0.0
1459607203810,9.34,7.240000000000001e-07
1459607203820,9.34,3.6200000000000004e-07
1459607203830,9.34,7.240000000000001e-07
1459607203840,9.34,0.0
1459607203850,9.34,3.6200000000000004e-07
1459607203860,9.34,0.0
1459607203870,9.34,3.6200000000000004e-07
1459607203880,9.34,3.6200000000000004e-07
1459607203890,9.34,3.6200000000000004e-07
1459607203900,9.34,0.0
1459607203910,9.34,1.0859999999999999e-06
1459607203920,9.34,0.0
1459607203930,9.34,0.0
1459607203940,9.34,7.240000000000001e-07
1459607203950,9.34,0.0
1459607203960,9.34,3.6200000000000004e-07
1459607203970,9.34,1.4480000000000002e-06
1459607203980,9.34,0.0
1459607203990,9.34,1.0859999999999999e-06
1459607204000,9.34,0.0
1459607204010,9.34,7.240000000000001e-07
1459607204020,9.34,0.0
1459607204030,9.34,3.6200000000000004e-07
1459607204040,9.34,0.0
1459607204050,9.34,3.6200000000000004e-07
1459607204060,9.34,3.6200000000000004e-07
1459607204070,9.34,3.6200000000000004e-07
1459607204080,9.34,3.6200000000000004e-07
1459607204090,9.34,0.0
1459607204100,9.34,0.0
1459607204110,9.34,3.6200000000000004e-07
1459607204120,9.34,3.6200000000000004e-07
1459607204130,9.34,3.6200000000000004e-07
1459607204140,9.34,0.0
1459607204150,9.34,3.6200000000000004e-07
1459607204160,9.34,0.0
1459607204170,9.34,1.0859999999999999e-06
1459607204180,9.34,0.0
1459607204190,9.34,7.240000000000001e-07
1459607204200,9.34,3.6200000000000004e-07
1459607204210,9.34,3.6200000000000004e-07
1459607204220,9.34,0.0
1459607204230,9.34,7.240000000000001e-07
1459607204240,9.34,7.240000000000001e-07
1459607204250,9.34,0.0
1459607204260,9.34,0.0
1459607204270,9.34,3.6200000000000004e-07
1459607204280,9.34,0.0
1459607204290,9.34,3.6200000000000004e-07
1459607204300,9.34,0.0
1459607204310,9.34,7.240000000000001e-07
1459607204320,9.34,3.6200000000000004e-07
1459607204330,9.34,0.0
1459607204340,9.34,3.6200000000000004e-07
1459607204350,9.34,7.240000000000001e-07
1459607204360,9.34,0.0
1459607204370,9.34,3.6200000000000004e-07
1459607204380,9.34,0.0
1459607204390,9.34,7.240000000000001e-07
1459607204400,9.34,0.0
1459607204410,9.34,1.0859999999999999e-06
1459607204420,9.34,0.0
1459607204430,9.34,0.0
1459607204440,9.34,0.0
1459607204450,9.34,3.6200000000000004e-07
1459607204460,9.34,0.0
1459607204470,9.34,7.240000000000001e-07
1459607204480,9.34,7.240000000000001e-07
1459607204490,9.34,0.0
1459607204500,9.34,0.0
1459607204510,9.34,3.6200000000000004e-07
1459607204520,9.34,1.0859999999999999e-06
1459607204530,9.34,0.0
1459607204540,9.34,0.0
1459607204550,9.34,3.6200000000000004e-07
1459607204560,9.34,0.0
1459607204570,9.34,3.6200000000000004e-07
1459607204580,9.34,0.0
1459607204590,9.34,3.6200000000000004e-07
1459607204600,9.34,0.0
1459607204610,9.34,1.0859999999999999e-06
1459607204620,9.34,3.6200000000000004e-07
1459607204630,9.34,3.6200000000000004e-07
1459607204640,9.34,0.0
1459607204650,9.34,7.240000000000001e-07
1459607204660,9.34,0.0
1459607204670,9.34,1.0859999999999999e-06
1459607204680,9.34,3.6200000000000004e-07
1459607204690,9.34,0.0
1459607204700,9.34,3.6200000000000004e-07
1459607204710,9.34,0.0
1459607204720,9.34,3.6200000000000004e-07
1459607204730,9.34,0.0
1459607204740,9.34,3.6200000000000004e-07
1459607204750,9.34,3.6200000000000004e-07
1459607204760,9.34,0.0
1459607204770,9.34,3.6200000000000004e-07
1459607204780,9.34,3.6200000000000004e-07
1459607204790,9.34,0.0
1459607204800,9.34,0.0
1459607204810,9.34,1.0859999999999999e-06
1459607204820,9.34,0.0
1459607204830,9.34,3.6200000000000004e-07
1459607204840,9.34,0.0
1459607204850,9.34,1.81e-06
1459607204860,9.34,0.0
1459607204870,9.34,3.6200000000000004e-07
1459607204880,9.34,0.0
1459607204890,9.34,0.0
1459607204900,9.34,7.240000000000001e-07
1459607204910,9.34,0.0
1459607204920,9.34,0.0
1459607204930,9.34,0.0
1459607204940,9.34,3.6200000000000004e-07
1459607204950,9.34,0.0
1459607204960,9.34,3.6200000000000004e-07
1459607204970,9.34,3.6200000000000004e-07
1459607204980,9.34,3.6200000000000004e-07
1459607204990,9.34,0.0
1459607205000,9.34,0.0
1459607205010,9.34,1.0859999999999999e-06
1459607205020,9.34,0.0
1459607205030,9.34,7.240000000000001e-07
1459607205040,9.34,0.0
1459607205050,9.34,3.6200000000000004e-07
1459607205060,9.34,3.6200000000000004e-07
1459607205070,9.34,7.240000000000001e-07
1459607205080,9.34,0.0
1459607205090,9.34,1.0859999999999999e-06
1459607205100,9.34,0.0
1459607205110,9.34,3.6200000000000004e-07
1459607205120,9.34,7.240000000000001e-07
1459607205130,9.34,0.0
1459607205140,9.34,0.0
1459607205150,9.34,0.0
1459607205160,9.34,1.0859999999999999e-06
1459607205170,9.34,0.0
1459607205180,9.34,0.0
1459607205190,9.34,3.6200000000000004e-07
1459607205200,9.34,0.0
1459607205210,9.34,7.240000000000001e-07
1459607205220,9.34,0.0
1459607205230,9.34,7.240000000000001e-07
1459607205240,9.34,0.0
1459607205250,9.34,3.6200000000000004e-07
1459607205260,9.34,0.0
1459607205270,9.34,3.6200000000000004e-07
1459607205280,9.34,0.0
1459607205290,9.34,7.240000000000001e-07
1459607205300,9.34,0.0
1459607205310,9.34,3.6200000000000004e-07
1459607205320,9.34,0.0
1459607205330,9.34,3.6200000000000004e-07
1459607205340,9.34,3.6200000000000004e-07
1459607205350,9.34,0.0
1459607205360,9.34,7.240000000000001e-07
1459607205370,9.34,0.0
1459607205380,9.34,0.0
1459607205390,9.34,7.240000000000001e-07
1459607205400,9.34,0.0
1459607205410,9.34,3.6200000000000004e-07
1459607205420,9.34,3.6200000000000004e-07
1459607205430,9.34,3.6200000000000004e-07
1459607205440,9.34,0.0
1459607205450,9.34,7.240000000000001e-07
1459607205460,9.34,0.0
1459607205470,9.34,3.6200000000000004e-07
1459607205480,9.34,0.0
1459607205490,9.34,1.81e-06
1459607205500,9.34,3.6200000000000004e-07
1459607205510,9.34,0.0
1459607205520,9.34,3.6200000000000004e-07
1459607205530,9.34,7.240000000000001e-07
1459607205540,9.34,0.0
1459607205550,9.34,0.0
1459607205560,9.34,3.6200000000000004e-07
1459607205570,9.34,7.240000000000001e-07
1459607205580,9.34,0.0
1459607205590,9.34,0.0
1459607205600,9.34,7.240000000000001e-07
1459607205610,9.34,0.0
1459607205620,9.34,3.6200000000000004e-07
1459607205630,9.34,7.240000000000001e-07
1459607205640,9.34,0.0
1459607205650,9.34,3.6200000000000004e-07
1459607205660,9.34,0.0
1459607205670,9.34,7.240000000000001e-07
1459607205680,9.34,0.0
1459607205690,9.34,7.240000000000001e-07
1459607205700,9.34,0.0
1459607205710,9.34,7.240000000000001e-07
1459607205720,9.34,0.0
1459607205730,9.34,7.240000000000001e-07
1459607205740,9.34,0.0
1459607205750,9.34,3.6200000000000004e-07
1459607205760,9.34,3.6200000000000004e-07
1459607205770,9.34,7.240000000000001e-07
1459607205780,9.34,7.240000000000001e-07
1459607205790,9.34,0.0
1459607205800,9.34,0.0
1459607205810,9.34,1.0859999999999999e-06
1459607205820,9.34,3.6200000000000004e-07
1459607205830,9.34,7.240000000000001e-07
1459607205840,9.34,3.6200000000000004e-07
1459607205850,9.34,7.240000000000001e-07
1459607205860,9.34,0.0
1459607205870,9.34,1.81e-06
1459607205880,9.34,3.6200000000000004e-07
1459607205890,9.34,3.6200000000000004e-07
1459607205900,9.34,3.6200000000000004e-07
1459607205910,9.34,3.6200000000000004e-07
1459607205920,9.34,0.0
1459607205930,9.34,1.81e-06
1459607205940,9.34,7.240000000000001e-07
1459607205950,9.34,0.0
1459607205960,9.34,0.0
1459607205970,9.34,7.240000000000001e-07
1459607205980,9.34,3.6200000000000004e-07
1459607205990,9.34,3.6200000000000004e-07
1459607206000,9.34,3.6200000000000004e-07
1459607206010,9.34,0.0
1459607206020,9.34,7.240000000000001e-07
1459607206030,9.34,7.240000000000001e-07
1459607206040,9.34,0.0
1459607206050,9.34,1.81e-06
1459607206060,9.34,0.0
1459607206070,9.34,0.0
1459607206080,9.34,0.0
1459607206090,9.34,7.240000000000001e-07
1459607206100,9.34,3.6200000000000004e-07
1459607206110,9.34,0.0
1459607206120,9.34,3.6200000000000004e-07
1459607206130,9.34,3.6200000000000004e-07
1459607206140,9.34,0.0
1459607206150,9.34,3.6200000000000004e-07
1459607206160,9.34,0.0
1459607206170,9.34,7.240000000000001e-07
1459607206180,9.34,3.6200000000000004e-07
1459607206190,9.34,0.0
1459607206200,9.34,3.6200000000000004e-07
1459607206210,9.34,0.0
1459607206220,9.34,3.6200000000000004e-07
1459607206230,9.34,3.6200000000000004e-07
1459607206240,9.34,0.0
1459607206250,9.34,1.0859999999999999e-06
1459607206260,9.34,7.240000000000001e-07
1459607206270,9.34,0.0
1459607206280,9.34,0.0
1459607206290,9.34,7.240000000000001e-07
1459607206300,9.34,0.0
1459607206310,9.34,0.0
1459607206320,9.34,0.0
1459607206330,9.34,3.6200000000000004e-07
1459607206340,9.34,3.6200000000000004e-07
1459607206350,9.34,3.6200000000000004e-07
1459607206360,9.34,0.0
1459607206370,9.34,3.6200000000000004e-07
1459607206380,9.34,0.0
1459607206390,9.34,7.240000000000001e-07
1459607206400,9.34,0.0
1459607206410,9.34,3.6200000000000004e-07
1459607206420,9.34,3.6200000000000004e-07
1459607206430,9.34,7.240000000000001e-07
1459607206440,9.34,3.6200000000000004e-07
1459607206450,9.34,1.0859999999999999e-06
1459607206460,9.34,0.0
1459607206470,9.34,1.0859999999999999e-06
1459607206480,9.34,3.6200000000000004e-07
1459607206490,9.34,0.0
1459607206500,9.34,0.0
1459607206510,9.34,1.0859999999999999e-06
1459607206520,9.34,0.0
1459607206530,9.34,0.0
1459607206540,9.12,0.0
1459607206550,9.12,1.0859999999999999e-06
1459607206560,9.12,0.0
1459607206570,9.12,7.240000000000001e-07
1459607206580,9.12,0.0
1459607206590,9.12,3.6200000000000004e-07
1459607206600,9.12,0.0
1459607206610,9.12,7.240000000000001e-07
1459607206620,9.12,3.6200000000000004e-07
1459607206630,9.12,1.4480000000000002e-06
1459607206640,9.12,0.0
1459607206650,9.12,3.6200000000000004e-07
1459607206660,9.12,0.0
1459607206670,9.12,7.240000000000001e-07
1459607206680,9.12,0.0
1459607206690,9.12,3.6200000000000004e-07
1459607206700,9.12,0.0
1459607206710,9.12,7.240000000000001e-07
1459607206720,9.12,0.0
1459607206730,9.12,0.0
1459607206740,9.12,3.6200000000000004e-07
1459607206750,9.12,7.240000000000001e-07
1459607206760,9.12,0.0
1459607206770,9.12,3.6200000000000004e-07
1459607206780,9.12,3.6200000000000004e-07
1459607206790,9.12,7.240000000000001e-07
1459607206800,9.12,0.0
1459607206810,9.12,7.240000000000001e-07
1459607206820,9.12,0.0
1459607206830,9.12,0.0
1459607206840,9.12,0.0
1459607206850,9.12,7.240000000000001e-07
1459607206860,9.12,0.0
1459607206870,9.12,1.0859999999999999e-06
1459607206880,9.12,0.0
1459607206890,9.12,0.0
1459607206900,9.12,1.0859999999999999e-06
1459607206910,9.12,3.6200000000000004e-07
1459607206920,9.12,0.0
1459607206930,9.12,3.6200000000000004e-07
1459607206940,9.12,1.0859999999999999e-06
1459607206950,9.12,3.6200000000000004e-07
1459607206960,9.12,7.240000000000001e-07
1459607206970,9.12,3.6200000000000004e-07
1459607206980,9.12,0.0
1459607206990,9.12,3.6200000000000004e-07
1459607207000,9.12,0.0
1459607207010,9.12,7.240000000000001e-07
1459607207020,9.12,0.0
1459607207030,9.12,7.240000000000001e-07
1459607207040,9.12,0.0
1459607207050,9.12,1.0859999999999999e-06
1459607207060,9.12,0.0
1459607207070,9.12,3.6200000000000004e-07
1459607207080,9.12,3.6200000000000004e-07
1459607207090,9.12,7.240000000000001e-07
1459607207100,9.12,3.6200000000000004e-07
1459607207110,9.12,0.0
1459607207120,9.12,7.240000000000001e-07
1459607207130,9.12,0.0
1459607207140,9.12,3.6200000000000004e-07
1459607207150,9.12,0.0
1459607207160,9.12,1.0859999999999999e-06
1459607207170,9.12,0.0
1459607207180,9.12,3.6200000000000004e-07
1459607207190,9.12,3.6200000000000004e-07
1459607207200,9.12,0.0
1459607207210,9.12,3.6200000000000004e-07
1459607207220,9.12,3.6200000000000004e-07
1459607207230,9.12,0.0
1459607207240,9.12,3.6200000000000004e-07
1459607207250,9.12,3.6200000000000004e-07
1459607207260,9.12,0.0
1459607207270,9.12,3.6200000000000004e-07
1459607207280,9.12,0.0
1459607207290,9.12,1.0859999999999999e-06
1459607207300,9.12,0.0
1459607207310,9.12,0.0
1459607207320,9.12,3.6200000000000004e-07
1459607207330,9.12,7.240000000000001e-07
1459607207340,9.12,0.0
1459607207350,9.12,3.6200000000000004e-07
1459607207360,9.12,3.6200000000000004e-07
1459607207370,9.12,0.0
1459607207380,9.12,3.6200000000000004e-07
1459607207390,9.12,7.240000000000001e-07
1459607207400,9.12,0.0
1459607207410,9.12,7.240000000000001e-07
1459607207420,9.12,0.0
1459607207430,9.12,1.0859999999999999e-06
1459607207440,9.12,7.240000000000001e-07
1459607207450,9.12,3.6200000000000004e-07
1459607207460,9.12,7.240000000000001e-07
1459607207470,9.12,3.6200000000000004e-07
1459607207480,9.12,0.0
1459607207490,9.12,1.0859999999999999e-06
1459607207500,9.12,0.0
1459607207510,9.12,0.0
1459607207520,9.12,3.6200000000000004e-07
1459607207530,9.12,0.0
1459607207540,9.12,7.240000000000001e-07
1459607207550,9.12,0.0
1459607207560,9.12,7.240000000000001e-07
1459607207570,9.12,0.0
1459607207580,9.12,1.4480000000000002e-06
1459607207590,9.12,0.0
1459607207600,9.12,0.0
1459607207610,9.12,0.0
1459607207620,9.12,0.0
1459607207630,9.12,7.240000000000001e-07
1459607207640,9.12,3.6200000000000004e-07
1459607207650,9.12,1.0859999999999999e-06
1459607207660,9.12,0.0
1459607207670,9.12,3.6200000000000004e-07
1459607207680,9.12,7.240000000000001e-07
1459607207690,9.12,3.6200000000000004e-07
1459607207700,9.12,0.0
1459607207710,9.12,3.6200000000000004e-07
1459607207720,9.12,3.6200000000000004e-07
1459607207730,9.12,3.6200000000000004e-07
1459607207740,9.12,0.0
1459607207750,9.12,7.240000000000001e-07
1459607207760,9.12,3.6200000000000004e-07
1459607207770,9.12,3.6200000000000004e-07
1459607207780,9.12,7.240000000000001e-07
1459607207790,9.12,0.0
1459607207800,9.12,7.240000000000001e-07
1459607207810,9.12,0.0
1459607207820,9.12,0.0
1459607207830,9.12,7.240000000000001e-07
1459607207840,9.12,0.0
1459607207850,9.12,7.240000000000001e-07
1459607207860,9.12,7.240000000000001e-07
1459607207870,9.12,3.6200000000000004e-07
1459607207880,9.12,0.0
1459607207890,9.12,7.240000000000001e-07
1459607207900,9.12,0.0
1459607207910,9.12,3.6200000000000004e-07
1459607207920,9.12,0.0
1459607207930,9.12,3.6200000000000004e-07
1459607207940,9.12,7.240000000000001e-07
1459607207950,9.12,3.6200000000000004e-07
1459607207960,9.12,7.240000000000001e-07
1459607207970,9.12,3.6200000000000004e-07
1459607207980,9.12,0.0
1459607207990,9.12,7.240000000000001e-07
1459607208000,9.12,3.6200000000000004e-07
1459607208010,9.12,7.240000000000001e-07
1459607208020,9.12,0.0
1459607208030,9.12,3.6200000000000004e-07
1459607208040,9.12,3.6200000000000004e-07
1459607208050,9.12,3.6200000000000004e-07
1459607208060,9.12,3.6200000000000004e-07
1459607208070,9.12,1.0859999999999999e-06
1459607208080,9.12,3.6200000000000004e-07
1459607208090,9.12,3.6200000000000004e-07
1459607208100,9.12,0.0
1459607208110,9.12,3.6200000000000004e-07
1459607208120,9.12,7.240000000000001e-07
1459607208130,9.12,0.0
1459607208140,9.12,0.0
1459607208150,9.12,3.6200000000000004e-07
1459607208160,9.12,0.0
1459607208170,9.12,3.6200000000000004e-07
1459607208180,9.12,0.0
1459607208190,9.12,1.0859999999999999e-06
1459607208200,9.12,0.0
1459607208210,9.12,7.240000000000001e-07
1459607208220,9.12,0.0
1459607208230,9.12,3.6200000000000004e-07
1459607208240,9.12,7.240000000000001e-07
1459607208250,9.12,0.0
1459607208260,9.12,0.0
1459607208270,9.12,7.240000000000001e-07
1459607208280,9.12,0.0
1459607208290,9.12,7.240000000000001e-07
1459607208300,9.12,0.0
1459607208310,9.12,0.0
1459607208320,9.12,3.6200000000000004e-07
1459607208330,9.12,7.240000000000001e-07
1459607208340,9.12,3.6200000000000004e-07
1459607208350,9.12,0.0
1459607208360,9.12,3.6200000000000004e-07
1459607208370,9.12,3.6200000000000004e-07
1459607208380,9.12,3.6200000000000004e-07
1459607208390,9.12,7.240000000000001e-07
1459607208400,9.12,3.6200000000000004e-07
1459607208410,9.12,3.6200000000000004e-07
1459607208420,9.12,0.0
1459607208430,9.12,1.0859999999999999e-06
1459607208440,9.12,0.0
1459607208450,9.12,1.0859999999999999e-06
1459607208460,9.12,0.0
1459607208470,9.12,3.6200000000000004e-07
1459607208480,9.12,3.6200000000000004e-07
1459607208490,9.12,0.0
1459607208500,9.12,0.0
1459607208510,9.12,3.6200000000000004e-07
1459607208520,9.12,7.240000000000001e-07
1459607208530,9.12,1.0859999999999999e-06
1459607208540,9.12,0.0
1459607208550,9.12,3.6200000000000004e-07
1459607208560,9.12,0.0
1459607208570,9.12,0.0
1459607208580,9.12,0.0
1459607208590,9.12,7.240000000000001e-07
1459607208600,9.12,0.0
1459607208610,9.12,3.6200000000000004e-07
1459607208620,9.12,3.6200000000000004e-07
1459607208630,9.12,7.240000000000001e-07
1459607208640,9.12,7.240000000000001e-07
1459607208650,9.12,3.6200000000000004e-07
1459607208660,9.12,0.0
1459607208670,9.12,7.240000000000001e-07
1459607208680,9.12,0.0
1459607208690,9.12,3.6200000000000004e-07
1459607208700,9.12,0.0
1459607208710,9.12,3.6200000000000004e-07
1459607208720,9.12,7.240000000000001e-07
1459607208730,9.12,0.0
1459607208740,9.12,3.6200000000000004e-07
1459607208750,9.12,0.0
1459607208760,9.12,3.6200000000000004e-07
1459607208770,9.12,3.6200000000000004e-07
1459607208780,9.12,3.6200000000000004e-07
1459607208790,9.12,3.6200000000000004e-07
1459607208800,9.12,0.0
1459607208810,9.12,1.0859999999999999e-06
1459607208820,9.12,3.6200000000000004e-07
1459607208830,9.12,3.6200000000000004e-07
1459607208840,9.12,0.0
1459607208850,9.12,1.0859999999999999e-06
1459607208860,9.12,0.0
1459607208870,9.12,0.0
1459607208880,9.12,7.240000000000001e-07
1459607208890,9.12,3.6200000000000004e-07
1459607208900,9.12,1.0859999999999999e-06
1459607208910,9.12,0.0
1459607208920,9.12,0.0
1459607208930,9.12,3.6200000000000004e-07
1459607208940,9.12,3.6200000000000004e-07
1459607208950,9.12,0.0
1459607208960,9.12,3.6200000000000004e-07
1459607208970,9.12,0.0
1459607208980,9.12,7.240000000000001e-07
1459607208990,9.12,3.6200000000000004e-07
1459607209000,9.12,0.0
1459607209010,9.12,7.240000000000001e-07
1459607209020,9.12,0.0
1459607209030,9.12,1.0859999999999999e-06
1459607209040,9.12,0.0
1459607209050,9.12,0.0
1459607209060,9.12,0.0
1459607209070,9.12,1.4480000000000002e-06
1459607209080,9.12,0.0
1459607209090,9.12,1.4480000000000002e-06
1459607209100,9.12,0.0
1459607209110,9.12,1.0859999999999999e-06
1459607209120,9.12,0.0
1459607209130,9.12,3.6200000000000004e-07
1459607209140,9.12,7.240000000000001e-07
1459607209150,9.12,0.0
1459607209160,9.12,7.240000000000001e-07
1459607209170,9.12,0.0
1459607209180,9.12,7.240000000000001e-07
1459607209190,9.12,0.0
1459607209200,9.12,3.6200000000000004e-07
1459607209210,9.12,7.240000000000001e-07
1459607209220,9.12,3.6200000000000004e-07
1459607209230,9.12,1.0859999999999999e-06
1459607209240,9.12,0.0
1459607209250,9.12,3.6200000000000004e-07
1459607209260,9.12,0.0
1459607209270,9.12,1.4480000000000002e-06
1459607209280,9.12,3.6200000000000004e-07
1459607209290,9.12,3.6200000000000004e-07
1459607209300,9.12,7.240000000000001e-07
1459607209310,9.12,7.240000000000001e-07
1459607209320,9.12,0.0
1459607209330,9.12,7.240000000000001e-07
1459607209340,9.12,0.0
1459607209350,9.12,3.6200000000000004e-07
1459607209360,9.12,3.6200000000000004e-07
1459607209370,9.12,0.0
1459607209380,9.12,1.0859999999999999e-06
1459607209390,9.12,7.240000000000001e-07
1459607209400,9.12,0.0
1459607209410,9.12,0.0
1459607209420,9.12,0.0
1459607209430,9.12,3.6200000000000004e-07
1459607209440,9.12,0.0
1459607209450,9.12,1.0859999999999999e-06
1459607209460,9.12,0.0
1459607209470,9.12,3.6200000000000004e-07
1459607209480,9.12,3.6200000000000004e-07
1459607209490,9.12,7.240000000000001e-07
1459607209500,9.12,0.0
1459607209510,9.12,1.0859999999999999e-06
1459607209520,9.12,0.0
1459607209530,9.12,0.0
1459607209540,9.12,3.6200000000000004e-07
1459607209550,9.12,0.0
1459607209560,9.12,3.6200000000000004e-07
1459607209570,9.12,0.0
1459607209580,9.12,7.240000000000001e-07
1459607209590,9.12,3.6200000000000004e-07
1459607209600,9.12,3.6200000000000004e-07
1459607209610,9.12,0.0
1459607209620,9.12,3.6200000000000004e-07
1459607209630,9.12,3.6200000000000004e-07
1459607209640,9.12,0.0
1459607209650,9.12,3.6200000000000004e-07
1459607209660,9.12,3.6200000000000004e-07
1459607209670,9.12,3.6200000000000004e-07
1459607209680,9.12,3.6200000000000004e-07
1459607209690,9.12,0.0
1459607209700,9.12,7.240000000000001e-07
1459607209710,9.12,1.0859999999999999e-06
1459607209720,9.12,0.0
1459607209730,9.12,0.0
1459607209740,9.12,3.6200000000000004e-07
1459607209750,9.12,3.6200000000000004e-07
1459607209760,9.12,0.0
1459607209770,9.12,3.6200000000000004e-07
1459607209780,9.12,3.6200000000000004e-07
1459607209790,9.12,7.240000000000001e-07
1459607209800,9.12,0.0
1459607209810,9.12,0.0
1459607209820,9.12,3.6200000000000004e-07
1459607209830,9.12,3.6200000000000004e-07
1459607209840,9.12,7.240000000000001e-07
1459607209850,9.12,0.0
1459607209860,9.12,3.6200000000000004e-07
1459607209870,9.12,7.240000000000001e-07
1459607209880,9.12,0.0
1459607209890,9.12,7.240000000000001e-07
1459607209900,9.12,3.6200000000000004e-07
1459607209910,9.12,7.240000000000001e-07
1459607209920,9.12,0.0
1459607209930,9.12,1.0859999999999999e-06
1459607209940,9.12,3.6200000000000004e-07
1459607209950,9.12,0.0
1459607209960,9.12,1.0859999999999999e-06
1459607209970,9.12,0.0
1459607209980,9.12,0.0
1459607209990,9.12,3.6200000000000004e-07
1459607210000,9.12,7.240000000000001e-07
1459607210010,9.12,3.6200000000000004e-07
1459607210020,9.12,3.6200000000000004e-07
1459607210030,9.12,7.240000000000001e-07
1459607210040,9.12,0.0
1459607210050,9.12,0.0
1459607210060,9.12,0.0
1459607210070,9.12,0.0
1459607210080,9.12,0.0
1459607210090,9.12,3.6200000000000004e-07
1459607210100,9.12,0.0
1459607210110,9.12,3.6200000000000004e-07
1459607210120,9.12,0.0
1459607210130,9.12,7.240000000000001e-07
1459607210140,9.12,0.0
1459607210150,9.12,3.6200000000000004e-07
1459607210160,9.12,3.6200000000000004e-07
1459607210170,9.12,3.6200000000000004e-07
1459607210180,9.12,3.6200000000000004e-07
1459607210190,9.12,3.6200000000000004e-07
1459607210200,9.12,0.0
1459607210210,9.12,3.6200000000000004e-07
1459607210220,9.12,7.240000000000001e-07
1459607210230,9.12,7.240000000000001e-07
1459607210240,9.12,3.6200000000000004e-07
1459607210250,9.12,3.6200000000000004e-07
1459607210260,9.12,3.6200000000000004e-07
1459607210270,9.12,7.240000000000001e-07
1459607210280,9.12,0.0
1459607210290,9.12,7.240000000000001e-07
1459607210300,9.12,0.0
1459607210310,9.12,7.240000000000001e-07
1459607210320,9.12,3.6200000000000004e-07
1459607210330,9.12,7.240000000000001e-07
1459607210340,9.12,0.0
1459607210350,9.12,3.6200000000000004e-07
1459607210360,9.12,0.0
1459607210370,9.12,3.6200000000000004e-07
1459607210380,9.12,7.240000000000001e-07
1459607210390,9.12,0.0
1459607210400,9.12,3.6200000000000004e-07
1459607210410,9.12,3.6200000000000004e-07
1459607210420,9.12,3.6200000000000004e-07
1459607210430,9.12,3.6200000000000004e-07
1459607210440,9.12,0.0
1459607210450,9.12,3.6200000000000004e-07
1459607210460,9.12,7.240000000000001e-07
1459607210470,9.12,7.240000000000001e-07
1459607210480,9.12,3.6200000000000004e-07
1459607210490,9.12,3.6200000000000004e-07
1459607210500,9.12,0.0
1459607210510,9.12,7.240000000000001e-07
1459607210520,9.12,0.0
1459607210530,9.12,3.6200000000000004e-07
1459607210540,9.12,3.6200000000000004e-07
1459607210550,9.12,7.240000000000001e-07
1459607210560,9.12,0.0
1459607210570,9.12,0.0
1459607210580,9.12,3.6200000000000004e-07
1459607210590,9.12,3.6200000000000004e-07
1459607210600,9.12,7.240000000000001e-07
1459607210610,9.12,7.240000000000001e-07
1459607210620,9.12,3.6200000000000004e-07
1459607210630,9.12,0.0
1459607210640,9.12,3.6200000000000004e-07
1459607210650,9.12,7.240000000000001e-07
1459607210660,9.12,0.0
1459607210670,9.12,7.240000000000001e-07
1459607210680,9.12,3.6200000000000004e-07
1459607210690,9.12,0.0
1459607210700,9.12,0.0
1459607210710,9.12,7.240000000000001e-07
1459607210720,9.12,3.6200000000000004e-07
1459607210730,9.12,7.240000000000001e-07
1459607210740,9.12,0.0
1459607210750,9.12,3.6200000000000004e-07
1459607210760,9.12,7.240000000000001e-07
1459607210770,9.12,7.240000000000001e-07
1459607210780,9.12,0.0
1459607210790,9.12,0.0
1459607210800,9.12,3.6200000000000004e-07
1459607210810,9.12,3.6200000000000004e-07
1459607210820,9.12,7.240000000000001e-07
1459607210830,9.12,0.0
1459607210840,9.12,3.6200000000000004e-07
1459607210850,9.12,3.6200000000000004e-07
1459607210860,9.12,3.6200000000000004e-07
1459607210870,9.12,7.240000000000001e-07
1459607210880,9.12,0.0
1459607210890,9.12,3.6200000000000004e-07
1459607210900,9.12,3.6200000000000004e-07
1459607210910,9.12,3.6200000000000004e-07
1459607210920,9.12,0.0
1459607210930,9.12,1.0859999999999999e-06
1459607210940,9.12,0.0
1459607210950,9.12,0.0
1459607210960,9.12,3.6200000000000004e-07
1459607210970,9.12,7.240000000000001e-07
1459607210980,9.12,3.6200000000000004e-07
1459607210990,9.12,3.6200000000000004e-07
1459607211000,9.12,3.6200000000000004e-07
1459607211010,9.12,0.0
1459607211020,9.12,0.0
1459607211030,9.12,7.240000000000001e-07
1459607211040,9.12,3.6200000000000004e-07
1459607211050,9.12,0.0
1459607211060,9.12,7.240000000000001e-07
1459607211070,9.12,3.6200000000000004e-07
1459607211080,9.12,7.240000000000001e-07
1459607211090,9.12,3.6200000000000004e-07
1459607211100,9.12,0.0
1459607211110,9.12,7.240000000000001e-07
1459607211120,9.12,7.240000000000001e-07
1459607211130,9.12,7.240000000000001e-07
1459607211140,9.12,0.0
1459607211150,9.12,3.6200000000000004e-07
1459607211160,9.12,0.0
1459607211170,9.12,7.240000000000001e-07
1459607211180,9.12,7.240000000000001e-07
1459607211190,9.12,3.6200000000000004e-07
1459607211200,9.12,7.240000000000001e-07
1459607211210,9.12,7.240000000000001e-07
1459607211220,9.12,3.6200000000000004e-07
1459607211230,9.12,0.0
1459607211240,9.12,3.6200000000000004e-07
1459607211250,9.12,1.4480000000000002e-06
1459607211260,9.12,0.0
1459607211270,9.12,3.6200000000000004e-07
1459607211280,9.12,7.240000000000001e-07
1459607211290,9.12,7.240000000000001e-07
1459607211300,9.12,0.0
1459607211310,9.12,3.6200000000000004e-07
1459607211320,9.12,7.240000000000001e-07
1459607211330,9.12,1.0859999999999999e-06
1459607211340,9.12,3.6200000000000004e-07
1459607211350,9.12,1.4480000000000002e-06
1459607211360,9.12,7.240000000000001e-07
1459607211370,9.12,7.240000000000001e-07
1459607211380,9.12,0.0
1459607211390,9.12,3.6200000000000004e-07
1459607211400,9.12,3.6200000000000004e-07
1459607211410,9.12,7.240000000000001e-07
1459607211420,9.12,0.0
1459607211430,9.12,1.0859999999999999e-06
1459607211440,9.12,0.0
1459607211450,9.12,3.6200000000000004e-07
1459607211460,9.12,3.6200000000000004e-07
1459607211470,9.12,1.0859999999999999e-06
1459607211480,9.12,0.0
1459607211490,9.12,1.0859999999999999e-06
1459607211500,9.12,0.0
1459607211510,9.12,0.0
1459607211520,9.12,0.0
1459607211530,9.12,1.0859999999999999e-06
1459607211540,9.12,0.0
1459607211550,9.12,1.0859999999999999e-06
1459607211560,9.12,3.6200000000000004e-07
1459607211570,9.12,3.6200000000000004e-07
1459607211580,9.12,1.0859999999999999e-06
1459607211590,9.12,3.6200000000000004e-07
1459607211600,9.12,3.6200000000000004e-07
1459607211610,9.12,0.0
1459607211620,9.12,7.240000000000001e-07
1459607211630,9.12,0.0
1459607211640,9.12,3.6200000000000004e-07
1459607211650,9.12,7.240000000000001e-07
1459607211660,9.12,0.0
1459607211670,9.12,3.6200000000000004e-07
1459607211680,9.12,0.0
1459607211690,9.12,7.240000000000001e-07
1459607211700,9.12,0.0
1459607211710,9.12,7.240000000000001e-07
1459607211720,9.12,0.0
1459607211730,9.12,3.6200000000000004e-07
1459607211740,9.12,7.240000000000001e-07
1459607211750,9.12,0.0
1459607211760,9.12,0.0
1459607211770,9.12,3.6200000000000004e-07
1459607211780,9.12,3.6200000000000004e-07
1459607211790,9.12,3.6200000000000004e-07
1459607211800,9.12,0.0
1459607211810,9.12,0.0
1459607211820,9.12,1.0859999999999999e-06
1459607211830,9.12,0.0
1459607211840,9.12,3.6200000000000004e-07
1459607211850,9.12,7.240000000000001e-07
1459607211860,9.12,0.0
1459607211870,9.12,3.6200000000000004e-07
1459607211880,9.12,3.6200000000000004e-07
1459607211890,9.12,0.0
1459607211900,9.12,0.0
1459607211910,9.12,7.240000000000001e-07
1459607211920,9.12,0.0
1459607211930,9.12,3.6200000000000004e-07
1459607211940,9.12,0.0
1459607211950,9.12,3.6200000000000004e-07
1459607211960,9.12,3.6200000000000004e-07
1459607211970,9.12,0.0
1459607211980,9.12,7.240000000000001e-07
1459607211990,9.12,0.0
1459607212000,9.12,3.6200000000000004e-07
1459607212010,9.12,0.0
1459607212020,9.12,3.6200000000000004e-07
1459607212030,9.12,3.6200000000000004e-07
1459607212040,9.12,7.240000000000001e-07
1459607212050,9.12,0.0
1459607212060,9.12,1.4480000000000002e-06
1459607212070,9.12,0.0
1459607212080,9.12,3.6200000000000004e-07
1459607212090,9.12,7.240000000000001e-07
1459607212100,9.12,0.0
1459607212110,9.12,1.0859999999999999e-06
1459607212120,9.12,0.0
1459607212130,9.12,1.0859999999999999e-06
1459607212140,9.12,0.0
1459607212150,9.12,3.6200000000000004e-07
1459607212160,9.12,0.0
1459607212170,9.12,3.6200000000000004e-07
1459607212180,9.12,7.240000000000001e-07
1459607212190,9.12,1.0859999999999999e-06
1459607212200,9.12,0.0
1459607212210,9.12,0.0
1459607212220,9.12,1.0859999999999999e-06
1459607212230,9.12,0.0
1459607212240,9.12,7.240000000000001e-07
1459607212250,9.12,3.6200000000000004e-07
1459607212260,9.12,3.6200000000000004e-07
1459607212270,9.12,7.240000000000001e-07
1459607212280,9.12,0.0
1459607212290,9.12,7.240000000000001e-07
1459607212300,9.12,3.6200000000000004e-07
1459607212310,9.12,3.6200000000000004e-07
1459607212320,9.12,0.0
1459607212330,9.12,3.6200000000000004e-07
1459607212340,9.12,0.0
1459607212350,9.12,1.4480000000000002e-06
1459607212360,9.12,0.0
1459607212370,9.12,7.240000000000001e-07
1459607212380,9.12,0.0
1459607212390,9.12,1.0859999999999999e-06
1459607212400,9.12,0.0
1459607212410,9.12,7.240000000000001e-07
1459607212420,9.12,0.0
1459607212430,9.12,0.0
1459607212440,9.12,3.6200000000000004e-07
1459607212450,9.12,0.0
1459607212460,9.12,7.240000000000001e-07
1459607212470,9.12,0.0
1459607212480,9.12,7.240000000000001e-07
1459607212490,9.12,0.0
1459607212500,9.12,3.6200000000000004e-07
1459607212510,9.12,7.240000000000001e-07
1459607212520,9.12,0.0
1459607212530,9.12,1.4480000000000002e-06
1459607212540,9.12,3.6200000000000004e-07
1459607212550,9.12,3.6200000000000004e-07
1459607212560,9.12,0.0
1459607212570,9.12,1.0859999999999999e-06
1459607212580,9.12,0.0
1459607212590,9.12,3.6200000000000004e-07
1459607212600,9.12,3.6200000000000004e-07
1459607212610,9.12,3.6200000000000004e-07
1459607212620,9.12,7.240000000000001e-07
1459607212630,9.12,0.0
1459607212640,9.12,3.6200000000000004e-07
1459607212650,9.12,3.6200000000000004e-07
1459607212660,9.12,3.6200000000000004e-07
1459607212670,9.12,7.240000000000001e-07
1459607212680,9.12,7.240000000000001e-07
1459607212690,9.12,0.0
1459607212700,9.12,7.240000000000001e-07
1459607212710,9.12,0.0
1459607212720,9.12,0.0
1459607212730,9.12,1.0859999999999999e-06
1459607212740,9.12,0.0
1459607212750,9.12,7.240000000000001e-07
1459607212760,9.12,0.0
1459607212770,9.12,3.6200000000000004e-07
1459607212780,9.12,7.240000000000001e-07
1459607212790,9.12,0.0
1459607212800,9.12,0.0
1459607212810,9.12,7.240000000000001e-07
1459607212820,9.12,7.240000000000001e-07
1459607212830,9.12,3.6200000000000004e-07
1459607212840,9.12,3.6200000000000004e-07
1459607212850,9.12,0.0
1459607212860,9.12,3.6200000000000004e-07
1459607212870,9.12,3.6200000000000004e-07
1459607212880,9.12,7.240000000000001e-07
1459607212890,9.12,3.6200000000000004e-07
1459607212900,9.12,3.6200000000000004e-07
1459607212910,9.12,0.0
1459607212920,9.12,3.6200000000000004e-07
1459607212930,9.12,3.6200000000000004e-07
1459607212940,9.12,3.6200000000000004e-07
1459607212950,9.12,3.6200000000000004e-07
1459607212960,9.12,3.6200000000000004e-07
1459607212970,9.12,3.6200000000000004e-07
1459607212980,9.12,7.240000000000001e-07
1459607212990,9.12,0.0
1459607213000,9.12,3.6200000000000004e-07
1459607213010,9.12,3.6200000000000004e-07
1459607213020,9.12,0.0
1459607213030,9.12,3.6200000000000004e-07
1459607213040,9.12,3.6200000000000004e-07
1459607213050,9.12,0.0
1459607213060,9.12,3.6200000000000004e-07
1459607213070,9.12,3.6200000000000004e-07
1459607213080,9.12,3.6200000000000004e-07
1459607213090,9.12,7.240000000000001e-07
1459607213100,9.12,0.0
1459607213110,9.12,7.240000000000001e-07
1459607213120,9.12,3.6200000000000004e-07
1459607213130,9.12,1.0859999999999999e-06
1459607213140,9.12,0.0
1459607213150,9.12,7.240000000000001e-07
1459607213160,9.12,0.0
1459607213170,9.12,3.6200000000000004e-07
1459607213180,9.12,3.6200000000000004e-07
1459607213190,9.12,1.0859999999999999e-06
1459607213200,9.12,7.240000000000001e-07
1459607213210,9.12,3.6200000000000004e-07
1459607213220,9.12,0.0
1459607213230,9.12,7.240000000000001e-07
1459607213240,9.12,3.6200000000000004e-07
1459607213250,9.12,0.0
1459607213260,9.12,7.240000000000001e-07
1459607213270,9.12,0.0
1459607213280,9.12,0.0
1459607213290,9.12,1.0859999999999999e-06
1459607213300,9.12,0.0
1459607213310,9.12,3.6200000000000004e-07
1459607213320,9.12,3.6200000000000004e-07
1459607213330,9.12,7.240000000000001e-07
1459607213340,9.12,0.0
1459607213350,9.12,0.0
1459607213360,9.12,3.6200000000000004e-07
1459607213370,9.12,3.6200000000000004e-07
1459607213380,9.12,7.240000000000001e-07
1459607213390,9.12,0.0
1459607213400,9.12,7.240000000000001e-07
1459607213410,9.12,0.0
1459607213420,9.12,3.6200000000000004e-07
1459607213430,9.12,3.6200000000000004e-07
1459607213440,9.12,3.6200000000000004e-07
1459607213450,9.12,0.0
1459607213460,9.12,1.0859999999999999e-06
1459607213470,9.12,3.6200000000000004e-07
1459607213480,9.12,3.6200000000000004e-07
1459607213490,9.12,3.6200000000000004e-07
1459607213500,9.12,0.0
1459607213510,9.12,1.0859999999999999e-06
1459607213520,9.12,0.0
1459607213530,9.12,7.240000000000001e-07
1459607213540,9.12,3.6200000000000004e-07
1459607213550,9.12,3.6200000000000004e-07
1459607213560,9.12,0.0
1459607213570,9.12,7.240000000000001e-07
1459607213580,9.12,3.6200000000000004e-07
1459607213590,9.12,0.0
1459607213600,9.12,0.0
1459607213610,9.12,3.6200000000000004e-07
1459607213620,9.12,1.0859999999999999e-06
1459607213630,9.12,0.0
1459607213640,9.12,7.240000000000001e-07
1459607213650,9.12,0.0
1459607213660,9.12,1.4480000000000002e-06
1459607213670,9.12,0.0
1459607213680,9.12,0.0
1459607213690,9.12,3.6200000000000004e-07
1459607213700,9.12,3.6200000000000004e-07
1459607213710,9.12,1.0859999999999999e-06
1459607213720,9.12,3.6200000000000004e-07
1459607213730,9.12,3.6200000000000004e-07
1459607213740,9.12,0.0
1459607213750,9.12,3.6200000000000004e-07
1459607213760,9.12,3.6200000000000004e-07
1459607213770,9.12,7.240000000000001e-07
1459607213780,9.12,0.0
1459607213790,9.12,3.6200000000000004e-07
1459607213800,9.12,3.6200000000000004e-07
1459607213810,9.12,3.6200000000000004e-07
1459607213820,9.12,0.0
1459607213830,9.12,0.0
1459607213840,9.12,3.6200000000000004e-07
1459607213850,9.12,0.0
1459607213860,9.12,1.4480000000000002e-06
1459607213870,9.12,0.0
1459607213880,9.12,0.0
1459607213890,9.12,3.6200000000000004e-07
1459607213900,9.12,7.240000000000001e-07
1459607213910,9.12,3.6200000000000004e-07
1459607213920,9.12,0.0
1459607213930,9.12,7.240000000000001e-07
1459607213940,9.12,3.6200000000000004e-07
1459607213950,9.12,7.240000000000001e-07
1459607213960,9.12,0.0
1459607213970,9.12,3.6200000000000004e-07
1459607213980,9.12,0.0
1459607213990,9.12,7.240000000000001e-07
1459607214000,9.12,7.240000000000001e-07
1459607214010,9.12,0.0
1459607214020,9.12,3.6200000000000004e-07
1459607214030,9.12,0.0
1459607214040,9.12,0.0
1459607214050,9.12,7.240000000000001e-07
1459607214060,9.12,0.0
1459607214070,9.12,3.6200000000000004e-07
1459607214080,9.12,0.0
1459607214090,9.12,7.240000000000001e-07
1459607214100,9.12,3.6200000000000004e-07
1459607214110,9.12,7.240000000000001e-07
1459607214120,9.12,0.0
1459607214130,9.12,1.0859999999999999e-06
1459607214140,9.12,0.0
1459607214150,9.12,1.0859999999999999e-06
1459607214160,9.12,0.0
1459607214170,9.12,0.0
1459607214180,9.12,1.0859999999999999e-06
1459607214190,9.12,0.0
1459607214200,9.12,7.240000000000001e-07
1459607214210,9.12,0.0
1459607214220,9.12,3.6200000000000004e-07
1459607214230,9.12,7.240000000000001e-07
1459607214240,9.12,3.6200000000000004e-07
1459607214250,9.12,1.0859999999999999e-06
1459607214260,9.12,0.0
1459607214270,9.12,0.0
1459607214280,9.12,0.0
1459607214290,9.12,7.240000000000001e-07
1459607214300,9.12,0.0
1459607214310,9.12,7.240000000000001e-07
1459607214320,9.12,0.0
1459607214330,9.12,1.0859999999999999e-06
1459607214340,9.12,0.0
1459607214350,9.12,1.0859999999999999e-06
1459607214360,9.12,0.0
1459607214370,9.12,3.6200000000000004e-07
1459607214380,9.12,7.240000000000001e-07
1459607214390,9.12,3.6200000000000004e-07
1459607214400,9.12,3.6200000000000004e-07
1459607214410,9.12,0.0
1459607214420,9.12,1.0859999999999999e-06
1459607214430,9.12,3.6200000000000004e-07
1459607214440,9.12,7.240000000000001e-07
1459607214450,9.12,3.6200000000000004e-07
1459607214460,9.12,3.6200000000000004e-07
1459607214470,9.12,0.0
1459607214480,9.12,7.240000000000001e-07
1459607214490,9.12,7.240000000000001e-07
1459607214500,9.12,0.0
1459607214510,9.12,3.6200000000000004e-07
1459607214520,9.12,0.0
1459607214530,9.12,7.240000000000001e-07
1459607214540,9.12,0.0
1459607214550,9.12,1.0859999999999999e-06
1459607214560,9.12,0.0
1459607214570,9.12,0.0
1459607214580,9.12,0.0
1459607214590,9.12,3.6200000000000004e-07
1459607214600,9.12,7.240000000000001e-07
1459607214610,9.12,3.6200000000000004e-07
1459607214620,9.12,1.0859999999999999e-06
1459607214630,9.12,0.0
1459607214640,9.12,1.81e-06
1459607214650,9.12,0.0
1459607214660,9.12,0.0
1459607214670,9.12,3.6200000000000004e-07
1459607214680,9.12,1.0859999999999999e-06
1459607214690,9.12,0.0
1459607214700,9.12,0.0
1459607214710,9.12,0.0
1459607214720,9.12,3.6200000000000004e-07
1459607214730,9.12,7.240000000000001e-07
1459607214740,9.12,0.0
1459607214750,9.12,1.0859999999999999e-06
1459607214760,9.12,0.0
1459607214770,9.12,0.0
1459607214780,9.12,0.0
1459607214790,9.12,1.0859999999999999e-06
1459607214800,9.12,0.0
1459607214810,9.12,3.6200000000000004e-07
1459607214820,9.12,3.6200000000000004e-07
1459607214830,9.12,0.0
1459607214840,9.12,1.0859999999999999e-06
1459607214850,9.12,0.0
1459607214860,9.12,3.6200000000000004e-07
1459607214870,9.12,0.0
1459607214880,9.12,1.0859999999999999e-06
1459607214890,9.12,3.6200000000000004e-07
1459607214900,9.12,1.0859999999999999e-06
1459607214910,9.12,0.0
1459607214920,9.12,0.0
1459607214930,9.12,7.240000000000001e-07
1459607214940,9.12,0.0
1459607214950,9.12,3.6200000000000004e-07
1459607214960,9.12,0.0
1459607214970,9.12,7.240000000000001e-07
1459607214980,9.12,0.0
1459607214990,9.12,7.240000000000001e-07
1459607215000,9.12,0.0
1459607215010,9.12,7.240000000000001e-07
1459607215020,9.12,3.6200000000000004e-07
1459607215030,9.12,7.240000000000001e-07
1459607215040,9.12,0.0
1459607215050,9.12,7.240000000000001e-07
1459607215060,9.12,7.240000000000001e-07
1459607215070,9.12,0.0
1459607215080,9.12,3.6200000000000004e-07
1459607215090,9.12,3.6200000000000004e-07
1459607215100,9.12,3.6200000000000004e-07
1459607215110,9.12,1.0859999999999999e-06
1459607215120,9.12,0.0
1459607215130,9.12,0.0
1459607215140,9.12,3.6200000000000004e-07
1459607215150,9.12,7.240000000000001e-07
1459607215160,9.12,3.6200000000000004e-07
1459607215170,9.12,0.0
1459607215180,9.12,1.0859999999999999e-06
1459607215190,9.12,3.6200000000000004e-07
1459607215200,9.12,0.0
1459607215210,9.12,7.240000000000001e-07
1459607215220,9.12,0.0
1459607215230,9.12,7.240000000000001e-07
1459607215240,9.12,1.0859999999999999e-06
1459607215250,9.12,0.0
1459607215260,9.12,3.6200000000000004e-07
1459607215270,9.12,3.6200000000000004e-07
1459607215280,9.12,0.0
1459607215290,9.12,3.6200000000000004e-07
1459607215300,9.12,7.240000000000001e-07
1459607215310,9.12,0.0
1459607215320,9.12,3.6200000000000004e-07
1459607215330,9.12,3.6200000000000004e-07
1459607215340,9.12,1.0859999999999999e-06
1459607215350,9.12,3.6200000000000004e-07
1459607215360,9.12,0.0
1459607215370,9.12,1.0859999999999999e-06
1459607215380,9.12,0.0
1459607215390,9.12,1.0859999999999999e-06
1459607215400,9.12,3.6200000000000004e-07
1459607215410,9.12,3.6200000000000004e-07
1459607215420,9.12,3.6200000000000004e-07
1459607215430,9.12,3.6200000000000004e-07
1459607215440,9.12,7.240000000000001e-07
1459607215450,9.12,0.0
1459607215460,9.12,1.0859999999999999e-06
1459607215470,9.12,0.0
1459607215480,9.12,7.240000000000001e-07
1459607215490,9.12,0.0
1459607215500,9.12,3.6200000000000004e-07
1459607215510,9.12,7.240000000000001e-07
1459607215520,9.12,0.0
1459607215530,9.12,0.0
1459607215540,9.12,3.6200000000000004e-07
1459607215550,9.12,1.0859999999999999e-06
1459607215560,9.12,0.0
1459607215570,9.12,7.240000000000001e-07
1459607215580,9.12,3.6200000000000004e-07
1459607215590,9.12,3.6200000000000004e-07
1459607215600,9.12,3.6200000000000004e-07
1459607215610,9.12,7.240000000000001e-07
1459607215620,9.12,0.0
1459607215630,9.12,3.6200000000000004e-07
1459607215640,9.12,0.0
1459607215650,9.12,7.240000000000001e-07
1459607215660,9.12,0.0
1459607215670,9.12,3.6200000000000004e-07
1459607215680,9.12,1.0859999999999999e-06
1459607215690,9.12,0.0
1459607215700,9.12,1.0859999999999999e-06
1459607215710,9.12,0.0
1459607215720,9.12,1.0859999999999999e-06
1459607215730,9.12,0.0
1459607215740,9.12,0.0
1459607215750,9.12,1.0859999999999999e-06
1459607215760,9.12,0.0
1459607215770,9.12,3.6200000000000004e-07
1459607215780,9.12,0.0
1459607215790,9.12,3.6200000000000004e-07
1459607215800,9.12,0.0
1459607215810,9.12,0.0
1459607215820,9.12,7.240000000000001e-07
1459607215830,9.12,3.6200000000000004e-07
1459607215840,9.12,1.4480000000000002e-06
1459607215850,9.12,0.0
1459607215860,9.12,3.6200000000000004e-07
1459607215870,9.12,0.0
1459607215880,9.12,7.240000000000001e-07
1459607215890,9.12,0.0
1459607215900,9.12,3.6200000000000004e-07
1459607215910,9.12,7.240000000000001e-07
1459607215920,9.12,3.6200000000000004e-07
1459607215930,9.12,1.0859999999999999e-06
1459607215940,9.12,7.240000000000001e-07
1459607215950,9.12,7.240000000000001e-07
1459607215960,9.12,7.240000000000001e-07
1459607215970,9.12,1.81e-06
1459607215980,9.12,0.0
1459607215990,9.12,7.240000000000001e-07
1459607216000,9.12,0.0
1459607216010,9.12,1.0859999999999999e-06
1459607216020,9.12,3.6200000000000004e-07
1459607216030,9.12,0.0
1459607216040,9.12,3.6200000000000004e-07
1459607216050,9.12,3.6200000000000004e-07
1459607216060,9.12,3.6200000000000004e-07
1459607216070,9.12,7.240000000000001e-07
1459607216080,9.12,0.0
1459607216090,9.12,3.6200000000000004e-07
1459607216100,9.12,0.0
1459607216110,9.12,3.6200000000000004e-07
1459607216120,9.12,3.6200000000000004e-07
1459607216130,9.12,1.0859999999999999e-06
1459607216140,9.12,0.0
1459607216150,9.12,7.240000000000001e-07
1459607216160,9.12,0.0
1459607216170,9.12,1.0859999999999999e-06
1459607216180,9.12,0.0
1459607216190,9.12,3.6200000000000004e-07
1459607216200,9.12,3.6200000000000004e-07
1459607216210,9.12,3.6200000000000004e-07
1459607216220,9.12,3.6200000000000004e-07
1459607216230,9.12,0.0
1459607216240,9.12,3.6200000000000004e-07
1459607216250,9.12,0.0
1459607216260,9.12,3.6200000000000004e-07
1459607216270,9.12,3.6200000000000004e-07
1459607216280,9.12,0.0
1459607216290,9.12,3.6200000000000004e-07
1459607216300,9.12,7.240000000000001e-07
1459607216310,9.12,7.240000000000001e-07
1459607216320,9.12,0.0
1459607216330,9.12,0.0
1459607216340,9.12,7.240000000000001e-07
1459607216350,9.12,3.6200000000000004e-07
1459607216360,9.12,0.0
1459607216370,9.12,7.240000000000001e-07
1459607216380,9.12,7.240000000000001e-07
1459607216390,9.12,7.240000000000001e-07
1459607216400,9.12,0.0
1459607216410,9.12,3.6200000000000004e-07
1459607216420,9.12,3.6200000000000004e-07
1459607216430,9.12,0.0
1459607216440,9.12,7.240000000000001e-07
1459607216450,9.12,0.0
1459607216460,9.12,3.6200000000000004e-07
1459607216470,9.12,3.6200000000000004e-07
1459607216480,9.12,7.240000000000001e-07
1459607216490,9.12,0.0
1459607216500,9.12,3.6200000000000004e-07
1459607216510,9.12,3.6200000000000004e-07
1459607216520,9.12,3.6200000000000004e-07
1459607216530,9.12,7.240000000000001e-07
1459607216540,9.12,0.0
1459607216550,9.12,7.240000000000001e-07
1459607216560,9.12,0.0
1459607216570,9.12,1.0859999999999999e-06
1459607216580,9.12,0.0
1459607216590,9.12,3.6200000000000004e-07
1459607216600,9.12,7.240000000000001e-07
1459607216610,9.12,3.6200000000000004e-07
1459607216620,9.12,1.0859999999999999e-06
1459607216630,9.12,3.6200000000000004e-07
1459607216640,9.12,1.0859999999999999e-06
1459607216650,9.12,0.0
1459607216660,9.12,0.0
1459607216670,9.12,0.0
1459607216680,9.12,3.6200000000000004e-07
1459607216690,9.12,7.240000000000001e-07
1459607216700,9.12,7.240000000000001e-07
1459607216710,9.12,0.0
1459607216720,9.12,3.6200000000000004e-07
1459607216730,9.12,7.240000000000001e-07
1459607216740,9.12,3.6200000000000004e-07
1459607216750,9.12,3.6200000000000004e-07
1459607216760,9.12,0.0
1459607216770,9.12,1.0859999999999999e-06
1459607216780,9.12,0.0
1459607216790,9.12,1.0859999999999999e-06
1459607216800,9.12,0.0
1459607216810,9.12,3.6200000000000004e-07
1459607216820,9.12,7.240000000000001e-07
1459607216830,9.12,0.0
1459607216840,9.12,7.240000000000001e-07
1459607216850,9.12,7.240000000000001e-07
1459607216860,9.12,3.6200000000000004e-07
1459607216870,9.12,3.6200000000000004e-07
1459607216880,9.12,0.0
1459607216890,9.12,0.0
1459607216900,9.12,1.0859999999999999e-06
1459607216910,9.12,0.0
1459607216920,9.12,0.0
1459607216930,9.12,7.240000000000001e-07
1459607216940,9.12,0.0
1459607216950,9.12,1.81e-06
1459607216960,9.12,0.0
1459607216970,9.12,7.240000000000001e-07
1459607216980,9.12,0.0
1459607216990,9.12,3.6200000000000004e-07
1459607217000,9.12,3.6200000000000004e-07
1459607217010,9.12,7.240000000000001e-07
1459607217020,9.12,7.240000000000001e-07
1459607217030,9.12,3.6200000000000004e-07
1459607217040,9.12,1.0859999999999999e-06
1459607217050,9.12,3.6200000000000004e-07
1459607217060,9.12,7.240000000000001e-07
1459607217070,9.12,0.0
1459607217080,9.12,0.0
1459607217090,9.12,3.6200000000000004e-07
1459607217100,9.12,1.4480000000000002e-06
1459607217110,9.12,7.240000000000001e-07
1459607217120,9.12,0.0
1459607217130,9.12,3.6200000000000004e-07
1459607217140,9.12,0.0
1459607217150,9.12,1.4480000000000002e-06
1459607217160,9.12,0.0
1459607217170,9.12,7.240000000000001e-07
1459607217180,9.12,3.6200000000000004e-07
1459607217190,9.12,3.6200000000000004e-07
1459607217200,9.12,3.6200000000000004e-07
1459607217210,9.12,7.240000000000001e-07
1459607217220,9.12,0.0
1459607217230,9.12,7.240000000000001e-07
1459607217240,9.12,3.6200000000000004e-07
1459607217250,9.12,3.6200000000000004e-07
1459607217260,9.12,7.240000000000001e-07
1459607217270,9.12,0.0
1459607217280,9.12,3.6200000000000004e-07
1459607217290,9.12,3.6200000000000004e-07
1459607217300,9.12,0.0
1459607217310,9.12,3.6200000000000004e-07
1459607217320,9.12,3.6200000000000004e-07
1459607217330,9.12,3.6200000000000004e-07
1459607217340,9.12,3.6200000000000004e-07
1459607217350,9.12,3.6200000000000004e-07
1459607217360,9.12,3.6200000000000004e-07
1459607217370,9.12,3.6200000000000004e-07
1459607217380,9.12,0.0
1459607217390,9.12,1.4480000000000002e-06
1459607217400,9.12,0.0
1459607217410,9.12,7.240000000000001e-07
1459607217420,9.12,0.0
1459607217430,9.12,0.0
1459607217440,9.12,1.0859999999999999e-06
1459607217450,9.12,0.0
1459607217460,9.12,3.6200000000000004e-07
1459607217470,9.12,0.0
1459607217480,9.12,3.6200000000000004e-07
1459607217490,9.12,0.0
1459607217500,9.12,7.240000000000001e-07
1459607217510,9.12,7.240000000000001e-07
1459607217520,9.12,0.0
1459607217530,9.12,7.240000000000001e-07
1459607217540,9.12,3.6200000000000004e-07
1459607217550,9.12,1.4480000000000002e-06
1459607217560,9.12,1.0859999999999999e-06
1459607217570,9.12,0.0
1459607217580,9.12,7.240000000000001e-07
1459607217590,9.12,7.240000000000001e-07
1459607217600,9.12,7.240000000000001e-07
1459607217610,9.12,1.0859999999999999e-06
1459607217620,9.12,0.0
1459607217630,9.12,3.6200000000000004e-07
1459607217640,9.12,1.0859999999999999e-06
1459607217650,9.12,0.0
1459607217660,9.12,7.240000000000001e-07
1459607217670,9.12,3.6200000000000004e-07
1459607217680,9.12,7.240000000000001e-07
1459607217690,9.12,7.240000000000001e-07
1459607217700,9.12,0.0
1459607217710,9.12,7.240000000000001e-07
1459607217720,9.12,3.6200000000000004e-07
1459607217730,9.12,0.0
1459607217740,9.12,3.6200000000000004e-07
1459607217750,9.12,0.0
1459607217760,9.12,3.6200000000000004e-07
1459607217770,9.12,3.6200000000000004e-07
1459607217780,9.12,7.240000000000001e-07
1459607217790,9.12,7.240000000000001e-07
1459607217800,9.12,0.0
1459607217810,9.12,7.240000000000001e-07
1459607217820,9.12,0.0
1459607217830,9.12,1.0859999999999999e-06
1459607217840,9.12,1.0859999999999999e-06
1459607217850,9.12,0.0
1459607217860,9.12,7.240000000000001e-07
1459607217870,9.12,0.0
1459607217880,9.12,3.6200000000000004e-07
1459607217890,9.12,0.0
1459607217900,9.12,3.6200000000000004e-07
1459607217910,9.12,3.6200000000000004e-07
1459607217920,9.12,3.6200000000000004e-07
1459607217930,9.12,0.0
1459607217940,9.12,3.6200000000000004e-07
1459607217950,9.12,0.0
1459607217960,9.12,3.6200000000000004e-07
1459607217970,9.12,3.6200000000000004e-07
1459607217980,9.12,7.240000000000001e-07
1459607217990,9.12,3.6200000000000004e-07
1459607218000,9.12,3.6200000000000004e-07
1459607218010,9.12,3.6200000000000004e-07
1459607218020,9.12,3.6200000000000004e-07
1459607218030,9.12,0.0
1459607218040,9.12,3.6200000000000004e-07
1459607218050,9.12,0.0
1459607218060,9.12,7.240000000000001e-07
1459607218070,9.12,3.6200000000000004e-07
1459607218080,9.12,0.0
1459607218090,9.12,3.6200000000000004e-07
1459607218100,9.12,3.6200000000000004e-07
1459607218110,9.12,3.6200000000000004e-07
1459607218120,9.12,0.0
1459607218130,9.12,3.6200000000000004e-07
1459607218140,9.12,7.240000000000001e-07
1459607218150,9.12,7.240000000000001e-07
1459607218160,9.12,0.0
1459607218170,9.12,3.6200000000000004e-07
1459607218180,9.12,3.6200000000000004e-07
1459607218190,9.12,7.240000000000001e-07
1459607218200,9.12,3.6200000000000004e-07
1459607218210,9.12,0.0
1459607218220,9.12,3.6200000000000004e-07
1459607218230,9.12,3.6200000000000004e-07
1459607218240,9.12,3.6200000000000004e-07
1459607218250,9.12,7.240000000000001e-07
1459607218260,9.12,3.6200000000000004e-07
1459607218270,9.12,0.0
1459607218280,9.12,7.240000000000001e-07
1459607218290,9.12,0.0
1459607218300,9.12,7.240000000000001e-07
1459607218310,9.12,0.0
1459607218320,9.12,3.6200000000000004e-07
1459607218330,9.12,0.0
1459607218340,9.12,3.6200000000000004e-07
1459607218350,9.12,0.0
1459607218360,9.12,3.6200000000000004e-07
1459607218370,9.12,7.240000000000001e-07
1459607218380,9.12,3.6200000000000004e-07
1459607218390,9.12,3.6200000000000004e-07
1459607218400,9.12,0.0
1459607218410,9.12,1.4480000000000002e-06
1459607218420,9.12,0.0
1459607218430,9.12,0.0
1459607218440,9.12,1.0859999999999999e-06
1459607218450,9.12,0.0
1459607218460,9.12,7.240000000000001e-07
1459607218470,9.12,3.6200000000000004e-07
1459607218480,9.12,3.6200000000000004e-07
1459607218490,9.12,0.0
1459607218500,9.12,7.240000000000001e-07
1459607218510,9.12,7.240000000000001e-07
1459607218520,9.12,3.6200000000000004e-07
1459607218530,9.12,3.6200000000000004e-07
1459607218540,9.12,7.240000000000001e-07
1459607218550,9.12,1.0859999999999999e-06
1459607218560,9.12,3.6200000000000004e-07
1459607218570,9.12,1.0859999999999999e-06
1459607218580,9.12,3.6200000000000004e-07
1459607218590,9.12,1.4480000000000002e-06
1459607218600,9.12,3.6200000000000004e-07
1459607218610,9.12,1.0859999999999999e-06
1459607218620,9.12,0.0
1459607218630,9.12,3.6200000000000004e-07
1459607218640,9.12,1.0859999999999999e-06
1459607218650,9.12,3.6200000000000004e-07
1459607218660,9.12,7.240000000000001e-07
1459607218670,9.12,0.0
1459607218680,9.12,3.6200000000000004e-07
1459607218690,9.12,7.240000000000001e-07
1459607218700,9.12,3.6200000000000004e-07
1459607218710,9.12,3.6200000000000004e-07
1459607218720,9.12,7.240000000000001e-07
1459607218730,9.12,3.6200000000000004e-07
1459607218740,9.12,7.240000000000001e-07
1459607218750,9.12,7.240000000000001e-07
1459607218760,9.12,0.0
1459607218770,9.12,1.81e-06
1459607218780,9.12,1.0859999999999999e-06
1459607218790,9.12,0.0
1459607218800,9.12,0.0
1459607218810,9.12,3.6200000000000004e-07
1459607218820,9.12,7.240000000000001e-07
1459607218830,9.12,0.0
1459607218840,9.12,1.0859999999999999e-06
1459607218850,9.12,0.0
1459607218860,9.12,1.0859999999999999e-06
1459607218870,9.12,0.0
1459607218880,9.12,0.0
1459607218890,9.12,0.0
1459607218900,9.12,7.240000000000001e-07
1459607218910,9.12,3.6200000000000004e-07
1459607218920,9.12,7.240000000000001e-07
1459607218930,9.12,3.6200000000000004e-07
1459607218940,9.12,0.0
1459607218950,9.12,7.240000000000001e-07
1459607218960,9.12,3.6200000000000004e-07
1459607218970,9.12,3.6200000000000004e-07
1459607218980,9.12,0.0
1459607218990,9.12,1.0859999999999999e-06
1459607219000,9.12,3.6200000000000004e-07
1459607219010,9.12,0.0
1459607219020,9.12,3.6200000000000004e-07
1459607219030,9.12,3.6200000000000004e-07
1459607219040,9.12,1.0859999999999999e-06
1459607219050,9.12,3.6200000000000004e-07
1459607219060,9.12,1.4480000000000002e-06
1459607219070,9.12,0.0
1459607219080,9.12,7.240000000000001e-07
1459607219090,9.12,0.0
1459607219100,9.12,7.240000000000001e-07
1459607219110,9.12,0.0
1459607219120,9.12,7.240000000000001e-07
1459607219130,9.12,0.0
1459607219140,9.12,1.0859999999999999e-06
1459607219150,9.12,7.240000000000001e-07
1459607219160,9.12,3.6200000000000004e-07
1459607219170,9.12,7.240000000000001e-07
1459607219180,9.12,3.6200000000000004e-07
1459607219190,9.12,1.4480000000000002e-06
1459607219200,9.12,0.0
1459607219210,9.12,7.240000000000001e-07
1459607219220,9.12,3.6200000000000004e-07
1459607219230,9.12,0.0
1459607219240,9.12,7.240000000000001e-07
1459607219250,9.12,3.6200000000000004e-07
1459607219260,9.12,7.240000000000001e-07
1459607219270,9.12,3.6200000000000004e-07
1459607219280,9.12,3.6200000000000004e-07
1459607219290,9.12,3.6200000000000004e-07
1459607219300,9.12,1.0859999999999999e-06
1459607219310,9.12,0.0
1459607219320,9.12,3.6200000000000004e-07
1459607219330,9.12,0.0
1459607219340,9.12,7.240000000000001e-07
1459607219350,9.12,0.0
1459607219360,9.12,7.240000000000001e-07
1459607219370,9.12,3.6200000000000004e-07
1459607219380,9.12,3.6200000000000004e-07
1459607219390,9.12,7.240000000000001e-07
1459607219400,9.12,7.240000000000001e-07
1459607219410,9.12,7.240000000000001e-07
1459607219420,9.12,7.240000000000001e-07
1459607219430,9.12,3.6200000000000004e-07
1459607219440,9.12,1.0859999999999999e-06
1459607219450,9.12,0.0
1459607219460,9.12,3.6200000000000004e-07
1459607219470,9.12,0.0
1459607219480,9.12,7.240000000000001e-07
1459607219490,9.12,0.0
1459607219500,9.12,3.6200000000000004e-07
1459607219510,9.12,0.0
1459607219520,9.12,1.0859999999999999e-06
1459607219530,9.12,0.0
1459607219540,9.12,7.240000000000001e-07
