Timestamp,position,BLMTI.07R3.B1I10_TCLA.7R3.B1
1459601211090,-9.015,7.240000000000001e-07
1459601211100,-9.015,0.0
1459601211110,-9.015,3.6200000000000004e-07
1459601211120,-9.015,3.6200000000000004e-07
1459601211130,-9.015,0.0
1459601211140,-9.015,7.240000000000001e-07
1459601211150,-9.015,0.0
1459601211160,-9.015,0.0
1459601211170,-9.015,3.6200000000000004e-07
1459601211180,-9.015,3.6200000000000004e-07
1459601211190,-9.015,1.0859999999999999e-06
1459601211200,-9.015,0.0
1459601211210,-9.015,3.6200000000000004e-07
1459601211220,-9.015,7.240000000000001e-07
1459601211230,-9.015,0.0
1459601211240,-9.015,7.240000000000001e-07
1459601211250,-9.015,0.0
1459601211260,-9.015,6.154e-06
1459601211270,-9.015,0.0
1459601211280,-9.015,0.0
1459601211290,-9.015,0.0
1459601211300,-9.015,0.0
1459601211310,-9.015,0.0
1459601211320,-9.015,0.0
1459601211330,-9.015,0.0
1459601211340,-9.015,0.0
1459601211350,-9.015,0.0
1459601211360,-9.015,0.0
1459601211370,-9.015,0.0
1459601211380,-9.015,0.0
1459601211390,-9.015,0.0
1459601211400,-9.015,0.0
1459601211410,-9.015,0.0
1459601211420,-9.015,4.706e-06
1459601211430,-9.015,0.0
1459601211440,-9.015,0.0
1459601211450,-9.015,0.0
1459601211460,-9.015,0.0
1459601211470,-9.015,0.0
1459601211480,-9.015,0.0
1459601211490,-9.015,0.0
1459601211500,-9.015,0.0
1459601211510,-9.015,0.0
1459601211520,-9.015,0.0
1459601211530,-9.015,0.0
1459601211540,-9.015,0.0
1459601211550,-9.015,0.0
1459601211560,-9.015,0.0
1459601211570,-9.015,0.0
1459601211580,-9.015,0.0
1459601211590,-9.015,0.0
1459601211600,-9.015,7.240000000000001e-07
1459601211610,-9.015,0.0
1459601211620,-9.015,3.6200000000000004e-07
1459601211630,-9.015,3.6200000000000004e-07
1459601211640,-9.015,1.4480000000000002e-06
1459601211650,-9.015,3.6200000000000004e-07
1459601211660,-9.015,0.0
1459601211670,-9.015,3.6200000000000004e-07
1459601211680,-9.015,3.6200000000000004e-07
1459601211690,-9.015,0.0
1459601211700,-9.015,1.0859999999999999e-06
1459601211710,-9.015,0.0
1459601211720,-9.015,0.0
1459601211730,-9.015,3.6200000000000004e-07
1459601211740,-9.015,3.6200000000000004e-07
1459601211750,-9.015,0.0
1459601211760,-9.015,1.0859999999999999e-06
1459601211770,-9.015,0.0
1459601211780,-9.015,3.6200000000000004e-07
1459601211790,-9.015,0.0
1459601211800,-9.015,7.240000000000001e-07
1459601211810,-9.015,0.0
1459601211820,-9.015,3.6200000000000004e-07
1459601211830,-9.015,0.0
1459601211840,-9.015,1.0859999999999999e-06
1459601211850,-9.015,0.0
1459601211860,-9.015,0.0
1459601211870,-9.015,7.240000000000001e-07
1459601211880,-9.015,1.0859999999999999e-06
1459601211890,-9.015,0.0
1459601211900,-9.015,0.0
1459601211910,-9.015,0.0
1459601211920,-9.015,1.4480000000000002e-06
1459601211930,-9.015,0.0
1459601211940,-9.015,0.0
1459601211950,-9.015,3.6200000000000004e-07
1459601211960,-9.015,3.6200000000000004e-07
1459601211970,-9.015,0.0
1459601211980,-9.015,1.81e-06
1459601211990,-9.015,0.0
1459601212000,-9.015,3.6200000000000004e-07
1459601212010,-9.015,0.0
1459601212020,-9.015,3.6200000000000004e-07
1459601212030,-9.015,0.0
1459601212040,-9.015,7.240000000000001e-07
1459601212050,-9.015,0.0
1459601212060,-9.015,0.0
1459601212070,-9.015,3.6200000000000004e-07
1459601212080,-9.015,7.240000000000001e-07
1459601212090,-9.015,3.6200000000000004e-07
1459601212100,-9.015,0.0
1459601212110,-9.015,7.240000000000001e-07
1459601212120,-9.015,1.0859999999999999e-06
1459601212130,-9.015,7.240000000000001e-07
1459601212140,-9.015,0.0
1459601212150,-9.015,3.6200000000000004e-07
1459601212160,-9.015,7.240000000000001e-07
1459601212170,-9.015,0.0
1459601212180,-9.015,3.6200000000000004e-07
1459601212190,-9.015,0.0
1459601212200,-9.015,1.0859999999999999e-06
1459601212210,-9.015,3.6200000000000004e-07
1459601212220,-9.015,3.6200000000000004e-07
1459601212230,-9.015,0.0
1459601212240,-9.015,1.0859999999999999e-06
1459601212250,-9.015,7.240000000000001e-07
1459601212260,-9.015,3.258e-06
1459601212270,-9.015,0.0
1459601212280,-9.015,0.0
1459601212290,-9.015,0.0
1459601212300,-9.015,0.0
1459601212310,-9.015,0.0
1459601212320,-9.015,0.0
1459601212330,-9.015,0.0
1459601212340,-9.015,0.0
1459601212350,-9.015,0.0
1459601212360,-9.015,0.0
1459601212370,-9.015,0.0
1459601212380,-9.015,3.6200000000000004e-07
1459601212390,-9.015,0.0
1459601212400,-9.015,7.240000000000001e-07
1459601212410,-9.015,0.0
1459601212420,-9.015,5.0680000000000004e-06
1459601212430,-9.015,0.0
1459601212440,-9.015,0.0
1459601212450,-9.015,0.0
1459601212460,-9.015,0.0
1459601212470,-9.015,0.0
1459601212480,-9.015,0.0
1459601212490,-9.015,0.0
1459601212500,-9.015,0.0
1459601212510,-9.015,0.0
1459601212520,-9.015,0.0
1459601212530,-9.015,0.0
1459601212540,-9.015,0.0
1459601212550,-9.015,0.0
1459601212560,-9.015,0.0
1459601212570,-9.015,0.0
1459601212580,-9.015,3.6200000000000004e-07
1459601212590,-9.015,3.6200000000000004e-07
1459601212600,-9.015,0.0
1459601212610,-9.015,3.6200000000000004e-07
1459601212620,-9.015,7.240000000000001e-07
1459601212630,-9.015,0.0
1459601212640,-9.015,1.0859999999999999e-06
1459601212650,-9.015,0.0
1459601212660,-9.015,3.6200000000000004e-07
1459601212670,-9.015,3.6200000000000004e-07
1459601212680,-9.015,0.0
1459601212690,-9.015,1.4480000000000002e-06
1459601212700,-9.015,0.0
1459601212710,-9.015,0.0
1459601212720,-9.015,3.6200000000000004e-07
1459601212730,-9.015,0.0
1459601212740,-9.015,7.240000000000001e-07
1459601212750,-9.015,3.6200000000000004e-07
1459601212760,-9.015,3.6200000000000004e-07
1459601212770,-9.015,0.0
1459601212780,-9.015,3.6200000000000004e-07
1459601212790,-9.015,3.6200000000000004e-07
1459601212800,-9.015,3.6200000000000004e-07
1459601212810,-9.015,3.6200000000000004e-07
1459601212820,-9.015,7.240000000000001e-07
1459601212830,-9.015,0.0
1459601212840,-9.015,7.240000000000001e-07
1459601212850,-9.015,0.0
1459601212860,-9.015,7.240000000000001e-07
1459601212870,-9.015,0.0
1459601212880,-9.015,1.0859999999999999e-06
1459601212890,-9.015,3.6200000000000004e-07
1459601212900,-9.015,3.6200000000000004e-07
1459601212910,-9.015,0.0
1459601212920,-9.015,3.6200000000000004e-07
1459601212930,-9.015,0.0
1459601212940,-9.015,7.240000000000001e-07
1459601212950,-9.015,0.0
1459601212960,-9.015,3.6200000000000004e-07
1459601212970,-9.015,3.6200000000000004e-07
1459601212980,-9.015,3.6200000000000004e-07
1459601212990,-9.015,1.0859999999999999e-06
1459601213000,-9.015,0.0
1459601213010,-9.015,0.0
1459601213020,-9.015,1.0859999999999999e-06
1459601213030,-9.015,0.0
1459601213040,-9.015,3.6200000000000004e-07
1459601213050,-9.015,0.0
1459601213060,-9.015,7.240000000000001e-07
1459601213070,-9.015,0.0
1459601213080,-9.015,1.4480000000000002e-06
1459601213090,-9.015,0.0
1459601213100,-9.015,0.0
1459601213110,-9.015,7.240000000000001e-07
1459601213120,-9.015,0.0
1459601213130,-9.015,0.0
1459601213140,-9.015,0.0
1459601213150,-9.015,7.240000000000001e-07
1459601213160,-9.015,0.0
1459601213170,-9.015,3.6200000000000004e-07
1459601213180,-9.015,7.240000000000001e-07
1459601213190,-9.015,0.0
1459601213200,-9.015,7.240000000000001e-07
1459601213210,-9.015,3.6200000000000004e-07
1459601213220,-9.015,3.6200000000000004e-07
1459601213230,-9.015,0.0
1459601213240,-9.015,0.0
1459601213250,-9.015,2.5340000000000002e-06
1459601213260,-9.015,5.792000000000001e-06
1459601213270,-9.015,0.0
1459601213280,-9.015,0.0
1459601213290,-9.015,0.0
1459601213300,-9.015,0.0
1459601213310,-9.015,0.0
1459601213320,-9.015,0.0
1459601213330,-9.015,0.0
1459601213340,-9.015,0.0
1459601213350,-9.015,0.0
1459601213360,-9.015,0.0
1459601213370,-9.015,0.0
1459601213380,-9.015,0.0
1459601213390,-9.015,0.0
1459601213400,-9.015,0.0
1459601213410,-9.015,0.0
1459601213420,-9.015,4.706e-06
1459601213430,-9.015,0.0
1459601213440,-9.015,0.0
1459601213450,-9.015,0.0
1459601213460,-9.015,0.0
1459601213470,-9.015,0.0
1459601213480,-9.015,0.0
1459601213490,-9.015,0.0
1459601213500,-9.015,0.0
1459601213510,-9.015,0.0
1459601213520,-9.015,0.0
1459601213530,-9.015,0.0
1459601213540,-9.015,0.0
1459601213550,-9.015,0.0
1459601213560,-9.015,3.6200000000000004e-07
1459601213570,-9.015,7.240000000000001e-07
1459601213580,-9.015,0.0
1459601213590,-9.015,3.6200000000000004e-07
1459601213600,-9.015,7.240000000000001e-07
1459601213610,-9.015,0.0
1459601213620,-9.015,1.0859999999999999e-06
1459601213630,-9.015,0.0
1459601213640,-9.015,3.6200000000000004e-07
1459601213650,-9.015,0.0
1459601213660,-9.015,3.6200000000000004e-07
1459601213670,-9.015,3.6200000000000004e-07
1459601213680,-9.015,7.240000000000001e-07
1459601213690,-9.015,3.6200000000000004e-07
1459601213700,-9.015,0.0
1459601213710,-9.015,3.6200000000000004e-07
1459601213720,-9.015,3.6200000000000004e-07
1459601213730,-9.015,7.240000000000001e-07
1459601213740,-9.015,0.0
1459601213750,-9.015,0.0
1459601213760,-9.015,7.240000000000001e-07
1459601213770,-9.015,0.0
1459601213780,-9.015,1.0859999999999999e-06
1459601213790,-9.015,0.0
1459601213800,-9.015,3.6200000000000004e-07
1459601213810,-9.015,7.240000000000001e-07
1459601213820,-9.015,1.0859999999999999e-06
1459601213830,-9.015,0.0
1459601213840,-9.015,7.240000000000001e-07
1459601213850,-9.015,0.0
1459601213860,-9.015,1.0859999999999999e-06
1459601213870,-9.015,0.0
1459601213880,-9.015,3.6200000000000004e-07
1459601213890,-9.015,0.0
1459601213900,-9.015,1.4480000000000002e-06
1459601213910,-9.015,0.0
1459601213920,-9.015,0.0
1459601213930,-9.015,3.6200000000000004e-07
1459601213940,-9.015,3.6200000000000004e-07
1459601213950,-9.015,0.0
1459601213960,-9.015,1.0859999999999999e-06
1459601213970,-9.015,0.0
1459601213980,-9.015,3.6200000000000004e-07
1459601213990,-9.015,0.0
1459601214000,-9.015,3.6200000000000004e-07
1459601214010,-9.015,1.4480000000000002e-06
1459601214020,-9.015,0.0
1459601214030,-9.015,0.0
1459601214040,-9.015,7.240000000000001e-07
1459601214050,-9.015,0.0
1459601214060,-9.015,0.0
1459601214070,-9.015,0.0
1459601214080,-9.015,1.0859999999999999e-06
1459601214090,-9.015,3.6200000000000004e-07
1459601214100,-9.015,3.6200000000000004e-07
1459601214110,-9.015,0.0
1459601214120,-9.015,7.240000000000001e-07
1459601214130,-9.015,3.6200000000000004e-07
1459601214140,-9.015,0.0
1459601214150,-9.015,0.0
1459601214160,-9.015,3.6200000000000004e-07
1459601214170,-9.015,1.0859999999999999e-06
1459601214180,-9.015,0.0
1459601214190,-9.015,7.240000000000001e-07
1459601214200,-9.015,3.6200000000000004e-07
1459601214210,-9.015,0.0
1459601214220,-9.015,3.6200000000000004e-07
1459601214230,-9.015,1.0859999999999999e-06
1459601214240,-9.015,3.6200000000000004e-07
1459601214250,-9.015,1.0859999999999999e-06
1459601214260,-9.015,5.43e-06
1459601214270,-9.015,0.0
1459601214280,-9.015,0.0
1459601214290,-9.015,0.0
1459601214300,-9.015,0.0
1459601214310,-9.015,0.0
1459601214320,-9.015,0.0
1459601214330,-9.015,0.0
1459601214340,-9.015,0.0
1459601214350,-9.015,0.0
1459601214360,-9.015,0.0
1459601214370,-9.015,0.0
1459601214380,-9.015,0.0
1459601214390,-9.015,0.0
1459601214400,-9.015,0.0
1459601214410,-9.015,2.5340000000000002e-06
1459601214420,-9.015,3.982e-06
1459601214430,-9.015,0.0
1459601214440,-9.015,0.0
1459601214450,-9.015,0.0
1459601214460,-9.015,0.0
1459601214470,-9.015,0.0
1459601214480,-9.015,0.0
1459601214490,-9.015,0.0
1459601214500,-9.015,0.0
1459601214510,-9.015,0.0
1459601214520,-9.015,0.0
1459601214530,-9.015,0.0
1459601214540,-9.015,0.0
1459601214550,-9.015,0.0
1459601214560,-9.015,0.0
1459601214570,-9.015,0.0
1459601214580,-9.015,3.6200000000000004e-07
1459601214590,-9.015,3.6200000000000004e-07
1459601214600,-9.015,3.6200000000000004e-07
1459601214610,-9.015,3.6200000000000004e-07
1459601214620,-9.015,0.0
1459601214630,-9.015,7.240000000000001e-07
1459601214640,-9.015,7.240000000000001e-07
1459601214650,-9.015,0.0
1459601214660,-9.015,7.240000000000001e-07
1459601214670,-9.015,3.6200000000000004e-07
1459601214680,-9.015,7.240000000000001e-07
1459601214690,-9.015,0.0
1459601214700,-9.015,7.240000000000001e-07
1459601214710,-9.015,0.0
1459601214720,-9.015,3.6200000000000004e-07
1459601214730,-9.015,0.0
1459601214740,-9.015,0.0
1459601214750,-9.015,1.0859999999999999e-06
1459601214760,-9.015,0.0
1459601214770,-9.015,3.6200000000000004e-07
1459601214780,-9.015,7.240000000000001e-07
1459601214790,-9.015,1.4480000000000002e-06
1459601214800,-9.015,7.240000000000001e-07
1459601214810,-9.015,3.6200000000000004e-07
1459601214820,-9.015,3.6200000000000004e-07
1459601214830,-9.015,0.0
1459601214840,-9.015,0.0
1459601214850,-9.015,3.6200000000000004e-07
1459601214860,-9.015,7.240000000000001e-07
1459601214870,-9.015,3.6200000000000004e-07
1459601214880,-9.015,3.6200000000000004e-07
1459601214890,-9.015,0.0
1459601214900,-9.015,7.240000000000001e-07
1459601214910,-9.015,3.6200000000000004e-07
1459601214920,-9.015,7.240000000000001e-07
1459601214930,-9.015,7.240000000000001e-07
1459601214940,-9.015,7.240000000000001e-07
1459601214950,-9.015,0.0
1459601214960,-9.015,7.240000000000001e-07
1459601214970,-9.015,0.0
1459601214980,-9.015,1.0859999999999999e-06
1459601214990,-9.015,0.0
1459601215000,-9.015,0.0
1459601215010,-9.015,3.6200000000000004e-07
1459601215020,-9.015,3.6200000000000004e-07
1459601215030,-9.015,3.6200000000000004e-07
1459601215040,-9.015,0.0
1459601215050,-9.015,3.6200000000000004e-07
1459601215060,-9.015,0.0
1459601215070,-9.015,3.6200000000000004e-07
1459601215080,-9.015,3.6200000000000004e-07
1459601215090,-9.015,3.6200000000000004e-07
1459601215100,-9.015,1.0859999999999999e-06
1459601215110,-9.015,0.0
1459601215120,-9.015,7.240000000000001e-07
1459601215130,-9.015,3.6200000000000004e-07
1459601215140,-9.015,0.0
1459601215150,-9.015,7.240000000000001e-07
1459601215160,-9.015,3.6200000000000004e-07
1459601215170,-9.015,0.0
1459601215180,-9.015,7.240000000000001e-07
1459601215190,-9.015,0.0
1459601215200,-9.015,3.6200000000000004e-07
1459601215210,-9.015,0.0
1459601215220,-9.015,0.0
1459601215230,-9.015,7.240000000000001e-07
1459601215240,-9.015,7.240000000000001e-07
1459601215250,-9.015,2.8960000000000003e-06
1459601215260,-9.015,3.258e-06
1459601215270,-9.015,0.0
1459601215280,-9.015,0.0
1459601215290,-9.015,0.0
1459601215300,-9.015,0.0
1459601215310,-9.015,0.0
1459601215320,-9.015,0.0
1459601215330,-9.015,0.0
1459601215340,-9.015,0.0
1459601215350,-9.015,0.0
1459601215360,-9.015,0.0
1459601215370,-9.015,0.0
1459601215380,-9.015,0.0
1459601215390,-9.015,0.0
1459601215400,-9.015,0.0
1459601215410,-9.015,3.982e-06
1459601215420,-9.015,1.0859999999999999e-06
1459601215430,-9.015,0.0
1459601215440,-9.015,0.0
1459601215450,-9.015,0.0
1459601215460,-9.015,0.0
1459601215470,-9.015,0.0
1459601215480,-9.015,0.0
1459601215490,-9.015,0.0
1459601215500,-9.015,0.0
1459601215510,-9.015,0.0
1459601215520,-9.015,0.0
1459601215530,-9.015,0.0
1459601215540,-9.015,0.0
1459601215550,-9.015,0.0
1459601215560,-9.015,0.0
1459601215570,-9.015,3.6200000000000004e-07
1459601215580,-9.015,7.240000000000001e-07
1459601215590,-9.015,0.0
1459601215600,-9.015,3.6200000000000004e-07
1459601215610,-9.015,3.6200000000000004e-07
1459601215620,-9.015,3.6200000000000004e-07
1459601215630,-9.015,0.0
1459601215640,-9.015,7.240000000000001e-07
1459601215650,-9.015,0.0
1459601215660,-9.015,7.240000000000001e-07
1459601215670,-9.015,0.0
1459601215680,-9.015,0.0
1459601215690,-9.015,1.4480000000000002e-06
1459601215700,-9.015,0.0
1459601215710,-9.015,0.0
1459601215720,-9.015,0.0
1459601215730,-9.015,7.240000000000001e-07
1459601215740,-9.015,7.240000000000001e-07
1459601215750,-9.015,0.0
1459601215760,-9.015,1.0859999999999999e-06
1459601215770,-9.015,0.0
1459601215780,-9.015,0.0
1459601215790,-9.015,0.0
1459601215800,-9.015,7.240000000000001e-07
1459601215810,-9.015,7.240000000000001e-07
1459601215820,-9.015,0.0
1459601215830,-9.015,0.0
1459601215840,-9.015,7.240000000000001e-07
1459601215850,-9.015,3.6200000000000004e-07
1459601215860,-9.015,3.6200000000000004e-07
1459601215870,-9.015,7.240000000000001e-07
1459601215880,-9.015,7.240000000000001e-07
1459601215890,-9.015,3.6200000000000004e-07
1459601215900,-9.015,7.240000000000001e-07
1459601215910,-9.015,0.0
1459601215920,-9.015,3.6200000000000004e-07
1459601215930,-9.015,7.240000000000001e-07
1459601215940,-9.015,0.0
1459601215950,-9.015,0.0
1459601215960,-9.015,7.240000000000001e-07
1459601215970,-9.015,7.240000000000001e-07
1459601215980,-9.015,0.0
1459601215990,-9.015,1.0859999999999999e-06
1459601216000,-9.015,7.240000000000001e-07
1459601216010,-9.015,0.0
1459601216020,-9.015,3.6200000000000004e-07
1459601216030,-9.015,7.240000000000001e-07
1459601216040,-9.015,0.0
1459601216050,-9.015,3.6200000000000004e-07
1459601216060,-9.015,3.6200000000000004e-07
1459601216070,-9.015,0.0
1459601216080,-9.015,1.0859999999999999e-06
1459601216090,-9.015,0.0
1459601216100,-9.015,3.6200000000000004e-07
1459601216110,-9.015,3.6200000000000004e-07
1459601216120,-9.015,0.0
1459601216130,-9.015,7.240000000000001e-07
1459601216140,-9.015,0.0
1459601216150,-9.015,3.6200000000000004e-07
1459601216160,-9.015,3.6200000000000004e-07
1459601216170,-9.015,3.6200000000000004e-07
1459601216180,-9.015,0.0
1459601216190,-9.015,1.0859999999999999e-06
1459601216200,-9.015,7.240000000000001e-07
1459601216210,-9.015,3.6200000000000004e-07
1459601216220,-9.015,7.240000000000001e-07
1459601216230,-9.015,1.4480000000000002e-06
1459601216240,-9.015,0.0
1459601216250,-9.015,5.792000000000001e-06
1459601216260,-9.015,4.343999999999999e-06
1459601216270,-9.015,0.0
1459601216280,-9.015,0.0
1459601216290,-9.015,0.0
1459601216300,-9.015,0.0
1459601216310,-9.015,0.0
1459601216320,-9.015,0.0
1459601216330,-9.015,0.0
1459601216340,-9.015,0.0
1459601216350,-9.015,0.0
1459601216360,-9.015,0.0
1459601216370,-9.015,0.0
1459601216380,-9.015,0.0
1459601216390,-9.015,0.0
1459601216400,-9.015,0.0
1459601216410,-9.015,2.1719999999999997e-06
1459601216420,-9.015,3.258e-06
1459601216430,-9.015,0.0
1459601216440,-9.015,0.0
1459601216450,-9.015,0.0
1459601216460,-9.015,0.0
1459601216470,-9.015,0.0
1459601216480,-9.015,0.0
1459601216490,-9.015,0.0
1459601216500,-9.015,0.0
1459601216510,-9.015,0.0
1459601216520,-9.015,0.0
1459601216530,-9.015,0.0
1459601216540,-9.015,0.0
1459601216550,-9.015,0.0
1459601216560,-9.015,0.0
1459601216570,-9.015,0.0
1459601216580,-9.015,0.0
1459601216590,-9.015,0.0
1459601216600,-9.015,0.0
1459601216610,-9.015,1.4480000000000002e-06
1459601216620,-9.015,0.0
1459601216630,-9.015,1.0859999999999999e-06
1459601216640,-9.015,0.0
1459601216650,-9.015,7.240000000000001e-07
1459601216660,-9.015,0.0
1459601216670,-9.015,3.6200000000000004e-07
1459601216680,-9.015,0.0
1459601216690,-9.015,0.0
1459601216700,-9.015,3.6200000000000004e-07
1459601216710,-9.015,1.0859999999999999e-06
1459601216720,-9.015,0.0
1459601216730,-9.015,7.240000000000001e-07
1459601216740,-9.015,0.0
1459601216750,-9.015,3.6200000000000004e-07
1459601216760,-9.015,0.0
1459601216770,-9.015,0.0
1459601216780,-9.015,0.0
1459601216790,-9.015,1.81e-06
1459601216800,-9.015,0.0
1459601216810,-9.015,0.0
1459601216820,-9.015,0.0
1459601216830,-9.015,1.0859999999999999e-06
1459601216840,-9.015,0.0
1459601216850,-9.015,1.0859999999999999e-06
1459601216860,-9.015,0.0
1459601216870,-9.015,0.0
1459601216880,-9.015,0.0
1459601216890,-9.015,1.4480000000000002e-06
1459601216900,-9.015,0.0
1459601216910,-9.015,7.240000000000001e-07
1459601216920,-9.015,0.0
1459601216930,-9.015,0.0
1459601216940,-9.015,0.0
1459601216950,-9.015,1.0859999999999999e-06
1459601216960,-9.015,3.6200000000000004e-07
1459601216970,-9.015,1.4480000000000002e-06
1459601216980,-9.015,0.0
1459601216990,-9.015,7.240000000000001e-07
1459601217000,-9.015,0.0
1459601217010,-9.015,3.6200000000000004e-07
1459601217020,-9.015,0.0
1459601217030,-9.015,1.0859999999999999e-06
1459601217040,-9.015,0.0
1459601217050,-9.015,0.0
1459601217060,-9.015,0.0
1459601217070,-9.015,3.6200000000000004e-07
1459601217080,-9.015,0.0
1459601217090,-9.015,1.0859999999999999e-06
1459601217100,-9.015,0.0
1459601217110,-9.015,0.0
1459601217120,-9.015,0.0
1459601217130,-9.015,7.240000000000001e-07
1459601217140,-9.015,0.0
1459601217150,-9.015,7.240000000000001e-07
1459601217160,-9.015,0.0
1459601217170,-9.015,3.6200000000000004e-07
1459601217180,-9.015,0.0
1459601217190,-9.015,1.4480000000000002e-06
1459601217200,-9.015,7.240000000000001e-07
1459601217210,-9.015,0.0
1459601217220,-9.015,0.0
1459601217230,-9.015,3.6200000000000004e-07
1459601217240,-9.015,0.0
1459601217250,-9.015,6.154e-06
1459601217260,-9.015,0.0
1459601217270,-9.015,0.0
1459601217280,-9.015,0.0
1459601217290,-9.015,0.0
1459601217300,-9.015,0.0
1459601217310,-9.015,0.0
1459601217320,-9.015,0.0
1459601217330,-9.015,0.0
1459601217340,-9.015,0.0
1459601217350,-9.015,0.0
1459601217360,-9.015,0.0
1459601217370,-9.015,0.0
1459601217380,-9.015,0.0
1459601217390,-9.015,0.0
1459601217400,-9.015,0.0
1459601217410,-9.015,5.43e-06
1459601217420,-9.015,3.6200000000000004e-07
1459601217430,-9.015,0.0
1459601217440,-9.015,0.0
1459601217450,-9.015,0.0
1459601217460,-9.015,0.0
1459601217470,-9.015,0.0
1459601217480,-9.015,0.0
1459601217490,-9.015,0.0
1459601217500,-9.015,0.0
1459601217510,-9.015,0.0
1459601217520,-9.015,0.0
1459601217530,-9.015,0.0
1459601217540,-9.015,0.0
1459601217550,-9.015,0.0
1459601217560,-9.015,0.0
1459601217570,-9.015,3.6200000000000004e-07
1459601217580,-9.015,0.0
1459601217590,-9.015,7.240000000000001e-07
1459601217600,-9.015,0.0
1459601217610,-9.015,3.6200000000000004e-07
1459601217620,-9.015,3.6200000000000004e-07
1459601217630,-9.015,1.4480000000000002e-06
1459601217640,-9.015,0.0
1459601217650,-9.015,7.240000000000001e-07
1459601217660,-9.015,0.0
1459601217670,-9.015,0.0
1459601217680,-9.015,0.0
1459601217690,-9.015,7.240000000000001e-07
1459601217700,-9.015,0.0
1459601217710,-9.015,7.240000000000001e-07
1459601217720,-9.015,0.0
1459601217730,-9.015,7.240000000000001e-07
1459601217740,-9.015,0.0
1459601217750,-9.015,7.240000000000001e-07
1459601217760,-9.015,0.0
1459601217770,-9.015,7.240000000000001e-07
1459601217780,-9.015,0.0
1459601217790,-9.015,7.240000000000001e-07
1459601217800,-9.015,0.0
1459601217810,-9.015,7.240000000000001e-07
1459601217820,-9.015,0.0
1459601217830,-9.015,7.240000000000001e-07
1459601217840,-9.015,0.0
1459601217850,-9.015,3.6200000000000004e-07
1459601217860,-9.015,0.0
1459601217870,-9.015,7.240000000000001e-07
1459601217880,-9.015,0.0
1459601217890,-9.015,7.240000000000001e-07
1459601217900,-9.015,0.0
1459601217910,-9.015,3.6200000000000004e-07
1459601217920,-9.015,0.0
1459601217930,-9.015,1.0859999999999999e-06
1459601217940,-9.015,0.0
1459601217950,-9.015,3.6200000000000004e-07
1459601217960,-9.015,0.0
1459601217970,-9.015,1.0859999999999999e-06
1459601217980,-9.015,0.0
1459601217990,-9.015,0.0
1459601218000,-9.015,0.0
1459601218010,-9.015,2.1719999999999997e-06
1459601218020,-9.015,0.0
1459601218030,-9.015,3.6200000000000004e-07
1459601218040,-9.015,0.0
1459601218050,-9.015,3.6200000000000004e-07
1459601218060,-9.015,0.0
1459601218070,-9.015,1.0859999999999999e-06
1459601218080,-9.015,0.0
1459601218090,-9.015,3.6200000000000004e-07
1459601218100,-9.015,0.0
1459601218110,-9.015,1.4480000000000002e-06
1459601218120,-9.015,0.0
1459601218130,-9.015,7.240000000000001e-07
1459601218140,-9.015,0.0
1459601218150,-9.015,0.0
1459601218160,-9.015,0.0
1459601218170,-9.015,1.4480000000000002e-06
1459601218180,-9.015,0.0
1459601218190,-9.015,1.0859999999999999e-06
1459601218200,-9.015,0.0
1459601218210,-9.015,0.0
1459601218220,-9.015,0.0
1459601218230,-9.015,7.240000000000001e-07
1459601218240,-9.015,0.0
1459601218250,-9.015,6.154e-06
1459601218260,-9.015,0.0
1459601218270,-9.015,0.0
1459601218280,-9.015,0.0
1459601218290,-9.015,0.0
1459601218300,-9.015,0.0
1459601218310,-9.015,0.0
1459601218320,-9.015,0.0
1459601218330,-9.015,0.0
1459601218340,-9.015,0.0
1459601218350,-9.015,0.0
1459601218360,-9.015,0.0
1459601218370,-9.015,0.0
1459601218380,-9.015,0.0
1459601218390,-9.015,0.0
1459601218400,-9.015,0.0
1459601218410,-9.015,3.982e-06
1459601218420,-9.015,0.0
1459601218430,-9.015,0.0
1459601218440,-9.015,0.0
1459601218450,-9.015,0.0
1459601218460,-9.015,0.0
1459601218470,-9.015,0.0
1459601218480,-9.015,0.0
1459601218490,-9.015,0.0
1459601218500,-9.015,0.0
1459601218510,-9.015,0.0
1459601218520,-9.015,0.0
1459601218530,-9.015,0.0
1459601218540,-9.015,0.0
1459601218550,-9.015,3.6200000000000004e-07
1459601218560,-9.015,0.0
1459601218570,-9.015,7.240000000000001e-07
1459601218580,-9.015,0.0
1459601218590,-9.015,3.6200000000000004e-07
1459601218600,-9.015,0.0
1459601218610,-9.015,1.0859999999999999e-06
1459601218620,-9.015,0.0
1459601218630,-9.015,3.6200000000000004e-07
1459601218640,-9.015,0.0
1459601218650,-9.015,1.4480000000000002e-06
1459601218660,-9.015,0.0
1459601218670,-9.015,0.0
1459601218680,-9.015,0.0
1459601218690,-9.015,7.240000000000001e-07
1459601218700,-9.015,0.0
1459601218710,-9.015,0.0
1459601218720,-9.015,0.0
1459601218730,-9.015,3.6200000000000004e-07
1459601218740,-9.015,0.0
1459601218750,-9.015,2.5340000000000002e-06
1459601218760,-9.015,0.0
1459601218770,-9.015,0.0
1459601218780,-9.015,0.0
1459601218790,-9.015,1.4480000000000002e-06
1459601218800,-9.015,0.0
1459601218810,-9.015,1.4480000000000002e-06
1459601218820,-9.015,0.0
1459601218830,-9.015,0.0
1459601218840,-9.015,0.0
1459601218850,-9.015,3.6200000000000004e-07
1459601218860,-9.015,0.0
1459601218870,-9.015,3.6200000000000004e-07
1459601218880,-9.015,0.0
1459601218890,-9.015,7.240000000000001e-07
1459601218900,-9.015,0.0
1459601218910,-9.015,7.240000000000001e-07
1459601218920,-9.015,0.0
1459601218930,-9.015,1.0859999999999999e-06
1459601218940,-9.015,0.0
1459601218950,-9.015,0.0
1459601218960,-9.015,0.0
1459601218970,-9.015,1.0859999999999999e-06
1459601218980,-9.015,0.0
1459601218990,-9.015,3.6200000000000004e-07
1459601219000,-9.015,0.0
1459601219010,-9.015,1.4480000000000002e-06
1459601219020,-9.015,0.0
1459601219030,-9.015,3.6200000000000004e-07
1459601219040,-9.015,0.0
1459601219050,-9.015,0.0
1459601219060,-9.015,0.0
1459601219070,-9.015,1.0859999999999999e-06
1459601219080,-9.015,0.0
1459601219090,-9.015,1.0859999999999999e-06
1459601219100,-9.015,0.0
1459601219110,-9.015,7.240000000000001e-07
1459601219120,-9.015,0.0
1459601219130,-9.015,3.6200000000000004e-07
1459601219140,-9.015,0.0
1459601219150,-9.015,3.6200000000000004e-07
1459601219160,-9.015,0.0
1459601219170,-9.015,0.0
1459601219180,-9.015,0.0
1459601219190,-9.015,1.4480000000000002e-06
1459601219200,-9.015,0.0
1459601219210,-9.015,7.240000000000001e-07
1459601219220,-9.015,0.0
1459601219230,-9.015,1.4480000000000002e-06
1459601219240,-9.015,0.0
1459601219250,-9.015,5.792000000000001e-06
1459601219260,-9.015,0.0
1459601219270,-9.015,0.0
1459601219280,-9.015,0.0
1459601219290,-9.015,0.0
1459601219300,-9.015,0.0
1459601219310,-9.015,0.0
1459601219320,-9.015,0.0
1459601219330,-9.015,0.0
1459601219340,-9.015,0.0
1459601219350,-9.015,0.0
1459601219360,-9.015,0.0
1459601219370,-9.015,0.0
1459601219380,-9.015,0.0
1459601219390,-9.015,0.0
1459601219400,-9.015,0.0
1459601219410,-9.015,0.0
1459601219420,-9.015,0.0
1459601219430,-9.015,1.0859999999999999e-06
1459601219440,-9.015,0.0
1459601219450,-9.015,0.0
1459601219460,-9.015,0.0
1459601219470,-9.015,1.4480000000000002e-06
1459601219480,-9.015,0.0
1459601219490,-9.015,0.0
1459601219500,-9.015,0.0
1459601219510,-9.015,0.0
1459601219520,-9.015,0.0
1459601219530,-9.015,0.0
1459601219540,-9.015,0.0
1459601219550,-9.015,3.6200000000000004e-07
1459601219560,-9.015,0.0
1459601219570,-9.015,7.240000000000001e-07
1459601219580,-9.015,0.0
1459601219590,-9.015,7.240000000000001e-07
1459601219600,-9.015,0.0
1459601219610,-9.015,1.0859999999999999e-06
1459601219620,-9.015,0.0
1459601219630,-9.015,7.240000000000001e-07
1459601219640,-9.015,0.0
1459601219650,-9.015,0.0
1459601219660,-9.015,0.0
1459601219670,-9.015,7.240000000000001e-07
1459601219680,-9.015,0.0
1459601219690,-9.015,1.0859999999999999e-06
1459601219700,-9.015,0.0
1459601219710,-9.015,1.4480000000000002e-06
1459601219720,-9.015,0.0
1459601219730,-9.015,3.6200000000000004e-07
1459601219740,-9.015,0.0
1459601219750,-9.015,0.0
1459601219760,-9.015,0.0
1459601219770,-9.015,1.0859999999999999e-06
1459601219780,-9.015,0.0
1459601219790,-9.015,7.240000000000001e-07
1459601219800,-9.015,0.0
1459601219810,-9.015,3.6200000000000004e-07
1459601219820,-9.015,0.0
1459601219830,-9.015,3.6200000000000004e-07
1459601219840,-9.015,0.0
1459601219850,-9.015,1.4480000000000002e-06
1459601219860,-9.015,0.0
1459601219870,-9.015,3.6200000000000004e-07
1459601219880,-9.015,0.0
1459601219890,-9.015,7.240000000000001e-07
1459601219900,-9.015,0.0
1459601219910,-9.015,7.240000000000001e-07
1459601219920,-9.015,0.0
1459601219930,-9.015,7.240000000000001e-07
1459601219940,-9.015,0.0
1459601219950,-9.015,7.240000000000001e-07
1459601219960,-9.015,0.0
1459601219970,-9.015,7.240000000000001e-07
1459601219980,-9.015,0.0
1459601219990,-9.015,7.240000000000001e-07
1459601220000,-9.015,0.0
1459601220010,-9.015,7.240000000000001e-07
1459601220020,-9.015,0.0
1459601220030,-9.015,7.240000000000001e-07
1459601220040,-9.015,0.0
1459601220050,-9.015,3.6200000000000004e-07
1459601220060,-9.015,0.0
1459601220070,-9.015,1.4480000000000002e-06
1459601220080,-9.015,0.0
1459601220090,-9.015,7.240000000000001e-07
1459601220100,-9.015,0.0
1459601220110,-9.015,1.0859999999999999e-06
1459601220120,-9.015,0.0
1459601220130,-9.015,0.0
1459601220140,-9.015,0.0
1459601220150,-9.015,1.81e-06
1459601220160,-9.015,0.0
1459601220170,-9.015,3.6200000000000004e-07
1459601220180,-9.015,0.0
1459601220190,-9.015,7.240000000000001e-07
1459601220200,-9.015,0.0
1459601220210,-9.015,3.6200000000000004e-07
1459601220220,-9.015,0.0
1459601220230,-9.015,1.0859999999999999e-06
1459601220240,-9.015,0.0
1459601220250,-9.015,5.43e-06
1459601220260,-9.015,0.0
1459601220270,-9.015,0.0
1459601220280,-9.015,0.0
1459601220290,-9.015,0.0
1459601220300,-9.015,0.0
1459601220310,-9.015,0.0
1459601220320,-9.015,0.0
1459601220330,-9.015,0.0
1459601220340,-9.015,0.0
1459601220350,-9.015,0.0
1459601220360,-9.015,0.0
1459601220370,-9.015,0.0
1459601220380,-9.015,0.0
1459601220390,-9.015,0.0
1459601220400,-9.015,0.0
1459601220410,-9.015,3.62e-06
1459601220420,-9.015,0.0
1459601220430,-9.015,0.0
1459601220440,-9.015,0.0
1459601220450,-9.015,0.0
1459601220460,-9.015,0.0
1459601220470,-9.015,0.0
1459601220480,-9.015,0.0
1459601220490,-9.015,0.0
1459601220500,-9.015,0.0
1459601220510,-9.015,3.6200000000000004e-07
1459601220520,-9.015,0.0
1459601220530,-9.015,7.240000000000001e-07
1459601220540,-9.015,0.0
1459601220550,-9.015,0.0
1459601220560,-9.015,0.0
1459601220570,-9.015,3.6200000000000004e-07
1459601220580,-9.015,0.0
1459601220590,-9.015,7.240000000000001e-07
1459601220600,-9.015,0.0
1459601220610,-9.015,1.4480000000000002e-06
1459601220620,-9.015,0.0
1459601220630,-9.015,1.0859999999999999e-06
1459601220640,-9.015,0.0
1459601220650,-9.015,0.0
1459601220660,-9.015,0.0
1459601220670,-9.015,7.240000000000001e-07
1459601220680,-9.015,0.0
1459601220690,-9.015,7.240000000000001e-07
1459601220700,-9.015,0.0
1459601220710,-9.015,7.240000000000001e-07
1459601220720,-9.015,0.0
1459601220730,-9.015,7.240000000000001e-07
1459601220740,-9.015,0.0
1459601220750,-9.015,0.0
1459601220760,-9.015,0.0
1459601220770,-9.015,3.6200000000000004e-07
1459601220780,-9.015,0.0
1459601220790,-9.015,1.4480000000000002e-06
1459601220800,-9.015,0.0
1459601220810,-9.015,3.6200000000000004e-07
1459601220820,-9.015,0.0
1459601220830,-9.015,7.240000000000001e-07
1459601220840,-9.015,0.0
1459601220850,-9.015,7.240000000000001e-07
1459601220860,-9.015,0.0
1459601220870,-9.015,3.6200000000000004e-07
1459601220880,-9.015,0.0
1459601220890,-9.015,3.6200000000000004e-07
1459601220900,-9.015,0.0
1459601220910,-9.015,7.240000000000001e-07
1459601220920,-9.015,0.0
1459601220930,-9.015,7.240000000000001e-07
1459601220940,-9.015,0.0
1459601220950,-9.015,1.4480000000000002e-06
1459601220960,-9.015,0.0
1459601220970,-9.015,7.240000000000001e-07
1459601220980,-9.015,0.0
1459601220990,-9.015,3.6200000000000004e-07
1459601221000,-9.015,0.0
1459601221010,-9.015,0.0
1459601221020,-9.015,0.0
1459601221030,-9.015,2.1719999999999997e-06
1459601221040,-9.015,0.0
1459601221050,-9.015,0.0
1459601221060,-9.015,0.0
1459601221070,-9.015,3.6200000000000004e-07
1459601221080,-9.015,0.0
1459601221090,-9.015,7.240000000000001e-07
1459601221100,-9.015,0.0
1459601221110,-9.015,3.6200000000000004e-07
1459601221120,-9.015,0.0
1459601221130,-9.015,3.6200000000000004e-07
1459601221140,-9.015,0.0
1459601221150,-9.015,3.6200000000000004e-07
1459601221160,-9.015,0.0
1459601221170,-9.015,7.240000000000001e-07
1459601221180,-9.015,0.0
1459601221190,-9.015,7.240000000000001e-07
1459601221200,-9.015,0.0
1459601221210,-9.015,3.6200000000000004e-07
1459601221220,-9.015,0.0
1459601221230,-9.015,3.6200000000000004e-07
1459601221240,-9.015,0.0
1459601221250,-9.015,5.792000000000001e-06
1459601221260,-9.015,0.0
1459601221270,-9.015,0.0
1459601221280,-9.015,0.0
1459601221290,-9.015,0.0
1459601221300,-9.015,0.0
1459601221310,-9.015,0.0
1459601221320,-9.015,0.0
1459601221330,-9.015,0.0
1459601221340,-9.015,0.0
1459601221350,-9.015,0.0
1459601221360,-9.015,0.0
1459601221370,-9.015,0.0
1459601221380,-9.015,0.0
1459601221390,-9.015,0.0
1459601221400,-9.015,0.0
1459601221410,-9.015,5.0680000000000004e-06
1459601221420,-9.015,0.0
1459601221430,-9.015,0.0
1459601221440,-9.015,0.0
1459601221450,-9.015,0.0
1459601221460,-9.015,0.0
1459601221470,-9.015,0.0
1459601221480,-9.015,0.0
1459601221490,-9.015,0.0
1459601221500,-9.015,0.0
1459601221510,-9.015,0.0
1459601221520,-9.015,0.0
1459601221530,-9.015,0.0
1459601221540,-9.015,0.0
1459601221550,-9.015,0.0
1459601221560,-9.015,0.0
1459601221570,-9.015,1.81e-06
1459601221580,-9.015,0.0
1459601221590,-9.015,0.0
1459601221600,-9.015,0.0
1459601221610,-9.015,3.6200000000000004e-07
1459601221620,-9.015,0.0
1459601221630,-9.015,7.240000000000001e-07
1459601221640,-9.015,0.0
1459601221650,-9.015,3.6200000000000004e-07
1459601221660,-9.015,0.0
1459601221670,-9.015,3.6200000000000004e-07
1459601221680,-9.015,0.0
1459601221690,-9.015,7.240000000000001e-07
1459601221700,-9.015,0.0
1459601221710,-9.015,7.240000000000001e-07
1459601221720,-9.015,0.0
1459601221730,-9.015,7.240000000000001e-07
1459601221740,-9.015,0.0
1459601221750,-9.015,3.6200000000000004e-07
1459601221760,-9.015,0.0
1459601221770,-9.015,1.4480000000000002e-06
1459601221780,-9.015,0.0
1459601221790,-9.015,0.0
1459601221800,-9.015,0.0
1459601221810,-9.015,1.0859999999999999e-06
1459601221820,-9.015,0.0
1459601221830,-9.015,3.6200000000000004e-07
1459601221840,-9.015,0.0
1459601221850,-9.015,1.81e-06
1459601221860,-9.015,0.0
1459601221870,-9.015,3.6200000000000004e-07
1459601221880,-9.015,0.0
1459601221890,-9.015,1.0859999999999999e-06
1459601221900,-9.015,0.0
1459601221910,-9.015,0.0
1459601221920,-9.015,0.0
1459601221930,-9.015,7.240000000000001e-07
1459601221940,-9.015,0.0
1459601221950,-9.015,7.240000000000001e-07
1459601221960,-9.015,0.0
1459601221970,-9.015,7.240000000000001e-07
1459601221980,-9.015,0.0
1459601221990,-9.015,1.0859999999999999e-06
1459601222000,-9.015,0.0
1459601222010,-9.015,1.0859999999999999e-06
1459601222020,-9.015,0.0
1459601222030,-9.015,0.0
1459601222040,-9.015,0.0
1459601222050,-9.015,7.240000000000001e-07
1459601222060,-9.015,0.0
1459601222070,-9.015,1.0859999999999999e-06
1459601222080,-9.015,0.0
1459601222090,-9.015,3.6200000000000004e-07
1459601222100,-9.015,0.0
1459601222110,-9.015,7.240000000000001e-07
1459601222120,-9.015,0.0
1459601222130,-9.015,3.6200000000000004e-07
1459601222140,-9.015,0.0
1459601222150,-9.015,1.4480000000000002e-06
1459601222160,-9.015,0.0
1459601222170,-9.015,0.0
1459601222180,-9.015,0.0
1459601222190,-9.015,7.240000000000001e-07
1459601222200,-9.015,0.0
1459601222210,-9.015,1.0859999999999999e-06
1459601222220,-9.015,0.0
1459601222230,-9.015,7.240000000000001e-07
1459601222240,-9.015,0.0
1459601222250,-9.015,5.0680000000000004e-06
1459601222260,-9.015,0.0
1459601222270,-9.015,0.0
1459601222280,-9.015,0.0
1459601222290,-9.015,0.0
1459601222300,-9.015,0.0
1459601222310,-9.015,0.0
1459601222320,-9.015,0.0
1459601222330,-9.015,0.0
1459601222340,-9.015,0.0
1459601222350,-9.015,0.0
1459601222360,-9.015,0.0
1459601222370,-9.015,0.0
1459601222380,-9.015,0.0
1459601222390,-9.015,0.0
1459601222400,-9.015,0.0
1459601222410,-9.015,5.0680000000000004e-06
1459601222420,-9.015,0.0
1459601222430,-9.015,0.0
1459601222440,-9.015,0.0
1459601222450,-9.015,0.0
1459601222460,-9.015,0.0
1459601222470,-9.015,0.0
1459601222480,-9.015,0.0
1459601222490,-9.015,0.0
1459601222500,-9.015,0.0
1459601222510,-9.015,0.0
1459601222520,-9.015,0.0
1459601222530,-9.015,0.0
1459601222540,-9.015,0.0
1459601222550,-9.015,3.6200000000000004e-07
1459601222560,-9.015,0.0
1459601222570,-9.015,0.0
1459601222580,-9.015,0.0
1459601222590,-9.015,3.6200000000000004e-07
1459601222600,-9.015,0.0
1459601222610,-9.015,3.6200000000000004e-07
1459601222620,-9.015,0.0
1459601222630,-9.015,7.240000000000001e-07
1459601222640,-9.015,0.0
1459601222650,-9.015,1.4480000000000002e-06
1459601222660,-9.015,0.0
1459601222670,-9.015,7.240000000000001e-07
1459601222680,-9.015,0.0
1459601222690,-9.015,1.4480000000000002e-06
1459601222700,-9.015,0.0
1459601222710,-9.015,0.0
1459601222720,-9.015,0.0
1459601222730,-9.015,7.240000000000001e-07
1459601222740,-9.015,0.0
1459601222750,-9.015,7.240000000000001e-07
1459601222760,-9.015,0.0
1459601222770,-9.015,1.4480000000000002e-06
1459601222780,-9.015,0.0
1459601222790,-9.015,3.6200000000000004e-07
1459601222800,-9.015,0.0
1459601222810,-9.015,7.240000000000001e-07
1459601222820,-9.015,0.0
1459601222830,-9.015,1.4480000000000002e-06
1459601222840,-9.015,0.0
1459601222850,-9.015,0.0
1459601222860,-9.015,0.0
1459601222870,-9.015,0.0
1459601222880,-9.015,0.0
1459601222890,-9.015,7.240000000000001e-07
1459601222900,-9.015,0.0
1459601222910,-9.015,1.0859999999999999e-06
1459601222920,-9.015,0.0
1459601222930,-9.015,1.81e-06
1459601222940,-9.015,0.0
1459601222950,-9.015,0.0
1459601222960,-9.015,0.0
1459601222970,-9.015,0.0
1459601222980,-9.015,0.0
1459601222990,-9.015,3.6200000000000004e-07
1459601223000,-9.015,0.0
1459601223010,-9.015,3.6200000000000004e-07
1459601223020,-9.015,0.0
1459601223030,-9.015,1.0859999999999999e-06
1459601223040,-9.015,0.0
1459601223050,-9.015,1.81e-06
1459601223060,-9.015,0.0
1459601223070,-9.015,0.0
1459601223080,-9.015,0.0
1459601223090,-9.015,0.0
1459601223100,-9.015,0.0
1459601223110,-9.015,1.4480000000000002e-06
1459601223120,-9.015,0.0
1459601223130,-9.015,1.0859999999999999e-06
1459601223140,-9.015,0.0
1459601223150,-9.015,3.6200000000000004e-07
1459601223160,-9.015,0.0
1459601223170,-9.015,3.6200000000000004e-07
1459601223180,-9.015,0.0
1459601223190,-9.015,7.240000000000001e-07
1459601223200,-9.015,0.0
1459601223210,-9.015,7.240000000000001e-07
1459601223220,-9.015,0.0
1459601223230,-9.015,3.6200000000000004e-07
1459601223240,-9.015,3.6200000000000004e-07
1459601223250,-9.015,6.516e-06
1459601223260,-9.015,0.0
1459601223270,-9.015,0.0
1459601223280,-9.015,0.0
1459601223290,-9.015,0.0
1459601223300,-9.015,0.0
1459601223310,-9.015,0.0
1459601223320,-9.015,0.0
1459601223330,-9.015,0.0
1459601223340,-9.015,0.0
1459601223350,-9.015,0.0
1459601223360,-9.015,0.0
1459601223370,-9.015,0.0
1459601223380,-9.015,0.0
1459601223390,-9.015,0.0
1459601223400,-9.015,0.0
1459601223410,-9.015,3.982e-06
1459601223420,-9.015,0.0
1459601223430,-9.015,0.0
1459601223440,-9.015,0.0
1459601223450,-9.015,0.0
1459601223460,-9.015,0.0
1459601223470,-9.015,0.0
1459601223480,-9.015,0.0
1459601223490,-9.015,0.0
1459601223500,-9.015,0.0
1459601223510,-9.015,0.0
1459601223520,-9.015,0.0
1459601223530,-9.015,0.0
1459601223540,-9.015,0.0
1459601223550,-9.015,0.0
1459601223560,-9.015,0.0
1459601223570,-9.015,3.6200000000000004e-07
1459601223580,-9.015,0.0
1459601223590,-9.015,7.240000000000001e-07
1459601223600,-9.015,0.0
1459601223610,-9.015,1.0859999999999999e-06
1459601223620,-9.015,0.0
1459601223630,-9.015,7.240000000000001e-07
1459601223640,-9.015,0.0
1459601223650,-9.015,7.240000000000001e-07
1459601223660,-9.015,0.0
1459601223670,-9.015,1.0859999999999999e-06
1459601223680,-9.015,0.0
1459601223690,-9.015,7.240000000000001e-07
1459601223700,-9.015,0.0
1459601223710,-9.015,0.0
1459601223720,-9.015,0.0
1459601223730,-9.015,1.0859999999999999e-06
1459601223740,-9.015,0.0
1459601223750,-9.015,1.0859999999999999e-06
1459601223760,-9.015,0.0
1459601223770,-9.015,7.240000000000001e-07
1459601223780,-9.015,0.0
1459601223790,-9.015,3.6200000000000004e-07
1459601223800,-9.015,0.0
1459601223810,-9.015,3.6200000000000004e-07
1459601223820,-9.015,0.0
1459601223830,-9.015,7.240000000000001e-07
1459601223840,-9.015,0.0
1459601223850,-9.015,7.240000000000001e-07
1459601223860,-9.015,0.0
1459601223870,-9.015,1.0859999999999999e-06
1459601223880,-9.015,0.0
1459601223890,-9.015,7.240000000000001e-07
1459601223900,-9.015,0.0
1459601223910,-9.015,7.240000000000001e-07
1459601223920,-9.015,0.0
1459601223930,-9.015,0.0
1459601223940,-9.015,0.0
1459601223950,-9.015,7.240000000000001e-07
1459601223960,-9.015,0.0
1459601223970,-9.015,7.240000000000001e-07
1459601223980,-9.015,0.0
1459601223990,-9.015,1.81e-06
1459601224000,-9.015,0.0
1459601224010,-9.015,1.0859999999999999e-06
1459601224020,-9.015,0.0
1459601224030,-9.015,0.0
1459601224040,-9.015,0.0
1459601224050,-9.015,0.0
1459601224060,-9.015,0.0
1459601224070,-9.015,1.0859999999999999e-06
1459601224080,-9.015,0.0
1459601224090,-9.015,7.240000000000001e-07
1459601224100,-9.015,0.0
1459601224110,-9.015,1.0859999999999999e-06
1459601224120,-9.015,0.0
1459601224130,-9.015,7.240000000000001e-07
1459601224140,-9.015,0.0
1459601224150,-9.015,7.240000000000001e-07
1459601224160,-9.015,0.0
1459601224170,-9.015,0.0
1459601224180,-9.015,0.0
1459601224190,-9.015,1.0859999999999999e-06
1459601224200,-9.015,0.0
1459601224210,-9.015,1.0859999999999999e-06
1459601224220,-9.015,0.0
1459601224230,-9.015,1.4480000000000002e-06
1459601224240,-9.015,0.0
1459601224250,-9.015,5.0680000000000004e-06
1459601224260,-9.015,0.0
1459601224270,-9.015,0.0
1459601224280,-9.015,0.0
1459601224290,-9.015,0.0
1459601224300,-9.015,0.0
1459601224310,-9.015,0.0
1459601224320,-9.015,0.0
1459601224330,-9.015,0.0
1459601224340,-9.015,0.0
1459601224350,-9.015,0.0
1459601224360,-9.015,0.0
1459601224370,-9.015,0.0
1459601224380,-9.015,0.0
1459601224390,-9.015,0.0
1459601224400,-9.015,0.0
1459601224410,-9.015,4.706e-06
1459601224420,-9.015,0.0
1459601224430,-9.015,0.0
1459601224440,-9.015,0.0
1459601224450,-9.015,0.0
1459601224460,-9.015,0.0
1459601224470,-9.015,0.0
1459601224480,-9.015,0.0
1459601224490,-9.015,0.0
1459601224500,-9.015,0.0
1459601224510,-9.015,0.0
1459601224520,-9.015,0.0
1459601224530,-9.015,0.0
1459601224540,-9.015,0.0
1459601224550,-9.015,3.6200000000000004e-07
1459601224560,-9.015,0.0
1459601224570,-9.015,0.0
1459601224580,-9.015,0.0
1459601224590,-9.015,7.240000000000001e-07
1459601224600,-9.015,0.0
1459601224610,-9.015,1.0859999999999999e-06
1459601224620,-9.015,0.0
1459601224630,-9.015,0.0
1459601224640,-9.015,0.0
1459601224650,-9.015,3.6200000000000004e-07
1459601224660,-9.015,0.0
1459601224670,-9.015,1.0859999999999999e-06
1459601224680,-9.015,0.0
1459601224690,-9.015,1.4480000000000002e-06
1459601224700,-9.015,0.0
1459601224710,-9.015,0.0
1459601224720,-9.015,0.0
1459601224730,-9.015,7.240000000000001e-07
1459601224740,-9.015,0.0
1459601224750,-9.015,3.6200000000000004e-07
1459601224760,-9.015,3.6200000000000004e-07
1459601224770,-9.015,7.240000000000001e-07
1459601224780,-9.015,0.0
1459601224790,-9.015,1.0859999999999999e-06
1459601224800,-9.015,0.0
1459601224810,-9.015,3.6200000000000004e-07
1459601224820,-9.015,0.0
1459601224830,-9.015,1.0859999999999999e-06
1459601224840,-9.015,0.0
1459601224850,-9.015,1.0859999999999999e-06
1459601224860,-9.015,0.0
1459601224870,-9.015,0.0
1459601224880,-9.015,0.0
1459601224890,-9.015,1.4480000000000002e-06
1459601224900,-9.015,0.0
1459601224910,-9.015,3.6200000000000004e-07
1459601224920,-9.015,0.0
1459601224930,-9.015,1.0859999999999999e-06
1459601224940,-9.015,0.0
1459601224950,-9.015,3.6200000000000004e-07
1459601224960,-9.015,7.240000000000001e-07
1459601224970,-9.015,1.0859999999999999e-06
1459601224980,-9.015,0.0
1459601224990,-9.015,7.240000000000001e-07
1459601225000,-9.015,1.81e-06
1459601225010,-9.015,1.81e-06
1459601225020,-9.015,0.0
1459601225030,-9.015,0.0
1459601225040,-9.015,0.0
1459601225050,-9.015,3.6200000000000004e-07
1459601225060,-9.015,0.0
1459601225070,-9.015,0.0
1459601225080,-9.015,3.6200000000000004e-07
1459601225090,-9.015,1.0859999999999999e-06
1459601225100,-9.015,0.0
1459601225110,-9.015,3.6200000000000004e-07
1459601225120,-9.015,0.0
1459601225130,-9.015,1.4480000000000002e-06
1459601225140,-9.015,0.0
1459601225150,-9.015,1.81e-06
1459601225160,-9.015,0.0
1459601225170,-9.015,0.0
1459601225180,-9.015,0.0
1459601225190,-9.015,3.6200000000000004e-07
1459601225200,-9.015,0.0
1459601225210,-9.015,0.0
1459601225220,-9.015,0.0
1459601225230,-9.015,1.0859999999999999e-06
1459601225240,-9.015,0.0
1459601225250,-9.015,6.516e-06
1459601225260,-9.015,0.0
1459601225270,-9.015,0.0
1459601225280,-9.015,0.0
1459601225290,-9.015,0.0
1459601225300,-9.015,0.0
1459601225310,-9.015,0.0
1459601225320,-9.015,0.0
1459601225330,-9.015,0.0
1459601225340,-9.015,0.0
1459601225350,-9.015,0.0
1459601225360,-9.015,0.0
1459601225370,-9.015,0.0
1459601225380,-9.015,0.0
1459601225390,-9.015,0.0
1459601225400,-9.015,0.0
1459601225410,-9.015,3.982e-06
1459601225420,-9.015,0.0
1459601225430,-9.015,0.0
1459601225440,-9.015,0.0
1459601225450,-9.015,0.0
1459601225460,-9.015,0.0
1459601225470,-9.015,0.0
1459601225480,-9.015,0.0
1459601225490,-9.015,0.0
1459601225500,-9.015,0.0
1459601225510,-9.015,0.0
1459601225520,-9.015,0.0
1459601225530,-9.015,0.0
1459601225540,-9.015,0.0
1459601225550,-9.015,0.0
1459601225560,-9.015,0.0
1459601225570,-9.015,3.6200000000000004e-07
1459601225580,-9.015,3.6200000000000004e-07
1459601225590,-9.015,7.240000000000001e-07
1459601225600,-9.015,7.240000000000001e-07
1459601225610,-9.015,7.240000000000001e-07
1459601225620,-9.015,0.0
1459601225630,-9.015,0.0
1459601225640,-9.015,3.6200000000000004e-07
1459601225650,-9.015,7.240000000000001e-07
1459601225660,-9.015,0.0
1459601225670,-9.015,1.4480000000000002e-06
1459601225680,-9.015,0.0
1459601225690,-9.015,3.6200000000000004e-07
1459601225700,-9.015,3.6200000000000004e-07
1459601225710,-9.015,7.240000000000001e-07
1459601225720,-9.015,0.0
1459601225730,-9.015,1.0859999999999999e-06
1459601225740,-9.015,0.0
1459601225750,-9.015,3.6200000000000004e-07
1459601225760,-9.015,0.0
1459601225770,-9.015,7.240000000000001e-07
1459601225780,-9.015,0.0
1459601225790,-9.015,1.0859999999999999e-06
1459601225800,-9.015,0.0
1459601225810,-9.015,2.1719999999999997e-06
1459601225820,-9.015,0.0
1459601225830,-9.015,0.0
1459601225840,-9.015,0.0
1459601225850,-9.015,0.0
1459601225860,-9.015,0.0
1459601225870,-9.015,0.0
1459601225880,-9.015,0.0
1459601225890,-9.015,0.0
1459601225900,-9.015,7.240000000000001e-07
1459601225910,-9.015,3.6200000000000004e-07
1459601225920,-9.015,0.0
1459601225930,-9.015,7.240000000000001e-07
1459601225940,-9.015,0.0
1459601225950,-9.015,1.0859999999999999e-06
1459601225960,-9.015,0.0
1459601225970,-9.015,0.0
1459601225980,-9.015,0.0
1459601225990,-9.015,7.240000000000001e-07
1459601226000,-9.015,0.0
1459601226010,-9.015,7.240000000000001e-07
1459601226020,-9.015,0.0
1459601226030,-9.015,1.4480000000000002e-06
1459601226040,-9.015,0.0
1459601226050,-9.015,3.6200000000000004e-07
1459601226060,-9.015,0.0
1459601226070,-9.015,3.6200000000000004e-07
1459601226080,-9.015,3.6200000000000004e-07
1459601226090,-9.015,3.6200000000000004e-07
1459601226100,-9.015,0.0
1459601226110,-9.015,1.0859999999999999e-06
1459601226120,-9.015,0.0
1459601226130,-9.015,3.6200000000000004e-07
1459601226140,-9.015,3.6200000000000004e-07
1459601226150,-9.015,7.240000000000001e-07
1459601226160,-9.015,0.0
1459601226170,-9.015,1.4480000000000002e-06
1459601226180,-9.015,0.0
1459601226190,-9.015,3.6200000000000004e-07
1459601226200,-9.015,0.0
1459601226210,-9.015,0.0
1459601226220,-9.015,0.0
1459601226230,-9.015,7.240000000000001e-07
1459601226240,-9.015,0.0
1459601226250,-9.015,6.154e-06
1459601226260,-9.015,0.0
1459601226270,-9.015,0.0
1459601226280,-9.015,0.0
1459601226290,-9.015,0.0
1459601226300,-9.015,0.0
1459601226310,-9.015,0.0
1459601226320,-9.015,0.0
1459601226330,-9.015,0.0
1459601226340,-9.015,0.0
1459601226350,-9.015,0.0
1459601226360,-9.015,0.0
1459601226370,-9.015,0.0
1459601226380,-9.015,0.0
1459601226390,-9.015,3.6200000000000004e-07
1459601226400,-9.015,0.0
1459601226410,-9.015,5.0680000000000004e-06
1459601226420,-9.015,0.0
1459601226430,-9.015,0.0
1459601226440,-9.015,0.0
1459601226450,-9.015,0.0
1459601226460,-9.015,0.0
1459601226470,-9.015,0.0
1459601226480,-9.015,0.0
1459601226490,-9.015,0.0
1459601226500,-9.015,0.0
1459601226510,-9.015,0.0
1459601226520,-9.015,0.0
1459601226530,-9.015,0.0
1459601226540,-9.015,0.0
1459601226550,-9.015,0.0
1459601226560,-9.015,0.0
1459601226570,-9.015,0.0
1459601226580,-9.015,0.0
1459601226590,-9.015,1.81e-06
1459601226600,-9.015,0.0
1459601226610,-9.015,7.240000000000001e-07
1459601226620,-9.015,0.0
1459601226630,-9.015,0.0
1459601226640,-9.015,0.0
1459601226650,-9.015,1.0859999999999999e-06
1459601226660,-9.015,0.0
1459601226670,-9.015,0.0
1459601226680,-9.015,3.6200000000000004e-07
1459601226690,-9.015,3.6200000000000004e-07
1459601226700,-9.015,7.240000000000001e-07
1459601226710,-9.015,3.6200000000000004e-07
1459601226720,-9.015,0.0
1459601226730,-9.015,7.240000000000001e-07
1459601226740,-9.015,7.240000000000001e-07
1459601226750,-9.015,7.240000000000001e-07
1459601226760,-9.015,0.0
1459601226770,-9.015,1.4480000000000002e-06
1459601226780,-9.015,0.0
1459601226790,-9.015,7.240000000000001e-07
1459601226800,-9.015,0.0
1459601226810,-9.015,7.240000000000001e-07
1459601226820,-9.015,0.0
1459601226830,-9.015,7.240000000000001e-07
1459601226840,-9.015,7.240000000000001e-07
1459601226850,-9.015,3.6200000000000004e-07
1459601226860,-9.015,0.0
1459601226870,-9.015,0.0
1459601226880,-9.015,3.6200000000000004e-07
1459601226890,-9.015,0.0
1459601226900,-9.015,7.240000000000001e-07
1459601226910,-9.015,0.0
1459601226920,-9.015,0.0
1459601226930,-9.015,1.4480000000000002e-06
1459601226940,-9.015,0.0
1459601226950,-9.015,0.0
1459601226960,-9.015,0.0
1459601226970,-9.015,7.240000000000001e-07
1459601226980,-9.015,0.0
1459601226990,-9.015,3.6200000000000004e-07
1459601227000,-9.015,0.0
1459601227010,-9.015,7.240000000000001e-07
1459601227020,-9.015,0.0
1459601227030,-9.015,1.4480000000000002e-06
1459601227040,-9.015,3.6200000000000004e-07
1459601227050,-9.015,1.0859999999999999e-06
1459601227060,-9.015,0.0
1459601227070,-9.015,0.0
1459601227080,-9.015,0.0
1459601227090,-9.015,1.0859999999999999e-06
1459601227100,-9.015,0.0
1459601227110,-9.015,0.0
1459601227120,-9.015,0.0
1459601227130,-9.015,0.0
1459601227140,-9.015,3.6200000000000004e-07
1459601227150,-9.015,7.240000000000001e-07
1459601227160,-9.015,3.6200000000000004e-07
1459601227170,-9.015,0.0
1459601227180,-9.015,3.6200000000000004e-07
1459601227190,-9.015,7.240000000000001e-07
1459601227200,-9.015,3.6200000000000004e-07
1459601227210,-9.015,7.240000000000001e-07
1459601227220,-9.015,0.0
1459601227230,-9.015,1.4480000000000002e-06
1459601227240,-9.015,0.0
1459601227250,-9.015,5.43e-06
1459601227260,-9.015,0.0
1459601227270,-9.015,0.0
1459601227280,-9.015,0.0
1459601227290,-9.015,0.0
1459601227300,-9.015,0.0
1459601227310,-9.015,0.0
1459601227320,-9.015,0.0
1459601227330,-9.015,0.0
1459601227340,-9.015,0.0
1459601227350,-9.015,0.0
1459601227360,-9.015,0.0
1459601227370,-9.015,0.0
1459601227380,-9.015,0.0
1459601227390,-9.015,0.0
1459601227400,-9.015,0.0
1459601227410,-9.015,4.706e-06
1459601227420,-9.015,0.0
1459601227430,-9.015,0.0
1459601227440,-9.015,0.0
1459601227450,-9.015,0.0
1459601227460,-9.015,0.0
1459601227470,-9.015,0.0
1459601227480,-9.015,0.0
1459601227490,-9.015,0.0
1459601227500,-9.015,0.0
1459601227510,-9.015,0.0
1459601227520,-9.015,0.0
1459601227530,-9.015,0.0
1459601227540,-9.015,0.0
1459601227550,-9.015,0.0
1459601227560,-9.015,0.0
1459601227570,-9.015,0.0
1459601227580,-9.015,7.240000000000001e-07
1459601227590,-9.015,7.240000000000001e-07
1459601227600,-9.015,0.0
1459601227610,-9.015,0.0
1459601227620,-9.015,3.6200000000000004e-07
1459601227630,-9.015,7.240000000000001e-07
1459601227640,-9.015,3.6200000000000004e-07
1459601227650,-9.015,7.240000000000001e-07
1459601227660,-9.015,0.0
1459601227670,-9.015,7.240000000000001e-07
1459601227680,-9.015,0.0
1459601227690,-9.015,1.0859999999999999e-06
1459601227700,-9.015,0.0
1459601227710,-9.015,7.240000000000001e-07
1459601227720,-9.015,0.0
1459601227730,-9.015,0.0
1459601227740,-9.015,0.0
1459601227750,-9.015,7.240000000000001e-07
1459601227760,-9.015,3.6200000000000004e-07
1459601227770,-9.015,3.6200000000000004e-07
1459601227780,-9.015,0.0
1459601227790,-9.015,1.0859999999999999e-06
1459601227800,-9.015,0.0
1459601227810,-9.015,7.240000000000001e-07
1459601227820,-9.015,0.0
1459601227830,-9.015,7.240000000000001e-07
1459601227840,-9.015,3.6200000000000004e-07
1459601227850,-9.015,0.0
1459601227860,-9.015,1.0859999999999999e-06
1459601227870,-9.015,0.0
1459601227880,-9.015,0.0
1459601227890,-9.015,7.240000000000001e-07
1459601227900,-9.015,0.0
1459601227910,-9.015,1.0859999999999999e-06
1459601227920,-9.015,0.0
1459601227930,-9.015,3.6200000000000004e-07
1459601227940,-9.015,0.0
1459601227950,-9.015,3.6200000000000004e-07
1459601227960,-9.015,0.0
1459601227970,-9.015,1.4480000000000002e-06
1459601227980,-9.015,0.0
1459601227990,-9.015,3.6200000000000004e-07
1459601228000,-9.015,0.0
1459601228010,-9.015,3.6200000000000004e-07
1459601228020,-9.015,0.0
1459601228030,-9.015,1.0859999999999999e-06
1459601228040,-9.015,0.0
1459601228050,-9.015,3.6200000000000004e-07
1459601228060,-9.015,0.0
1459601228070,-9.015,7.240000000000001e-07
1459601228080,-9.015,0.0
1459601228090,-9.015,3.6200000000000004e-07
1459601228100,-9.015,0.0
1459601228110,-9.015,1.4480000000000002e-06
1459601228120,-9.015,0.0
1459601228130,-9.015,1.0859999999999999e-06
1459601228140,-9.015,0.0
1459601228150,-9.015,0.0
1459601228160,-9.015,0.0
1459601228170,-9.015,0.0
1459601228180,-9.015,3.6200000000000004e-07
1459601228190,-9.015,7.240000000000001e-07
1459601228200,-9.015,0.0
1459601228210,-9.015,7.240000000000001e-07
1459601228220,-9.015,0.0
1459601228230,-9.015,7.240000000000001e-07
1459601228240,-9.015,0.0
1459601228250,-9.015,7.24e-06
1459601228260,-9.015,0.0
1459601228270,-9.015,0.0
1459601228280,-9.015,0.0
1459601228290,-9.015,0.0
1459601228300,-9.015,0.0
1459601228310,-9.015,0.0
1459601228320,-9.015,0.0
1459601228330,-9.015,0.0
1459601228340,-9.015,0.0
1459601228350,-9.015,0.0
1459601228360,-9.015,0.0
1459601228370,-9.015,0.0
1459601228380,-9.015,0.0
1459601228390,-9.015,0.0
1459601228400,-9.015,0.0
1459601228410,-9.015,3.258e-06
1459601228420,-9.015,0.0
1459601228430,-9.015,0.0
1459601228440,-9.015,0.0
1459601228450,-9.015,0.0
1459601228460,-9.015,0.0
1459601228470,-9.015,0.0
1459601228480,-9.015,0.0
1459601228490,-9.015,0.0
1459601228500,-9.015,0.0
1459601228510,-9.015,0.0
1459601228520,-9.015,0.0
1459601228530,-9.015,0.0
1459601228540,-9.015,0.0
1459601228550,-9.015,0.0
1459601228560,-9.015,0.0
1459601228570,-9.015,3.6200000000000004e-07
1459601228580,-9.015,0.0
1459601228590,-9.015,3.6200000000000004e-07
1459601228600,-9.015,3.6200000000000004e-07
1459601228610,-9.015,1.0859999999999999e-06
1459601228620,-9.015,0.0
1459601228630,-9.015,0.0
1459601228640,-9.015,3.6200000000000004e-07
1459601228650,-9.015,3.6200000000000004e-07
1459601228660,-9.015,0.0
1459601228670,-9.015,1.0859999999999999e-06
1459601228680,-9.015,0.0
1459601228690,-9.015,7.240000000000001e-07
1459601228700,-9.015,0.0
1459601228710,-9.015,3.6200000000000004e-07
1459601228720,-9.015,0.0
1459601228730,-9.015,1.81e-06
1459601228740,-9.015,0.0
1459601228750,-9.015,0.0
1459601228760,-9.015,0.0
1459601228770,-9.015,3.6200000000000004e-07
1459601228780,-9.015,3.6200000000000004e-07
1459601228790,-9.015,7.240000000000001e-07
1459601228800,-9.015,0.0
1459601228810,-9.015,7.240000000000001e-07
1459601228820,-9.015,0.0
1459601228830,-9.015,3.6200000000000004e-07
1459601228840,-9.015,0.0
1459601228850,-9.015,7.240000000000001e-07
1459601228860,-9.015,0.0
1459601228870,-9.015,7.240000000000001e-07
1459601228880,-9.015,3.6200000000000004e-07
1459601228890,-9.015,7.240000000000001e-07
1459601228900,-9.015,0.0
1459601228910,-9.015,1.4480000000000002e-06
1459601228920,-9.015,0.0
1459601228930,-9.015,0.0
1459601228940,-9.015,0.0
1459601228950,-9.015,7.240000000000001e-07
1459601228960,-9.015,0.0
1459601228970,-9.015,7.240000000000001e-07
1459601228980,-9.015,0.0
1459601228990,-9.015,7.240000000000001e-07
1459601229000,-9.015,0.0
1459601229010,-9.015,1.0859999999999999e-06
1459601229020,-9.015,0.0
1459601229030,-9.015,0.0
1459601229040,-9.015,3.6200000000000004e-07
1459601229050,-9.015,1.81e-06
1459601229060,-9.015,0.0
1459601229070,-9.015,3.6200000000000004e-07
1459601229080,-9.015,3.6200000000000004e-07
1459601229090,-9.015,0.0
1459601229100,-9.015,0.0
1459601229110,-9.015,7.240000000000001e-07
1459601229120,-9.015,3.6200000000000004e-07
1459601229130,-9.015,3.6200000000000004e-07
1459601229140,-9.015,0.0
1459601229150,-9.015,1.0859999999999999e-06
1459601229160,-9.015,0.0
1459601229170,-9.015,0.0
1459601229180,-9.015,0.0
1459601229190,-9.015,3.6200000000000004e-07
1459601229200,-9.015,0.0
1459601229210,-9.015,7.240000000000001e-07
1459601229220,-9.015,3.6200000000000004e-07
1459601229230,-9.015,7.240000000000001e-07
1459601229240,-9.015,0.0
1459601229250,-9.015,6.877999999999999e-06
1459601229260,-9.015,0.0
1459601229270,-9.015,0.0
1459601229280,-9.015,0.0
1459601229290,-9.015,0.0
1459601229300,-9.015,0.0
1459601229310,-9.015,0.0
1459601229320,-9.015,0.0
1459601229330,-9.015,0.0
1459601229340,-9.015,0.0
1459601229350,-9.015,0.0
1459601229360,-9.015,0.0
1459601229370,-9.015,0.0
1459601229380,-9.015,0.0
1459601229390,-9.015,0.0
1459601229400,-9.015,1.81e-06
1459601229410,-9.015,2.5340000000000002e-06
1459601229420,-9.015,0.0
1459601229430,-9.015,0.0
1459601229440,-9.015,0.0
1459601229450,-9.015,0.0
1459601229460,-9.015,0.0
1459601229470,-9.015,0.0
1459601229480,-9.015,0.0
1459601229490,-9.015,0.0
1459601229500,-9.015,0.0
1459601229510,-9.015,0.0
1459601229520,-9.015,0.0
1459601229530,-9.015,0.0
1459601229540,-9.015,0.0
1459601229550,-9.015,0.0
1459601229560,-9.015,0.0
1459601229570,-9.015,7.240000000000001e-07
1459601229580,-9.015,0.0
1459601229590,-9.015,0.0
1459601229600,-9.015,0.0
1459601229610,-9.015,2.1719999999999997e-06
1459601229620,-9.015,0.0
1459601229630,-9.015,7.240000000000001e-07
1459601229640,-9.015,0.0
1459601229650,-9.015,3.6200000000000004e-07
1459601229660,-9.015,0.0
1459601229670,-9.015,3.6200000000000004e-07
1459601229680,-9.015,0.0
1459601229690,-9.015,7.240000000000001e-07
1459601229700,-9.015,0.0
1459601229710,-9.015,1.4480000000000002e-06
1459601229720,-9.015,0.0
1459601229730,-9.015,3.6200000000000004e-07
1459601229740,-9.015,0.0
1459601229750,-9.015,1.0859999999999999e-06
1459601229760,-9.015,0.0
1459601229770,-9.015,0.0
1459601229780,-9.015,0.0
1459601229790,-9.015,3.6200000000000004e-07
1459601229800,-9.015,0.0
1459601229810,-9.015,1.4480000000000002e-06
1459601229820,-9.015,0.0
1459601229830,-9.015,3.6200000000000004e-07
1459601229840,-9.015,7.240000000000001e-07
1459601229850,-9.015,3.6200000000000004e-07
1459601229860,-9.015,0.0
1459601229870,-9.015,0.0
1459601229880,-9.015,0.0
1459601229890,-9.015,1.0859999999999999e-06
1459601229900,-9.015,0.0
1459601229910,-9.015,7.240000000000001e-07
1459601229920,-9.015,0.0
1459601229930,-9.015,1.0859999999999999e-06
1459601229940,-9.015,0.0
1459601229950,-9.015,0.0
1459601229960,-9.015,0.0
1459601229970,-9.015,3.6200000000000004e-07
1459601229980,-9.015,0.0
1459601229990,-9.015,1.0859999999999999e-06
1459601230000,-9.015,0.0
1459601230010,-9.015,7.240000000000001e-07
1459601230020,-9.015,0.0
1459601230030,-9.015,1.4480000000000002e-06
1459601230040,-9.015,3.6200000000000004e-07
1459601230050,-9.015,0.0
1459601230060,-9.015,0.0
1459601230070,-9.015,7.240000000000001e-07
1459601230080,-9.015,0.0
1459601230090,-9.015,3.6200000000000004e-07
1459601230100,-9.015,0.0
1459601230110,-9.015,7.240000000000001e-07
1459601230120,-9.015,3.6200000000000004e-07
1459601230130,-9.015,3.6200000000000004e-07
1459601230140,-9.015,0.0
1459601230150,-9.015,7.240000000000001e-07
1459601230160,-9.015,0.0
1459601230170,-9.015,7.240000000000001e-07
1459601230180,-9.015,0.0
1459601230190,-9.015,7.240000000000001e-07
1459601230200,-9.015,0.0
1459601230210,-9.015,7.240000000000001e-07
1459601230220,-9.015,0.0
1459601230230,-9.015,7.240000000000001e-07
1459601230240,-9.015,0.0
1459601230250,-9.015,5.792000000000001e-06
1459601230260,-9.015,0.0
1459601230270,-9.015,0.0
1459601230280,-9.015,0.0
1459601230290,-9.015,0.0
1459601230300,-9.015,0.0
1459601230310,-9.015,0.0
1459601230320,-9.015,0.0
1459601230330,-9.015,0.0
1459601230340,-9.015,0.0
1459601230350,-9.015,0.0
1459601230360,-9.015,0.0
1459601230370,-9.015,0.0
1459601230380,-9.015,0.0
1459601230390,-9.015,0.0
1459601230400,-9.015,0.0
1459601230410,-9.015,4.706e-06
1459601230420,-9.015,0.0
1459601230430,-9.015,0.0
1459601230440,-9.015,0.0
1459601230450,-9.015,0.0
1459601230460,-9.015,0.0
1459601230470,-9.015,0.0
1459601230480,-9.015,0.0
1459601230490,-9.015,0.0
1459601230500,-9.015,0.0
1459601230510,-9.015,0.0
1459601230520,-9.015,0.0
1459601230530,-9.015,0.0
1459601230540,-9.015,0.0
1459601230550,-9.015,3.6200000000000004e-07
1459601230560,-9.015,0.0
1459601230570,-9.015,3.6200000000000004e-07
1459601230580,-9.015,0.0
1459601230590,-9.015,0.0
1459601230600,-9.015,3.6200000000000004e-07
1459601230610,-9.015,1.4480000000000002e-06
1459601230620,-9.015,3.6200000000000004e-07
1459601230630,-9.015,3.6200000000000004e-07
1459601230640,-9.015,0.0
1459601230650,-9.015,1.0859999999999999e-06
1459601230660,-9.015,0.0
1459601230670,-9.015,3.6200000000000004e-07
1459601230680,-9.015,0.0
1459601230690,-9.015,1.0859999999999999e-06
1459601230700,-9.015,3.6200000000000004e-07
1459601230710,-9.015,3.6200000000000004e-07
1459601230720,-9.015,0.0
1459601230730,-9.015,3.6200000000000004e-07
1459601230740,-9.015,3.6200000000000004e-07
1459601230750,-9.015,7.240000000000001e-07
1459601230760,-9.015,0.0
1459601230770,-9.015,1.4480000000000002e-06
1459601230780,-9.015,0.0
1459601230790,-9.015,3.6200000000000004e-07
1459601230800,-9.015,0.0
1459601230810,-9.015,0.0
1459601230820,-9.015,0.0
1459601230830,-9.015,0.0
1459601230840,-9.015,0.0
1459601230850,-9.015,1.0859999999999999e-06
1459601230860,-9.015,3.6200000000000004e-07
1459601230870,-9.015,7.240000000000001e-07
1459601230880,-9.015,0.0
1459601230890,-9.015,3.6200000000000004e-07
1459601230900,-9.015,0.0
1459601230910,-9.015,1.4480000000000002e-06
1459601230920,-9.015,0.0
1459601230930,-9.015,0.0
1459601230940,-9.015,0.0
1459601230950,-9.015,0.0
1459601230960,-9.015,0.0
1459601230970,-9.015,0.0
1459601230980,-9.015,0.0
1459601230990,-9.015,3.6200000000000004e-07
1459601231000,-9.015,0.0
1459601231010,-9.015,3.6200000000000004e-07
1459601231020,-9.015,0.0
1459601231030,-9.015,3.6200000000000004e-07
1459601231040,-9.015,0.0
1459601231050,-9.015,7.240000000000001e-07
1459601231060,-9.015,0.0
1459601231070,-9.015,3.6200000000000004e-07
1459601231080,-9.015,0.0
1459601231090,-8.795,7.240000000000001e-07
1459601231100,-8.795,0.0
1459601231110,-8.795,7.240000000000001e-07
1459601231120,-8.795,0.0
1459601231130,-8.795,7.240000000000001e-07
1459601231140,-8.795,0.0
1459601231150,-8.795,3.6200000000000004e-07
1459601231160,-8.795,0.0
1459601231170,-8.795,1.0859999999999999e-06
1459601231180,-8.795,0.0
1459601231190,-8.795,3.6200000000000004e-07
1459601231200,-8.795,0.0
1459601231210,-8.795,1.4480000000000002e-06
1459601231220,-8.795,0.0
1459601231230,-8.795,3.6200000000000004e-07
1459601231240,-8.795,0.0
1459601231250,-8.795,5.43e-06
1459601231260,-8.795,0.0
1459601231270,-8.795,0.0
1459601231300,-8.795,0.0
1459601231310,-8.795,0.0
1459601231320,-8.795,0.0
1459601231330,-8.795,0.0
1459601231340,-8.795,0.0
1459601231350,-8.795,0.0
1459601231360,-8.795,0.0
1459601231370,-8.795,0.0
1459601231380,-8.795,0.0
1459601231390,-8.795,0.0
1459601231400,-8.795,0.0
1459601231410,-8.795,0.0
1459601231420,-8.795,0.0
1459601231430,-8.795,5.43e-06
1459601231440,-8.795,0.0
1459601231450,-8.795,0.0
1459601231460,-8.795,0.0
1459601231470,-8.795,0.0
1459601231480,-8.795,0.0
1459601231490,-8.795,0.0
1459601231500,-8.795,0.0
1459601231510,-8.795,0.0
1459601231520,-8.795,0.0
1459601231530,-8.795,0.0
1459601231540,-8.795,0.0
1459601231550,-8.795,0.0
1459601231560,-8.795,0.0
1459601231570,-8.795,3.6200000000000004e-07
1459601231580,-8.795,0.0
1459601231590,-8.795,1.0859999999999999e-06
1459601231600,-8.795,0.0
1459601231610,-8.795,1.0859999999999999e-06
1459601231620,-8.795,0.0
1459601231630,-8.795,0.0
1459601231640,-8.795,0.0
1459601231650,-8.795,7.240000000000001e-07
1459601231660,-8.795,3.6200000000000004e-07
1459601231670,-8.795,7.240000000000001e-07
1459601231680,-8.795,0.0
1459601231690,-8.795,7.240000000000001e-07
1459601231700,-8.795,0.0
1459601231710,-8.795,0.0
1459601231720,-8.795,0.0
1459601231730,-8.795,3.6200000000000004e-07
1459601231740,-8.795,0.0
1459601231750,-8.795,7.240000000000001e-07
1459601231760,-8.795,0.0
1459601231770,-8.795,1.4480000000000002e-06
1459601231780,-8.795,0.0
1459601231790,-8.795,1.0859999999999999e-06
1459601231800,-8.795,0.0
1459601231810,-8.795,3.6200000000000004e-07
1459601231820,-8.795,0.0
1459601231830,-8.795,1.0859999999999999e-06
1459601231840,-8.795,0.0
1459601231860,-8.795,0.0
1459601231870,-8.795,3.6200000000000004e-07
1459601231880,-8.795,0.0
1459601231890,-8.795,1.81e-06
1459601231900,-8.795,0.0
1459601231910,-8.795,7.240000000000001e-07
1459601231920,-8.795,0.0
1459601231930,-8.795,0.0
1459601231940,-8.795,0.0
1459601231950,-8.795,0.0
1459601231960,-8.795,0.0
1459601231970,-8.795,1.0859999999999999e-06
1459601231980,-8.795,0.0
1459601231990,-8.795,3.6200000000000004e-07
1459601232000,-8.795,0.0
1459601232010,-8.795,1.4480000000000002e-06
1459601232020,-8.795,0.0
1459601232030,-8.795,1.4480000000000002e-06
1459601232040,-8.795,0.0
1459601232050,-8.795,0.0
1459601232060,-8.795,0.0
1459601232070,-8.795,3.6200000000000004e-07
1459601232080,-8.795,0.0
1459601232090,-8.795,7.240000000000001e-07
1459601232100,-8.795,3.6200000000000004e-07
1459601232110,-8.795,0.0
1459601232120,-8.795,0.0
1459601232130,-8.795,1.0859999999999999e-06
1459601232140,-8.795,0.0
1459601232150,-8.795,7.240000000000001e-07
1459601232160,-8.795,0.0
1459601232170,-8.795,3.6200000000000004e-07
1459601232180,-8.795,0.0
1459601232190,-8.795,1.4480000000000002e-06
1459601232200,-8.795,0.0
1459601232210,-8.795,0.0
1459601232220,-8.795,0.0
1459601232230,-8.795,3.6200000000000004e-07
1459601232240,-8.795,7.240000000000001e-07
1459601232250,-8.795,5.792000000000001e-06
1459601232260,-8.795,0.0
1459601232270,-8.795,0.0
1459601232280,-8.795,0.0
1459601232290,-8.795,0.0
1459601232300,-8.795,0.0
1459601232310,-8.795,0.0
1459601232320,-8.795,0.0
1459601232330,-8.795,0.0
1459601232340,-8.795,0.0
1459601232350,-8.795,0.0
1459601232360,-8.795,0.0
1459601232370,-8.795,0.0
1459601232380,-8.795,0.0
1459601232390,-8.795,0.0
1459601232400,-8.795,0.0
1459601232410,-8.795,4.343999999999999e-06
1459601232420,-8.795,0.0
1459601232430,-8.795,0.0
1459601232440,-8.795,0.0
1459601232450,-8.795,0.0
1459601232460,-8.795,0.0
1459601232470,-8.795,0.0
1459601232480,-8.795,0.0
1459601232490,-8.795,0.0
1459601232500,-8.795,0.0
1459601232510,-8.795,0.0
1459601232520,-8.795,0.0
1459601232530,-8.795,0.0
1459601232540,-8.795,0.0
1459601232550,-8.795,0.0
1459601232560,-8.795,0.0
1459601232570,-8.795,7.240000000000001e-07
1459601232580,-8.795,0.0
1459601232590,-8.795,1.0859999999999999e-06
1459601232600,-8.795,0.0
1459601232610,-8.795,7.240000000000001e-07
1459601232620,-8.795,0.0
1459601232630,-8.795,0.0
1459601232640,-8.795,0.0
1459601232650,-8.795,7.240000000000001e-07
1459601232660,-8.795,3.6200000000000004e-07
1459601232670,-8.795,1.0859999999999999e-06
1459601232680,-8.795,0.0
1459601232690,-8.795,7.240000000000001e-07
1459601232700,-8.795,0.0
1459601232710,-8.795,1.0859999999999999e-06
1459601232720,-8.795,0.0
1459601232730,-8.795,3.6200000000000004e-07
1459601232740,-8.795,0.0
1459601232750,-8.795,1.0859999999999999e-06
1459601232760,-8.795,0.0
1459601232770,-8.795,0.0
1459601232780,-8.795,0.0
1459601232790,-8.795,7.240000000000001e-07
1459601232800,-8.795,0.0
1459601232810,-8.795,7.240000000000001e-07
1459601232820,-8.795,0.0
1459601232830,-8.795,1.4480000000000002e-06
1459601232840,-8.795,0.0
1459601232850,-8.795,0.0
1459601232860,-8.795,3.6200000000000004e-07
1459601232870,-8.795,0.0
1459601232880,-8.795,0.0
1459601232890,-8.795,7.240000000000001e-07
1459601232900,-8.795,0.0
1459601232910,-8.795,1.4480000000000002e-06
1459601232920,-8.795,0.0
1459601232930,-8.795,0.0
1459601232940,-8.795,0.0
1459601232950,-8.795,7.240000000000001e-07
1459601232960,-8.795,0.0
1459601232970,-8.795,7.240000000000001e-07
1459601232980,-8.795,0.0
1459601232990,-8.795,1.0859999999999999e-06
1459601233000,-8.795,0.0
1459601233010,-8.795,7.240000000000001e-07
1459601233020,-8.795,0.0
1459601233030,-8.795,1.4480000000000002e-06
1459601233040,-8.795,0.0
1459601233050,-8.795,0.0
1459601233060,-8.795,0.0
1459601233070,-8.795,0.0
1459601233080,-8.795,0.0
1459601233090,-8.795,1.0859999999999999e-06
1459601233100,-8.795,3.6200000000000004e-07
1459601233110,-8.795,7.240000000000001e-07
1459601233120,-8.795,0.0
1459601233130,-8.795,0.0
1459601233140,-8.795,0.0
1459601233150,-8.795,1.81e-06
1459601233160,-8.795,0.0
1459601233170,-8.795,3.6200000000000004e-07
1459601233180,-8.795,0.0
1459601233190,-8.795,3.6200000000000004e-07
1459601233200,-8.795,0.0
1459601233210,-8.795,3.6200000000000004e-07
1459601233220,-8.795,3.6200000000000004e-07
1459601233230,-8.795,3.6200000000000004e-07
1459601233240,-8.795,0.0
1459601233250,-8.795,6.516e-06
1459601233260,-8.795,0.0
1459601233270,-8.795,0.0
1459601233280,-8.795,0.0
1459601233290,-8.795,0.0
1459601233300,-8.795,0.0
1459601233310,-8.795,0.0
1459601233320,-8.795,0.0
1459601233330,-8.795,0.0
1459601233340,-8.795,0.0
1459601233350,-8.795,0.0
1459601233360,-8.795,0.0
1459601233370,-8.795,0.0
1459601233380,-8.795,0.0
1459601233390,-8.795,0.0
1459601233400,-8.795,0.0
1459601233410,-8.795,4.706e-06
1459601233420,-8.795,0.0
1459601233430,-8.795,0.0
1459601233440,-8.795,0.0
1459601233450,-8.795,0.0
1459601233460,-8.795,0.0
1459601233470,-8.795,0.0
1459601233480,-8.795,0.0
1459601233490,-8.795,0.0
1459601233500,-8.795,0.0
1459601233510,-8.795,0.0
1459601233520,-8.795,0.0
1459601233530,-8.795,0.0
1459601233540,-8.795,0.0
1459601233550,-8.795,0.0
1459601233560,-8.795,0.0
1459601233570,-8.795,1.4480000000000002e-06
1459601233580,-8.795,0.0
1459601233590,-8.795,0.0
1459601233600,-8.795,0.0
1459601233610,-8.795,1.0859999999999999e-06
1459601233620,-8.795,0.0
1459601233630,-8.795,3.6200000000000004e-07
1459601233640,-8.795,0.0
1459601233650,-8.795,7.240000000000001e-07
1459601233660,-8.795,0.0
1459601233670,-8.795,3.6200000000000004e-07
1459601233680,-8.795,0.0
1459601233690,-8.795,1.4480000000000002e-06
1459601233700,-8.795,0.0
1459601233710,-8.795,3.6200000000000004e-07
1459601233720,-8.795,0.0
1459601233730,-8.795,7.240000000000001e-07
1459601233740,-8.795,0.0
1459601233750,-8.795,0.0
1459601233760,-8.795,3.6200000000000004e-07
1459601233770,-8.795,7.240000000000001e-07
1459601233780,-8.795,0.0
1459601233790,-8.795,7.240000000000001e-07
1459601233800,-8.795,0.0
1459601233810,-8.795,1.4480000000000002e-06
1459601233820,-8.795,0.0
1459601233830,-8.795,1.0859999999999999e-06
1459601233840,-8.795,0.0
1459601233850,-8.795,0.0
1459601233860,-8.795,0.0
1459601233870,-8.795,1.0859999999999999e-06
1459601233880,-8.795,0.0
1459601233890,-8.795,0.0
1459601233900,-8.795,0.0
1459601233910,-8.795,7.240000000000001e-07
1459601233920,-8.795,0.0
1459601233930,-8.795,7.240000000000001e-07
1459601233940,-8.795,0.0
1459601233950,-8.795,1.0859999999999999e-06
1459601233960,-8.795,0.0
1459601233970,-8.795,3.6200000000000004e-07
1459601233980,-8.795,3.6200000000000004e-07
1459601233990,-8.795,3.6200000000000004e-07
1459601234000,-8.795,0.0
1459601234010,-8.795,1.4480000000000002e-06
1459601234020,-8.795,0.0
1459601234030,-8.795,0.0
1459601234040,-8.795,0.0
1459601234050,-8.795,1.0859999999999999e-06
1459601234060,-8.795,0.0
1459601234070,-8.795,0.0
1459601234080,-8.795,0.0
1459601234090,-8.795,1.0859999999999999e-06
1459601234100,-8.795,0.0
1459601234110,-8.795,1.0859999999999999e-06
1459601234120,-8.795,0.0
1459601234130,-8.795,7.240000000000001e-07
1459601234140,-8.795,0.0
1459601234150,-8.795,3.6200000000000004e-07
1459601234160,-8.795,0.0
1459601234170,-8.795,3.6200000000000004e-07
1459601234180,-8.795,0.0
1459601234190,-8.795,3.6200000000000004e-07
1459601234200,-8.795,0.0
1459601234210,-8.795,1.0859999999999999e-06
1459601234220,-8.795,0.0
1459601234230,-8.795,3.6200000000000004e-07
1459601234240,-8.795,0.0
1459601234250,-8.795,5.43e-06
1459601234260,-8.795,0.0
1459601234270,-8.795,0.0
1459601234280,-8.795,0.0
1459601234290,-8.795,0.0
1459601234300,-8.795,0.0
1459601234310,-8.795,0.0
1459601234320,-8.795,0.0
1459601234330,-8.795,0.0
1459601234340,-8.795,0.0
1459601234350,-8.795,0.0
1459601234360,-8.795,0.0
1459601234370,-8.795,0.0
1459601234380,-8.795,0.0
1459601234390,-8.795,0.0
1459601234400,-8.795,0.0
1459601234410,-8.795,6.154e-06
1459601234420,-8.795,0.0
1459601234430,-8.795,0.0
1459601234440,-8.795,0.0
1459601234450,-8.795,0.0
1459601234460,-8.795,0.0
1459601234470,-8.795,0.0
1459601234480,-8.795,0.0
1459601234490,-8.795,0.0
1459601234500,-8.795,0.0
1459601234510,-8.795,0.0
1459601234520,-8.795,0.0
1459601234530,-8.795,0.0
1459601234540,-8.795,0.0
1459601234550,-8.795,0.0
1459601234560,-8.795,0.0
1459601234570,-8.795,0.0
1459601234580,-8.795,0.0
1459601234590,-8.795,7.240000000000001e-07
1459601234600,-8.795,3.6200000000000004e-07
1459601234610,-8.795,3.6200000000000004e-07
1459601234620,-8.795,0.0
1459601234630,-8.795,7.240000000000001e-07
1459601234640,-8.795,0.0
1459601234650,-8.795,3.6200000000000004e-07
1459601234660,-8.795,0.0
1459601234670,-8.795,1.0859999999999999e-06
1459601234680,-8.795,0.0
1459601234690,-8.795,7.240000000000001e-07
1459601234700,-8.795,0.0
1459601234710,-8.795,1.0859999999999999e-06
1459601234720,-8.795,0.0
1459601234730,-8.795,0.0
1459601234740,-8.795,0.0
1459601234750,-8.795,3.6200000000000004e-07
1459601234760,-8.795,0.0
1459601234770,-8.795,3.6200000000000004e-07
1459601234780,-8.795,0.0
1459601234790,-8.795,7.240000000000001e-07
1459601234800,-8.795,0.0
1459601234810,-8.795,1.4480000000000002e-06
1459601234820,-8.795,0.0
1459601234830,-8.795,7.240000000000001e-07
1459601234840,-8.795,0.0
1459601234850,-8.795,3.6200000000000004e-07
1459601234860,-8.795,0.0
1459601234870,-8.795,7.240000000000001e-07
1459601234880,-8.795,0.0
1459601234890,-8.795,1.0859999999999999e-06
1459601234900,-8.795,0.0
1459601234910,-8.795,0.0
1459601234920,-8.795,0.0
1459601234930,-8.795,7.240000000000001e-07
1459601234940,-8.795,0.0
1459601234950,-8.795,7.240000000000001e-07
1459601234960,-8.795,0.0
1459601234970,-8.795,1.0859999999999999e-06
1459601234980,-8.795,0.0
1459601234990,-8.795,0.0
1459601235000,-8.795,0.0
1459601235010,-8.795,3.6200000000000004e-07
1459601235020,-8.795,1.0859999999999999e-06
1459601235030,-8.795,0.0
1459601235040,-8.795,0.0
1459601235050,-8.795,1.0859999999999999e-06
1459601235060,-8.795,3.6200000000000004e-07
1459601235070,-8.795,3.6200000000000004e-07
1459601235080,-8.795,0.0
1459601235090,-8.795,7.240000000000001e-07
1459601235100,-8.795,0.0
1459601235110,-8.795,7.240000000000001e-07
1459601235120,-8.795,0.0
1459601235130,-8.795,3.6200000000000004e-07
1459601235140,-8.795,0.0
1459601235150,-8.795,7.240000000000001e-07
1459601235160,-8.795,0.0
1459601235170,-8.795,3.6200000000000004e-07
1459601235180,-8.795,0.0
1459601235190,-8.795,1.0859999999999999e-06
1459601235200,-8.795,0.0
1459601235210,-8.795,0.0
1459601235220,-8.795,0.0
1459601235230,-8.795,7.240000000000001e-07
1459601235240,-8.795,0.0
1459601235250,-8.795,6.154e-06
1459601235260,-8.795,0.0
1459601235270,-8.795,0.0
1459601235280,-8.795,0.0
1459601235290,-8.795,0.0
1459601235300,-8.795,0.0
1459601235310,-8.795,0.0
1459601235320,-8.795,0.0
1459601235330,-8.795,0.0
1459601235340,-8.795,0.0
1459601235350,-8.795,0.0
1459601235360,-8.795,0.0
1459601235370,-8.795,0.0
1459601235380,-8.795,0.0
1459601235390,-8.795,3.6200000000000004e-07
1459601235400,-8.795,0.0
1459601235410,-8.795,0.0
1459601235420,-8.795,0.0
1459601235430,-8.795,1.0859999999999999e-06
1459601235440,-8.795,0.0
1459601235450,-8.795,7.240000000000001e-07
1459601235460,-8.795,0.0
1459601235470,-8.795,3.6200000000000004e-07
1459601235480,-8.795,0.0
1459601235490,-8.795,3.6200000000000004e-07
1459601235500,-8.795,0.0
1459601235510,-8.795,1.4480000000000002e-06
1459601235520,-8.795,0.0
1459601235530,-8.795,7.240000000000001e-07
1459601235540,-8.795,0.0
1459601235550,-8.795,3.6200000000000004e-07
1459601235560,-8.795,0.0
1459601235570,-8.795,3.6200000000000004e-07
1459601235580,-8.795,7.240000000000001e-07
1459601235590,-8.795,1.0859999999999999e-06
1459601235600,-8.795,0.0
1459601235610,-8.795,0.0
1459601235620,-8.795,3.6200000000000004e-07
1459601235630,-8.795,1.4480000000000002e-06
1459601235640,-8.795,0.0
1459601235650,-8.795,3.6200000000000004e-07
1459601235660,-8.795,0.0
1459601235670,-8.795,3.6200000000000004e-07
1459601235680,-8.795,0.0
1459601235690,-8.795,7.240000000000001e-07
1459601235700,-8.795,0.0
1459601235710,-8.795,0.0
1459601235720,-8.795,3.6200000000000004e-07
1459601235730,-8.795,3.6200000000000004e-07
1459601235740,-8.795,0.0
1459601235750,-8.795,1.81e-06
1459601235760,-8.795,0.0
1459601235770,-8.795,0.0
1459601235780,-8.795,0.0
1459601235790,-8.795,1.0859999999999999e-06
1459601235800,-8.795,0.0
1459601235810,-8.795,7.240000000000001e-07
1459601235820,-8.795,0.0
1459601235830,-8.795,7.240000000000001e-07
1459601235840,-8.795,0.0
1459601235850,-8.795,7.240000000000001e-07
1459601235860,-8.795,0.0
1459601235870,-8.795,1.0859999999999999e-06
1459601235880,-8.795,0.0
1459601235890,-8.795,1.4480000000000002e-06
1459601235900,-8.795,0.0
1459601235910,-8.795,0.0
1459601235920,-8.795,3.6200000000000004e-07
1459601235930,-8.795,0.0
1459601235940,-8.795,3.6200000000000004e-07
1459601235950,-8.795,7.240000000000001e-07
1459601235960,-8.795,0.0
1459601235970,-8.795,7.240000000000001e-07
1459601235980,-8.795,3.6200000000000004e-07
1459601235990,-8.795,0.0
1459601236000,-8.795,3.6200000000000004e-07
1459601236010,-8.795,7.240000000000001e-07
1459601236020,-8.795,3.6200000000000004e-07
1459601236030,-8.795,0.0
1459601236040,-8.795,3.6200000000000004e-07
1459601236050,-8.795,1.0859999999999999e-06
1459601236060,-8.795,0.0
1459601236070,-8.795,1.0859999999999999e-06
1459601236080,-8.795,0.0
1459601236090,-8.795,1.0859999999999999e-06
1459601236100,-8.795,0.0
1459601236110,-8.795,0.0
1459601236120,-8.795,0.0
1459601236130,-8.795,1.0859999999999999e-06
1459601236140,-8.795,0.0
1459601236150,-8.795,3.6200000000000004e-07
1459601236160,-8.795,0.0
1459601236170,-8.795,1.0859999999999999e-06
1459601236180,-8.795,0.0
1459601236190,-8.795,0.0
1459601236200,-8.795,0.0
1459601236210,-8.795,3.6200000000000004e-07
1459601236220,-8.795,0.0
1459601236230,-8.795,1.81e-06
1459601236240,-8.795,0.0
1459601236250,-8.795,6.154e-06
1459601236260,-8.795,0.0
1459601236270,-8.795,0.0
1459601236280,-8.795,0.0
1459601236290,-8.795,0.0
1459601236300,-8.795,0.0
1459601236310,-8.795,0.0
1459601236320,-8.795,0.0
1459601236330,-8.795,0.0
1459601236340,-8.795,0.0
1459601236350,-8.795,0.0
1459601236360,-8.795,0.0
1459601236370,-8.795,0.0
1459601236380,-8.795,0.0
1459601236390,-8.795,0.0
1459601236400,-8.795,0.0
1459601236410,-8.795,5.0680000000000004e-06
1459601236420,-8.795,0.0
1459601236430,-8.795,0.0
1459601236440,-8.795,0.0
1459601236450,-8.795,0.0
1459601236460,-8.795,0.0
1459601236470,-8.795,0.0
1459601236480,-8.795,0.0
1459601236490,-8.795,0.0
1459601236500,-8.795,0.0
1459601236510,-8.795,0.0
1459601236520,-8.795,0.0
1459601236530,-8.795,0.0
1459601236540,-8.795,0.0
1459601236550,-8.795,0.0
1459601236560,-8.795,0.0
1459601236570,-8.795,7.240000000000001e-07
1459601236580,-8.795,0.0
1459601236590,-8.795,7.240000000000001e-07
1459601236600,-8.795,0.0
1459601236610,-8.795,7.240000000000001e-07
1459601236620,-8.795,0.0
1459601236630,-8.795,3.6200000000000004e-07
1459601236640,-8.795,0.0
1459601236650,-8.795,3.6200000000000004e-07
1459601236660,-8.795,3.6200000000000004e-07
1459601236670,-8.795,3.6200000000000004e-07
1459601236680,-8.795,0.0
1459601236690,-8.795,1.0859999999999999e-06
1459601236700,-8.795,0.0
1459601236710,-8.795,1.0859999999999999e-06
1459601236720,-8.795,0.0
1459601236730,-8.795,3.6200000000000004e-07
1459601236740,-8.795,0.0
1459601236750,-8.795,3.6200000000000004e-07
1459601236760,-8.795,0.0
1459601236770,-8.795,1.0859999999999999e-06
1459601236780,-8.795,0.0
1459601236790,-8.795,7.240000000000001e-07
1459601236800,-8.795,0.0
1459601236810,-8.795,3.6200000000000004e-07
1459601236820,-8.795,0.0
1459601236830,-8.795,3.6200000000000004e-07
1459601236840,-8.795,0.0
1459601236850,-8.795,3.6200000000000004e-07
1459601236860,-8.795,0.0
1459601236870,-8.795,7.240000000000001e-07
1459601236880,-8.795,0.0
1459601236890,-8.795,7.240000000000001e-07
1459601236900,-8.795,0.0
1459601236910,-8.795,3.6200000000000004e-07
1459601236920,-8.795,0.0
1459601236930,-8.795,1.0859999999999999e-06
1459601236940,-8.795,0.0
1459601236950,-8.795,3.6200000000000004e-07
1459601236960,-8.795,0.0
1459601236970,-8.795,0.0
1459601236980,-8.795,7.240000000000001e-07
1459601236990,-8.795,7.240000000000001e-07
1459601237000,-8.795,0.0
1459601237010,-8.795,7.240000000000001e-07
1459601237020,-8.795,0.0
1459601237030,-8.795,7.240000000000001e-07
1459601237040,-8.795,0.0
1459601237050,-8.795,7.240000000000001e-07
1459601237060,-8.795,0.0
1459601237070,-8.795,7.240000000000001e-07
1459601237080,-8.795,3.6200000000000004e-07
1459601237090,-8.795,7.240000000000001e-07
1459601237100,-8.795,0.0
1459601237110,-8.795,3.6200000000000004e-07
1459601237120,-8.795,0.0
1459601237130,-8.795,7.240000000000001e-07
1459601237140,-8.795,0.0
1459601237150,-8.795,1.81e-06
1459601237160,-8.795,0.0
1459601237170,-8.795,0.0
1459601237180,-8.795,0.0
1459601237190,-8.795,3.6200000000000004e-07
1459601237200,-8.795,0.0
1459601237210,-8.795,7.240000000000001e-07
1459601237220,-8.795,0.0
1459601237230,-8.795,3.6200000000000004e-07
1459601237240,-8.795,7.240000000000001e-07
1459601237250,-8.795,5.43e-06
1459601237260,-8.795,0.0
1459601237270,-8.795,0.0
1459601237280,-8.795,0.0
1459601237290,-8.795,0.0
1459601237300,-8.795,0.0
1459601237310,-8.795,0.0
1459601237320,-8.795,0.0
1459601237330,-8.795,0.0
1459601237340,-8.795,0.0
1459601237350,-8.795,0.0
1459601237360,-8.795,0.0
1459601237370,-8.795,0.0
1459601237380,-8.795,0.0
1459601237390,-8.795,0.0
1459601237400,-8.795,3.6200000000000004e-07
1459601237410,-8.795,4.706e-06
1459601237420,-8.795,0.0
1459601237430,-8.795,0.0
1459601237440,-8.795,0.0
1459601237450,-8.795,0.0
1459601237460,-8.795,0.0
1459601237470,-8.795,0.0
1459601237480,-8.795,0.0
1459601237490,-8.795,0.0
1459601237500,-8.795,0.0
1459601237510,-8.795,0.0
1459601237520,-8.795,0.0
1459601237530,-8.795,0.0
1459601237540,-8.795,0.0
1459601237550,-8.795,7.240000000000001e-07
1459601237560,-8.795,0.0
1459601237570,-8.795,3.6200000000000004e-07
1459601237580,-8.795,0.0
1459601237590,-8.795,3.6200000000000004e-07
1459601237600,-8.795,0.0
1459601237610,-8.795,1.0859999999999999e-06
1459601237620,-8.795,0.0
1459601237630,-8.795,3.6200000000000004e-07
1459601237640,-8.795,0.0
1459601237650,-8.795,7.240000000000001e-07
1459601237660,-8.795,3.6200000000000004e-07
1459601237670,-8.795,7.240000000000001e-07
1459601237680,-8.795,0.0
1459601237690,-8.795,0.0
1459601237700,-8.795,7.240000000000001e-07
1459601237710,-8.795,0.0
1459601237720,-8.795,3.6200000000000004e-07
1459601237730,-8.795,3.6200000000000004e-07
1459601237740,-8.795,3.6200000000000004e-07
1459601237750,-8.795,0.0
1459601237760,-8.795,0.0
1459601237770,-8.795,1.0859999999999999e-06
1459601237780,-8.795,7.240000000000001e-07
1459601237790,-8.795,7.240000000000001e-07
1459601237800,-8.795,3.6200000000000004e-07
1459601237810,-8.795,1.4480000000000002e-06
1459601237820,-8.795,0.0
1459601237830,-8.795,0.0
1459601237840,-8.795,0.0
1459601237850,-8.795,3.6200000000000004e-07
1459601237860,-8.795,3.6200000000000004e-07
1459601237870,-8.795,3.6200000000000004e-07
1459601237880,-8.795,7.240000000000001e-07
1459601237890,-8.795,3.6200000000000004e-07
1459601237900,-8.795,0.0
1459601237910,-8.795,3.6200000000000004e-07
1459601237920,-8.795,3.6200000000000004e-07
1459601237930,-8.795,1.0859999999999999e-06
1459601237940,-8.795,0.0
1459601237950,-8.795,7.240000000000001e-07
1459601237960,-8.795,0.0
1459601237970,-8.795,7.240000000000001e-07
1459601237980,-8.795,0.0
1459601237990,-8.795,7.240000000000001e-07
1459601238000,-8.795,0.0
1459601238010,-8.795,7.240000000000001e-07
1459601238020,-8.795,0.0
1459601238030,-8.795,0.0
1459601238040,-8.795,0.0
1459601238050,-8.795,3.6200000000000004e-07
1459601238060,-8.795,1.0859999999999999e-06
1459601238070,-8.795,0.0
1459601238080,-8.795,0.0
1459601238090,-8.795,7.240000000000001e-07
1459601238100,-8.795,0.0
1459601238110,-8.795,3.6200000000000004e-07
1459601238120,-8.795,7.240000000000001e-07
1459601238130,-8.795,3.6200000000000004e-07
1459601238140,-8.795,0.0
1459601238150,-8.795,3.6200000000000004e-07
1459601238160,-8.795,0.0
1459601238170,-8.795,0.0
1459601238180,-8.795,3.6200000000000004e-07
1459601238190,-8.795,1.0859999999999999e-06
1459601238200,-8.795,0.0
1459601238210,-8.795,0.0
1459601238220,-8.795,3.6200000000000004e-07
1459601238230,-8.795,1.4480000000000002e-06
1459601238240,-8.795,0.0
1459601238250,-8.795,5.43e-06
1459601238260,-8.795,0.0
1459601238270,-8.795,0.0
1459601238280,-8.795,0.0
1459601238290,-8.795,0.0
1459601238300,-8.795,0.0
1459601238310,-8.795,0.0
1459601238320,-8.795,0.0
1459601238330,-8.795,0.0
1459601238340,-8.795,0.0
1459601238350,-8.795,0.0
1459601238360,-8.795,0.0
1459601238370,-8.795,0.0
1459601238380,-8.795,0.0
1459601238390,-8.795,7.240000000000001e-07
1459601238400,-8.795,0.0
1459601238410,-8.795,4.706e-06
1459601238420,-8.795,0.0
1459601238430,-8.795,0.0
1459601238440,-8.795,0.0
1459601238450,-8.795,0.0
1459601238460,-8.795,0.0
1459601238470,-8.795,0.0
1459601238480,-8.795,0.0
1459601238490,-8.795,0.0
1459601238500,-8.795,0.0
1459601238510,-8.795,0.0
1459601238520,-8.795,0.0
1459601238530,-8.795,0.0
1459601238540,-8.795,0.0
1459601238550,-8.795,0.0
1459601238560,-8.795,7.240000000000001e-07
1459601238570,-8.795,0.0
1459601238580,-8.795,7.240000000000001e-07
1459601238590,-8.795,1.81e-06
1459601238600,-8.795,0.0
1459601238610,-8.795,0.0
1459601238620,-8.795,0.0
1459601238630,-8.795,7.240000000000001e-07
1459601238640,-8.795,0.0
1459601238650,-8.795,0.0
1459601238660,-8.795,7.240000000000001e-07
1459601238670,-8.795,7.240000000000001e-07
1459601238680,-8.795,1.0859999999999999e-06
1459601238690,-8.795,0.0
1459601238700,-8.795,0.0
1459601238710,-8.795,3.6200000000000004e-07
1459601238720,-8.795,1.0859999999999999e-06
1459601238730,-8.795,0.0
1459601238740,-8.795,3.6200000000000004e-07
1459601238750,-8.795,0.0
1459601238760,-8.795,0.0
1459601238770,-8.795,7.240000000000001e-07
1459601238780,-8.795,3.6200000000000004e-07
1459601238790,-8.795,1.4480000000000002e-06
1459601238800,-8.795,3.6200000000000004e-07
1459601238810,-8.795,3.6200000000000004e-07
1459601238820,-8.795,7.240000000000001e-07
1459601238830,-8.795,7.240000000000001e-07
1459601238840,-8.795,7.240000000000001e-07
1459601238850,-8.795,7.240000000000001e-07
1459601238860,-8.795,0.0
1459601238870,-8.795,0.0
1459601238880,-8.795,3.6200000000000004e-07
1459601238890,-8.795,3.6200000000000004e-07
1459601238900,-8.795,3.6200000000000004e-07
1459601238910,-8.795,7.240000000000001e-07
1459601238920,-8.795,3.6200000000000004e-07
1459601238930,-8.795,7.240000000000001e-07
1459601238940,-8.795,7.240000000000001e-07
1459601238950,-8.795,3.6200000000000004e-07
1459601238960,-8.795,3.6200000000000004e-07
1459601238970,-8.795,7.240000000000001e-07
1459601238980,-8.795,1.4480000000000002e-06
1459601238990,-8.795,0.0
1459601239000,-8.795,0.0
1459601239010,-8.795,7.240000000000001e-07
1459601239020,-8.795,0.0
1459601239030,-8.795,0.0
1459601239040,-8.795,3.6200000000000004e-07
1459601239050,-8.795,0.0
1459601239060,-8.795,3.6200000000000004e-07
1459601239070,-8.795,7.240000000000001e-07
1459601239080,-8.795,3.6200000000000004e-07
1459601239090,-8.795,7.240000000000001e-07
1459601239100,-8.795,0.0
1459601239110,-8.795,1.0859999999999999e-06
1459601239120,-8.795,0.0
1459601239130,-8.795,3.6200000000000004e-07
1459601239140,-8.795,1.4480000000000002e-06
1459601239150,-8.795,7.240000000000001e-07
1459601239160,-8.795,7.240000000000001e-07
1459601239170,-8.795,0.0
1459601239180,-8.795,0.0
1459601239190,-8.795,0.0
1459601239200,-8.795,0.0
1459601239210,-8.795,3.6200000000000004e-07
1459601239220,-8.795,0.0
1459601239230,-8.795,1.4480000000000002e-06
1459601239240,-8.795,7.240000000000001e-07
1459601239250,-8.795,5.792000000000001e-06
1459601239260,-8.795,0.0
1459601239270,-8.795,0.0
1459601239280,-8.795,0.0
1459601239290,-8.795,0.0
1459601239300,-8.795,0.0
1459601239310,-8.795,0.0
1459601239320,-8.795,0.0
1459601239330,-8.795,0.0
1459601239340,-8.795,0.0
1459601239350,-8.795,0.0
1459601239360,-8.795,0.0
1459601239370,-8.795,0.0
1459601239380,-8.795,0.0
1459601239390,-8.795,0.0
1459601239400,-8.795,0.0
1459601239410,-8.795,5.0680000000000004e-06
1459601239420,-8.795,0.0
1459601239430,-8.795,0.0
1459601239440,-8.795,0.0
1459601239450,-8.795,0.0
1459601239460,-8.795,0.0
1459601239470,-8.795,0.0
1459601239480,-8.795,0.0
1459601239490,-8.795,0.0
1459601239500,-8.795,0.0
1459601239510,-8.795,0.0
1459601239520,-8.795,0.0
1459601239530,-8.795,0.0
1459601239540,-8.795,0.0
1459601239550,-8.795,0.0
1459601239560,-8.795,0.0
1459601239570,-8.795,3.6200000000000004e-07
1459601239580,-8.795,0.0
1459601239590,-8.795,1.0859999999999999e-06
1459601239600,-8.795,7.240000000000001e-07
1459601239610,-8.795,0.0
1459601239620,-8.795,0.0
1459601239630,-8.795,3.6200000000000004e-07
1459601239640,-8.795,0.0
1459601239650,-8.795,3.6200000000000004e-07
1459601239660,-8.795,3.6200000000000004e-07
1459601239670,-8.795,1.0859999999999999e-06
1459601239680,-8.795,0.0
1459601239690,-8.795,0.0
1459601239700,-8.795,3.6200000000000004e-07
1459601239710,-8.795,1.0859999999999999e-06
1459601239720,-8.795,0.0
1459601239730,-8.795,3.6200000000000004e-07
1459601239740,-8.795,0.0
1459601239750,-8.795,3.6200000000000004e-07
1459601239760,-8.795,0.0
1459601239770,-8.795,3.6200000000000004e-07
1459601239780,-8.795,7.240000000000001e-07
1459601239790,-8.795,1.0859999999999999e-06
1459601239800,-8.795,3.6200000000000004e-07
1459601239810,-8.795,0.0
1459601239820,-8.795,3.6200000000000004e-07
1459601239830,-8.795,1.4480000000000002e-06
1459601239840,-8.795,0.0
1459601239850,-8.795,1.0859999999999999e-06
1459601239860,-8.795,0.0
1459601239870,-8.795,0.0
1459601239880,-8.795,0.0
1459601239890,-8.795,0.0
1459601239900,-8.795,3.6200000000000004e-07
1459601239910,-8.795,1.4480000000000002e-06
1459601239920,-8.795,0.0
1459601239930,-8.795,3.6200000000000004e-07
1459601239940,-8.795,0.0
1459601239950,-8.795,7.240000000000001e-07
1459601239960,-8.795,0.0
1459601239970,-8.795,3.6200000000000004e-07
1459601239980,-8.795,0.0
1459601239990,-8.795,3.6200000000000004e-07
1459601240000,-8.795,0.0
1459601240010,-8.795,3.6200000000000004e-07
1459601240020,-8.795,0.0
1459601240030,-8.795,1.0859999999999999e-06
1459601240040,-8.795,7.240000000000001e-07
1459601240050,-8.795,3.6200000000000004e-07
1459601240060,-8.795,0.0
1459601240070,-8.795,3.6200000000000004e-07
1459601240080,-8.795,0.0
1459601240090,-8.795,3.6200000000000004e-07
1459601240100,-8.795,1.0859999999999999e-06
1459601240110,-8.795,0.0
1459601240120,-8.795,3.6200000000000004e-07
1459601240130,-8.795,3.6200000000000004e-07
1459601240140,-8.795,3.6200000000000004e-07
1459601240150,-8.795,7.240000000000001e-07
1459601240160,-8.795,3.6200000000000004e-07
1459601240170,-8.795,3.6200000000000004e-07
1459601240180,-8.795,3.6200000000000004e-07
1459601240190,-8.795,0.0
1459601240200,-8.795,7.240000000000001e-07
1459601240210,-8.795,1.4480000000000002e-06
1459601240220,-8.795,0.0
1459601240230,-8.795,0.0
1459601240240,-8.795,0.0
1459601240250,-8.795,5.0680000000000004e-06
1459601240260,-8.795,0.0
1459601240270,-8.795,0.0
1459601240280,-8.795,0.0
1459601240290,-8.795,0.0
1459601240300,-8.795,0.0
1459601240310,-8.795,0.0
1459601240320,-8.795,0.0
1459601240330,-8.795,0.0
1459601240340,-8.795,0.0
1459601240350,-8.795,0.0
1459601240360,-8.795,0.0
1459601240370,-8.795,0.0
1459601240380,-8.795,0.0
1459601240390,-8.795,3.6200000000000004e-07
1459601240400,-8.795,1.0859999999999999e-06
1459601240410,-8.795,3.982e-06
1459601240420,-8.795,0.0
1459601240430,-8.795,0.0
1459601240440,-8.795,0.0
1459601240450,-8.795,0.0
1459601240460,-8.795,0.0
1459601240470,-8.795,0.0
1459601240480,-8.795,0.0
1459601240490,-8.795,0.0
1459601240500,-8.795,0.0
1459601240510,-8.795,0.0
1459601240520,-8.795,0.0
1459601240530,-8.795,0.0
1459601240540,-8.795,0.0
1459601240550,-8.795,3.6200000000000004e-07
1459601240560,-8.795,0.0
1459601240570,-8.795,3.6200000000000004e-07
1459601240580,-8.795,0.0
1459601240590,-8.795,1.0859999999999999e-06
1459601240600,-8.795,0.0
1459601240610,-8.795,3.6200000000000004e-07
1459601240620,-8.795,0.0
1459601240630,-8.795,1.4480000000000002e-06
1459601240640,-8.795,0.0
1459601240650,-8.795,0.0
1459601240660,-8.795,3.6200000000000004e-07
1459601240670,-8.795,0.0
1459601240680,-8.795,3.6200000000000004e-07
1459601240690,-8.795,0.0
1459601240700,-8.795,3.6200000000000004e-07
1459601240710,-8.795,7.240000000000001e-07
1459601240720,-8.795,3.6200000000000004e-07
1459601240730,-8.795,7.240000000000001e-07
1459601240740,-8.795,0.0
1459601240750,-8.795,1.0859999999999999e-06
1459601240760,-8.795,3.6200000000000004e-07
1459601240770,-8.795,0.0
1459601240780,-8.795,3.6200000000000004e-07
1459601240790,-8.795,7.240000000000001e-07
1459601240800,-8.795,0.0
1459601240810,-8.795,1.0859999999999999e-06
1459601240820,-8.795,0.0
1459601240830,-8.795,3.6200000000000004e-07
1459601240840,-8.795,3.6200000000000004e-07
1459601240850,-8.795,7.240000000000001e-07
1459601240860,-8.795,0.0
1459601240870,-8.795,3.6200000000000004e-07
1459601240880,-8.795,0.0
1459601240890,-8.795,7.240000000000001e-07
1459601240900,-8.795,0.0
1459601240910,-8.795,3.6200000000000004e-07
1459601240920,-8.795,7.240000000000001e-07
1459601240930,-8.795,0.0
1459601240940,-8.795,0.0
1459601240950,-8.795,3.6200000000000004e-07
1459601240960,-8.795,3.6200000000000004e-07
1459601240970,-8.795,7.240000000000001e-07
1459601240980,-8.795,0.0
1459601240990,-8.795,7.240000000000001e-07
1459601241000,-8.795,0.0
1459601241010,-8.795,7.240000000000001e-07
1459601241020,-8.795,0.0
1459601241030,-8.795,0.0
1459601241040,-8.795,3.6200000000000004e-07
1459601241050,-8.795,3.6200000000000004e-07
1459601241060,-8.795,3.6200000000000004e-07
1459601241070,-8.795,3.6200000000000004e-07
1459601241080,-8.795,7.240000000000001e-07
1459601241090,-8.795,7.240000000000001e-07
1459601241100,-8.795,0.0
1459601241110,-8.795,0.0
1459601241120,-8.795,1.4480000000000002e-06
1459601241130,-8.795,0.0
1459601241140,-8.795,0.0
1459601241150,-8.795,7.240000000000001e-07
1459601241160,-8.795,0.0
1459601241170,-8.795,3.6200000000000004e-07
1459601241180,-8.795,3.6200000000000004e-07
1459601241190,-8.795,3.6200000000000004e-07
1459601241200,-8.795,3.6200000000000004e-07
1459601241210,-8.795,1.0859999999999999e-06
1459601241220,-8.795,0.0
1459601241230,-8.795,3.6200000000000004e-07
1459601241240,-8.795,0.0
1459601241250,-8.795,6.154e-06
1459601241260,-8.795,0.0
1459601241270,-8.795,0.0
1459601241280,-8.795,0.0
1459601241290,-8.795,0.0
1459601241300,-8.795,0.0
1459601241310,-8.795,0.0
1459601241320,-8.795,0.0
1459601241330,-8.795,0.0
1459601241340,-8.795,0.0
1459601241350,-8.795,0.0
1459601241360,-8.795,0.0
1459601241370,-8.795,0.0
1459601241380,-8.795,0.0
1459601241390,-8.795,0.0
1459601241400,-8.795,0.0
1459601241410,-8.795,3.982e-06
1459601241420,-8.795,0.0
1459601241430,-8.795,0.0
1459601241440,-8.795,0.0
1459601241450,-8.795,0.0
1459601241460,-8.795,0.0
1459601241470,-8.795,0.0
1459601241480,-8.795,0.0
1459601241490,-8.795,0.0
1459601241500,-8.795,0.0
1459601241510,-8.795,0.0
1459601241520,-8.795,0.0
1459601241530,-8.795,3.6200000000000004e-07
1459601241540,-8.795,0.0
1459601241550,-8.795,0.0
1459601241560,-8.795,0.0
1459601241570,-8.795,7.240000000000001e-07
1459601241580,-8.795,3.6200000000000004e-07
1459601241590,-8.795,3.6200000000000004e-07
1459601241600,-8.795,7.240000000000001e-07
1459601241610,-8.795,3.6200000000000004e-07
1459601241620,-8.795,7.240000000000001e-07
1459601241630,-8.795,0.0
1459601241640,-8.795,3.6200000000000004e-07
1459601241650,-8.795,1.0859999999999999e-06
1459601241660,-8.795,0.0
1459601241670,-8.795,0.0
1459601241680,-8.795,3.6200000000000004e-07
1459601241690,-8.795,3.6200000000000004e-07
1459601241700,-8.795,0.0
1459601241710,-8.795,3.6200000000000004e-07
1459601241720,-8.795,0.0
1459601241730,-8.795,7.240000000000001e-07
1459601241740,-8.795,0.0
1459601241750,-8.795,7.240000000000001e-07
1459601241760,-8.795,7.240000000000001e-07
1459601241770,-8.795,0.0
1459601241780,-8.795,0.0
1459601241790,-8.795,3.6200000000000004e-07
1459601241800,-8.795,0.0
1459601241810,-8.795,1.0859999999999999e-06
1459601241820,-8.795,0.0
1459601241830,-8.795,3.6200000000000004e-07
1459601241840,-8.795,0.0
1459601241850,-8.795,7.240000000000001e-07
1459601241860,-8.795,0.0
1459601241870,-8.795,3.6200000000000004e-07
1459601241880,-8.795,3.6200000000000004e-07
1459601241890,-8.795,7.240000000000001e-07
1459601241900,-8.795,0.0
1459601241910,-8.795,0.0
1459601241920,-8.795,3.6200000000000004e-07
1459601241930,-8.795,3.6200000000000004e-07
1459601241940,-8.795,3.6200000000000004e-07
1459601241950,-8.795,3.6200000000000004e-07
1459601241960,-8.795,3.6200000000000004e-07
1459601241970,-8.795,1.4480000000000002e-06
1459601241980,-8.795,0.0
1459601241990,-8.795,0.0
1459601242000,-8.795,0.0
1459601242010,-8.795,3.6200000000000004e-07
1459601242020,-8.795,3.6200000000000004e-07
1459601242030,-8.795,3.6200000000000004e-07
1459601242040,-8.795,3.6200000000000004e-07
1459601242050,-8.795,3.6200000000000004e-07
1459601242060,-8.795,3.6200000000000004e-07
1459601242070,-8.795,1.4480000000000002e-06
1459601242080,-8.795,0.0
1459601242090,-8.795,0.0
