Geom. emittance [m]	5.053054316048623E-10
Setup N Sigma	4.5
RMS Momentum Deviation	3.06E-4
Number	Status	Collimator Name	Angle (deg)	JAW L Calib (mm)	JAW R Calib (mm)	LVDT gap	Gap Offset (mm)	Half Gap Meas (mm)	Eff sigma in coll plane	JAW L Setting (mm)	JAW R Setting (mm)	Target HALF GAP sigma	Pos (m)	Angle (rad)	Betax (m)	Betay (m)	halfgap (m)	sig_coll (m)	sigx (m)	sigy (m)	nsig	tilt1 (rad)	tilt2 (rad)	Ratio beam size (meas/exp)	Dx (m)	sigx (m) (with Dx)	sig_coll (m) (with Dx)	Coll setup time (sec)	Comments
Horizontal
0	False	TCP.C6R7.B2	0.0	0.0	0.0	0.0	0.0	0.0	n/a	n/a	n/a	0.0	6461.74	0.0	150.5287247	82.76322816	0.0015720325352200932	2.757951816175602E-4	2.757951816175602E-4	2.0450112157736566E-4	5.7	0.0	0.0		-0.144715	0.001047509	0.001047509	0.0	
1	False	TCTPH.4R8.B2	0.0	0.0	0.0	0.0	0.0	0.0	0.34908062268062134	12.91598303918299	-12.91598303918299	37.0	3225.71	0.0	241.1556922	301.6943849	0.008727015567015533	3.4908062268062135E-4	3.4908062268062135E-4	3.904456573899343E-4	25.0	0.0	0.0	100%	0.05968	3.495579847421837E-4	3.495579847421837E-4	0.0	
2	False	TCP.C6R7.B2	0.0	0.0	0.0	0.0	0.0	0.0	n/a	n/a	n/a	0.0	6461.74	0.0	150.5287247	82.76322816	0.0015720325352200932	2.757951816175602E-4	2.757951816175602E-4	2.0450112157736566E-4	5.7	0.0	0.0		-0.144715	0.001047509	0.001047509	0.0	
3	True	TCP.C6R7.B2	0.0	1.735	-1.57	3.308096753429413	0.08250000000000002	1.6525	n/a	n/a	n/a	5.991765303178827	6461.74	0.0	150.5287247	82.76322816	0.0015720325352200932	2.757951816175602E-4	2.757951816175602E-4	2.0450112157736566E-4	5.7	0.0	0.0		-0.144715	0.001047509	0.001047509	1.461060818335E9	
4	True	TCL.6L1.B2	0.0	0.52	-0.58	1.1194841943103695	-0.02999999999999997	0.55	0.0874835836379353	2.1570895909483827	-2.2170895909483823	25.0	184.26	0.0	15.14604223	527.9008917	0.0017496716727587061	8.74835836379353E-5	8.74835836379353E-5	5.164796103672053E-4	20.0	0.0	0.0	100%	-0.105914	9.329397099017427E-5	9.329397099017427E-5	1.461061010913E9	
5	True	TCP.C6R7.B2	0.0	1.595	-1.37	2.964644279174462	0.11249999999999993	1.4825	n/a	n/a	n/a	5.375365846876012	6461.74	0.0	150.5287247	82.76322816	0.0015720325352200932	2.757951816175602E-4	2.757951816175602E-4	2.0450112157736566E-4	5.7	0.0	0.0		-0.144715	0.001047509	0.001047509	1.461061040061E9	
6	True	TCP.C6R7.B2	0.0	1.395	-1.025	2.420709815575786	0.18500000000000005	1.21	n/a	n/a	n/a	4.387313777214148	6461.74	0.0	150.5287247	82.76322816	0.0015720325352200932	2.757951816175602E-4	2.757951816175602E-4	2.0450112157736566E-4	5.7	0.0	0.0		-0.144715	0.001047509	0.001047509	1.461057163002E9	
7	True	TCL.5L1.B2	0.0	1.865	-0.975	2.821889209155959	0.445	1.42	0.32647584073868385	5.342137611080258	-4.452137611080257	15.0	184.26	0.0	210.9347494	1360.557973	0.006529516814773677	3.2647584073868387E-4	3.2647584073868387E-4	8.291545897902282E-4	20.0	0.0	0.0	100%	0.126681	3.2876914728725305E-4	3.2876914728725305E-4	1.461057419127E9	
8	True	TCP.C6R7.B2	0.0	1.355	-0.99	2.3441365103002143	0.1825	1.1724999999999999	n/a	n/a	n/a	4.251343308912056	6461.74	0.0	150.5287247	82.76322816	0.0015720325352200932	2.757951816175602E-4	2.757951816175602E-4	2.0450112157736566E-4	5.7	0.0	0.0		-0.144715	0.001047509	0.001047509	1.461057439106E9	
9	True	TCP.C6R7.B2	0.0	1.355	-0.99	2.343945658303899	0.1825	1.1724999999999999	n/a	n/a	n/a	4.251343308912056	6461.74	0.0	150.5287247	82.76322816	0.0015720325352200932	2.757951816175602E-4	2.757951816175602E-4	2.0450112157736566E-4	5.7	0.0	0.0		-0.144715	0.001047509	0.001047509	1.461057446089E9	
10	True	TCL.4L1.B2	0.0	2.45	-2.59	5.044198736814918	-0.06999999999999984	2.52	0.6191740799372368	9.217611199058553	-9.357611199058553	15.0	184.26	0.0	758.7025931	2140.634748	0.012383481598744736	6.191740799372368E-4	6.191740799372368E-4	0.0010400357519078397	20.0	0.0	0.0	100%	-0.084735	6.197167495234511E-4	6.197167495234511E-4	1.461057910285E9	
11	True	TCP.C6R7.B2	0.0	1.32	-0.93	2.2512569708327996	0.195	1.125	n/a	n/a	n/a	4.079114049062741	6461.74	0.0	150.5287247	82.76322816	0.0015720325352200932	2.757951816175602E-4	2.757951816175602E-4	2.0450112157736566E-4	5.7	0.0	0.0		-0.144715	0.001047509	0.001047509	1.461057954597E9	
12	False	TCP.C6R7.B2	0.0	0.0	0.0	0.0	0.0	0.0	n/a	n/a	n/a	0.0	6461.74	0.0	150.5287247	82.76322816	0.0015720325352200932	2.757951816175602E-4	2.757951816175602E-4	2.0450112157736566E-4	5.7	0.0	0.0		-0.144715	0.001047509	0.001047509	0.0	
13	False	TCSG.6L7.B2	0.499997349	0.0	0.0	0.0	0.0	0.0	0.41189408775498104	0.0	0.0	0.0	6811.58	0.0087266	335.7728359	47.355768	0.0027596903879583733	4.1189408775498107E-4	4.1190755973353793E-4	1.5469042241916507E-4	6.7	0.0	0.0	100%	0.203009	4.165655120664295E-4	4.1655183799482184E-4	0.0	
14	False	TCP.C6R7.B2	0.0	0.0	0.0	0.0	0.0	0.0	n/a	n/a	n/a	0.0	6461.74	0.0	150.5287247	82.76322816	0.0015720325352200932	2.757951816175602E-4	2.757951816175602E-4	2.0450112157736566E-4	5.7	0.0	0.0		-0.144715	0.001047509	0.001047509	0.0	
15	False	TCP.C6R7.B2	0.0	0.0	0.0	0.0	0.0	0.0	n/a	n/a	n/a	0.0	6461.74	0.0	150.5287247	82.76322816	0.0015720325352200932	2.757951816175602E-4	2.757951816175602E-4	2.0450112157736566E-4	5.7	0.0	0.0		0.0	-0.144715	0.001047509	0.001047509	
16	False	TCTPH.4R1.B2	0.0	0.0	0.0	0.0	0.0	0.0	1.042636805796297	14.284124239409268	-14.284124239409268	13.7	26511.36	0.0	2151.355281	813.8982779	0.015639552086944453	0.0010426368057962969	0.0010426368057962969	6.413011933535705E-4	15.0	0.0	0.0	100%	-0.018549	0.001042652255408769	0.001042652255408769	0.0	
17	False	TCP.C6R7.B2	0.0	0.0	0.0	0.0	0.0	0.0	n/a	n/a	n/a	0.0	6461.74	0.0	150.5287247	82.76322816	0.0015720325352200932	2.757951816175602E-4	2.757951816175602E-4	2.0450112157736566E-4	5.7	0.0	0.0		-0.144715	0.001047509	0.001047509	0.0	
18	False	TCP.C6R7.B2	0.0	0.0	0.0	0.0	0.0	0.0	n/a	n/a	n/a	0.0	6461.74	0.0	150.5287247	82.76322816	0.0015720325352200932	2.757951816175602E-4	2.757951816175602E-4	2.0450112157736566E-4	5.7	0.0	0.0		0.0	-0.144715	0.001047509	0.001047509	
19	False	TCTPH.4R2.B2	0.0	0.0	0.0	0.0	0.0	0.0	0.15366040395090835	5.685434946183609	-5.685434946183609	37.0	23208.65	0.0	46.72722331	48.65712591	0.003841510098772709	1.5366040395090836E-4	1.5366040395090836E-4	1.5680149874476544E-4	25.0	0.0	0.0	100%	0.072682	1.5526161187813037E-4	1.5526161187813037E-4	0.0	
20	False	TCP.C6R7.B2	0.0	0.0	0.0	0.0	0.0	0.0	n/a	n/a	n/a	0.0	6461.74	0.0	150.5287247	82.76322816	0.0015720325352200932	2.757951816175602E-4	2.757951816175602E-4	2.0450112157736566E-4	5.7	0.0	0.0		-0.144715	0.001047509	0.001047509	0.0	
21	False	TCP.C6R7.B2	0.0	0.0	0.0	0.0	0.0	0.0	n/a	n/a	n/a	0.0	6461.74	0.0	150.5287247	82.76322816	0.0015720325352200932	2.757951816175602E-4	2.757951816175602E-4	2.0450112157736566E-4	5.7	0.0	0.0		0.0	-0.144715	0.001047509	0.001047509	
22	False	TCLA.7L3.B2	0.0	0.0	0.0	0.0	0.0	0.0	0.18370067392609304	0.0	0.0	0.0	20244.62	0.0	66.7832473	93.22169934	0.0018370067392609304	1.8370067392609304E-4	1.8370067392609304E-4	2.1703785619088992E-4	10.0	0.0	0.0	100%	-1.213492	4.142835153989565E-4	4.142835153989565E-4	0.0	
23	False	TCP.C6R7.B2	0.0	0.0	0.0	0.0	0.0	0.0	n/a	n/a	n/a	0.0	6461.74	0.0	150.5287247	82.76322816	0.0015720325352200932	2.757951816175602E-4	2.757951816175602E-4	2.0450112157736566E-4	5.7	0.0	0.0		-0.144715	0.001047509	0.001047509	0.0	
24	False	TCP.C6R7.B2	0.0	0.0	0.0	0.0	0.0	0.0	n/a	n/a	n/a	0.0	6461.74	0.0	150.5287247	82.76322816	0.0015720325352200932	2.757951816175602E-4	2.757951816175602E-4	2.0450112157736566E-4	5.7	0.0	0.0		0.0	-0.144715	0.001047509	0.001047509	
25	False	TCLA.6L3.B2	0.0	0.0	0.0	0.0	0.0	0.0	0.2557456144333656	0.0	0.0	0.0	20173.21	0.0	129.4381877	168.7121537	0.0025574561443336558	2.5574561443336555E-4	2.5574561443336555E-4	2.9197802595805794E-4	10.0	0.0	0.0	100%	1.392604	4.969893480455156E-4	4.969893480455156E-4	0.0	
26	False	TCP.C6R7.B2	0.0	0.0	0.0	0.0	0.0	0.0	n/a	n/a	n/a	0.0	6461.74	0.0	150.5287247	82.76322816	0.0015720325352200932	2.757951816175602E-4	2.757951816175602E-4	2.0450112157736566E-4	5.7	0.0	0.0		-0.144715	0.001047509	0.001047509	0.0	
27	False	TCP.C6R7.B2	0.0	0.0	0.0	0.0	0.0	0.0	n/a	n/a	n/a	0.0	6461.74	0.0	150.5287247	82.76322816	0.0015720325352200932	2.757951816175602E-4	2.757951816175602E-4	2.0450112157736566E-4	5.7	0.0	0.0		0.0	-0.144715	0.001047509	0.001047509	
28	False	TCLA.B5L3.B2	0.0	0.0	0.0	0.0	0.0	0.0	0.276791883152673	0.0	0.0	0.0	20086.66	0.0	151.618688	168.6890508	0.0027679188315267297	2.76791883152673E-4	2.76791883152673E-4	2.919580340074726E-4	10.0	0.0	0.0	100%	2.092096	6.974567662274533E-4	6.974567662274533E-4	0.0	
29	False	TCP.C6R7.B2	0.0	0.0	0.0	0.0	0.0	0.0	n/a	n/a	n/a	0.0	6461.74	0.0	150.5287247	82.76322816	0.0015720325352200932	2.757951816175602E-4	2.757951816175602E-4	2.0450112157736566E-4	5.7	0.0	0.0		-0.144715	0.001047509	0.001047509	0.0	
30	False	TCP.C6R7.B2	0.0	0.0	0.0	0.0	0.0	0.0	n/a	n/a	n/a	0.0	6461.74	0.0	150.5287247	82.76322816	0.0015720325352200932	2.757951816175602E-4	2.757951816175602E-4	2.0450112157736566E-4	5.7	0.0	0.0		-0.144715	0.001047509	0.001047509	0.0	
31	False	TCSG.B5L3.B2	10.80025444	0.0	0.0	0.0	0.0	0.0	0.16658652903337182	0.0	0.0	0.0	20054.18	0.1885	45.5392187	312.6789585	0.0015492547200103579	1.665865290333718E-4	1.516944776850882E-4	3.974900955729606E-4	9.3	0.0	0.0	100%	1.33494	4.357483614542243E-4	4.344620590232098E-4	0.0	
32	False	TCP.C6R7.B2	0.0	0.0	0.0	0.0	0.0	0.0	n/a	n/a	n/a	0.0	6461.74	0.0	150.5287247	82.76322816	0.0015720325352200932	2.757951816175602E-4	2.757951816175602E-4	2.0450112157736566E-4	5.7	0.0	0.0		-0.144715	0.001047509	0.001047509	0.0	
33	False	TCP.C6R7.B2	0.0	0.0	0.0	0.0	0.0	0.0	n/a	n/a	n/a	0.0	6461.74	0.0	150.5287247	82.76322816	0.0015720325352200932	2.757951816175602E-4	2.757951816175602E-4	2.0450112157736566E-4	5.7	0.0	0.0		0.0	-0.144715	0.001047509	0.001047509	
34	False	TCSG.A5L3.B2	170.7987187	0.0	0.0	0.0	0.0	0.0	0.14868492881908182	0.0	0.0	0.0	20048.36	2.981	35.86868463	344.1125651	0.001382769838017461	1.4868492881908182E-4	1.346277875034008E-4	4.169915445527784E-4	9.3	0.0	0.0	100%	1.199268	3.908913296757513E-4	3.915803602607538E-4	0.0	
35	False	TCP.C6R7.B2	0.0	0.0	0.0	0.0	0.0	0.0	n/a	n/a	n/a	0.0	6461.74	0.0	150.5287247	82.76322816	0.0015720325352200932	2.757951816175602E-4	2.757951816175602E-4	2.0450112157736566E-4	5.7	0.0	0.0		-0.144715	0.001047509	0.001047509	0.0	
36	False	TCP.C6R7.B2	0.0	0.0	0.0	0.0	0.0	0.0	n/a	n/a	n/a	0.0	6461.74	0.0	150.5287247	82.76322816	0.0015720325352200932	2.757951816175602E-4	2.757951816175602E-4	2.0450112157736566E-4	5.7	0.0	0.0		-0.144715	0.001047509	0.001047509	0.0	
37	False	TCSG.4L3.B2	0.0	0.0	0.0	0.0	0.0	0.0	0.11508257905130713	0.0	0.0	0.0	20036.97	0.0	26.20989044	395.1961413	0.0010702679851771564	1.1508257905130713E-4	1.1508257905130713E-4	4.4687219285627144E-4	9.3	0.0	0.0	100%	0.955299	3.141589659002149E-4	3.141589659002149E-4	0.0	
38	False	TCP.C6R7.B2	0.0	0.0	0.0	0.0	0.0	0.0	n/a	n/a	n/a	0.0	6461.74	0.0	150.5287247	82.76322816	0.0015720325352200932	2.757951816175602E-4	2.757951816175602E-4	2.0450112157736566E-4	5.7	0.0	0.0		-0.144715	0.001047509	0.001047509	0.0	
39	False	TCP.C6R7.B2	0.0	0.0	0.0	0.0	0.0	0.0	n/a	n/a	n/a	0.0	6461.74	0.0	150.5287247	82.76322816	0.0015720325352200932	2.757951816175602E-4	2.757951816175602E-4	2.0450112157736566E-4	5.7	0.0	0.0		-0.144715	0.001047509	0.001047509	0.0	
40	False	TCSG.5R3.B2	0.0	0.0	0.0	0.0	0.0	0.0	0.16610865857362983	0.0	0.0	0.0	19850.48	0.0	54.60476917	298.618853	0.0015448105247347576	1.6610865857362984E-4	1.6610865857362984E-4	3.8845041948814256E-4	9.3	0.0	0.0	100%	-1.250069	4.1703056136083334E-4	4.1703056136083334E-4	0.0	
41	False	TCP.C6R7.B2	0.0	0.0	0.0	0.0	0.0	0.0	n/a	n/a	n/a	0.0	6461.74	0.0	150.5287247	82.76322816	0.0015720325352200932	2.757951816175602E-4	2.757951816175602E-4	2.0450112157736566E-4	5.7	0.0	0.0		-0.144715	0.001047509	0.001047509	0.0	
42	False	TCP.C6R7.B2	0.0	0.0	0.0	0.0	0.0	0.0	n/a	n/a	n/a	0.0	6461.74	0.0	150.5287247	82.76322816	0.0015720325352200932	2.757951816175602E-4	2.757951816175602E-4	2.0450112157736566E-4	5.7	0.0	0.0		-0.144715	0.001047509	0.001047509	0.0	
43	False	TCP.6R3.B2	0.0	0.0	0.0	0.0	0.0	0.0	0.2577977363945464	0.0	0.0	0.0	19817.11	0.0	131.5237651	144.6934368	0.002062381891156371	2.577977363945464E-4	2.577977363945464E-4	2.70396707695591E-4	8.0	0.0	0.0	100%	-2.281374	7.441800204272816E-4	7.441800204272816E-4	0.0	
44	False	TCP.C6R7.B2	0.0	0.0	0.0	0.0	0.0	0.0	n/a	n/a	n/a	0.0	6461.74	0.0	150.5287247	82.76322816	0.0015720325352200932	2.757951816175602E-4	2.757951816175602E-4	2.0450112157736566E-4	5.7	0.0	0.0		-0.144715	0.001047509	0.001047509	0.0	
45	True	TCP.C6R7.B2	0.0	1.595	-1.37	2.964529165502783	0.11249999999999993	1.4825	n/a	n/a	n/a	5.375365846876012	6461.74	0.0	150.5287247	82.76322816	0.0015720325352200932	2.757951816175602E-4	2.757951816175602E-4	2.0450112157736566E-4	5.7	0.0	0.0		-0.144715	0.001047509	0.001047509	1.461061098275E9	
46	True	TCL.6L5.B2	0.0	-2.31	-3.33	0.9545907230420054	-2.8200000000000003	0.51	0.07799402562795164	-0.8701493593012093	-4.769850640698792	25.0	13513.65	0.0	12.03839827	496.5914415	0.0015598805125590328	7.799402562795164E-5	7.799402562795164E-5	5.009294887291406E-4	20.0	0.0	0.0	100%	-0.10311	8.413426936991357E-5	8.413426936991357E-5	1.461061501065E9	
47	True	TCP.C6R7.B2	0.0	1.51	-1.185	2.6949497474640323	0.16249999999999998	1.3475000000000001	n/a	n/a	n/a	4.885872160988484	6461.74	0.0	150.5287247	82.76322816	0.0015720325352200932	2.757951816175602E-4	2.757951816175602E-4	2.0450112157736566E-4	5.7	0.0	0.0		-0.144715	0.001047509	0.001047509	1.461061515599E9	
48	True	TCP.C6R7.B2	0.0	1.32	-0.93	2.2512545999403653	0.195	1.125	n/a	n/a	n/a	4.079114049062741	6461.74	0.0	150.5287247	82.76322816	0.0015720325352200932	2.757951816175602E-4	2.757951816175602E-4	2.0450112157736566E-4	5.7	0.0	0.0		-0.144715	0.001047509	0.001047509	1.461057961446E9	
49	True	TCL.5L5.B2	0.0	-1.56	-4.45	2.8126236405545693	-3.005	1.445	0.32583881254830205	1.8825821882245313	-7.892582188224531	15.0	13513.65	0.0	210.1123897	1357.46531	0.006516776250966041	3.2583881254830203E-4	3.2583881254830203E-4	8.282116845095693E-4	20.0	0.0	0.0	100%	0.112119	3.2764004491832636E-4	3.2764004491832636E-4	1.461058060588E9	
50	True	TCP.C6R7.B2	0.0	1.305	-0.895	2.2014605658544477	0.20499999999999996	1.1	n/a	n/a	n/a	3.9884670701946807	6461.74	0.0	150.5287247	82.76322816	0.0015720325352200932	2.757951816175602E-4	2.757951816175602E-4	2.0450112157736566E-4	5.7	0.0	0.0		-0.144715	0.001047509	0.001047509	1.461058086017E9	
51	True	TCP.C6R7.B2	0.0	1.305	-0.895	2.2019142159799285	0.20499999999999996	1.1	n/a	n/a	n/a	3.9884670701946807	6461.74	0.0	150.5287247	82.76322816	0.0015720325352200932	2.757951816175602E-4	2.757951816175602E-4	2.0450112157736566E-4	5.7	0.0	0.0		-0.144715	0.001047509	0.001047509	1.461058092671E9	
52	True	TCL.4L5.B2	0.0	-0.56	-5.28	4.749331181200514	-2.92	2.3600000000000003	0.6191740834464492	6.367611251696738	-12.207611251696738	15.0	13513.65	0.0	758.7026017	2140.634742	0.012383481668928983	6.191740834464492E-4	6.191740834464492E-4	0.0010400357504502782	20.0	0.0	0.0	100%	-0.086731	6.197426083018086E-4	6.197426083018086E-4	1.461058173707E9	
53	True	TCP.C6R7.B2	0.0	1.28	-0.875	2.1561703916991686	0.2025	1.0775000000000001	n/a	n/a	n/a	3.906884789213426	6461.74	0.0	150.5287247	82.76322816	0.0015720325352200932	2.757951816175602E-4	2.757951816175602E-4	2.0450112157736566E-4	5.7	0.0	0.0		-0.144715	0.001047509	0.001047509	1.461058191258E9	
54	False	TCP.C6R7.B2	0.0	0.0	0.0	0.0	0.0	0.0	n/a	n/a	n/a	0.0	6461.74	0.0	150.5287247	82.76322816	0.0015720325352200932	2.757951816175602E-4	2.757951816175602E-4	2.0450112157736566E-4	5.7	0.0	0.0		-0.144715	0.001047509	0.001047509	0.0	
55	False	TCTPH.4R5.B2	0.0	0.0	0.0	0.0	0.0	0.0	1.0426368130659245	14.284124339003165	-14.284124339003165	13.7	13181.77	0.0	2151.355311	813.898276	0.01563955219598887	0.0010426368130659245	0.0010426368130659245	6.413011926050297E-4	15.0	0.0	0.0	100%	0.066929	0.0010428379383122684	0.0010428379383122684	0.0	
56	False	TCP.C6R7.B2	0.0	0.0	0.0	0.0	0.0	0.0	n/a	n/a	n/a	0.0	6461.74	0.0	150.5287247	82.76322816	0.0015720325352200932	2.757951816175602E-4	2.757951816175602E-4	2.0450112157736566E-4	5.7	0.0	0.0		-0.144715	0.001047509	0.001047509	0.0	
57	False	TCP.C6R7.B2	0.0	0.0	0.0	0.0	0.0	0.0	n/a	n/a	n/a	0.0	6461.74	0.0	150.5287247	82.76322816	0.0015720325352200932	2.757951816175602E-4	2.757951816175602E-4	2.0450112157736566E-4	5.7	0.0	0.0		-0.144715	0.001047509	0.001047509	0.0	
58	False	TCSP.A4L6.B2	0.0	0.0	0.0	0.0	0.0	0.0	0.5142580373256194	0.0	0.0	0.0	10151.26	0.0	523.3692583	173.623341	0.0035998062612793355	5.142580373256193E-4	5.142580373256193E-4	2.9619726072447597E-4	7.0	0.0	0.0	100%	-0.378185	5.271181217845296E-4	5.271181217845296E-4	0.0	
59	False	TCP.C6R7.B2	0.0	0.0	0.0	0.0	0.0	0.0	n/a	n/a	n/a	0.0	6461.74	0.0	150.5287247	82.76322816	0.0015720325352200932	2.757951816175602E-4	2.757951816175602E-4	2.0450112157736566E-4	5.7	0.0	0.0		-0.144715	0.001047509	0.001047509	0.0	
60	False	TCP.C6R7.B2	0.0	0.0	0.0	0.0	0.0	0.0	n/a	n/a	n/a	0.0	6461.74	0.0	150.5287247	82.76322816	0.0015720325352200932	2.757951816175602E-4	2.757951816175602E-4	2.0450112157736566E-4	5.7	0.0	0.0		-0.144715	0.001047509	0.001047509	0.0	
61	False	TCDQA.A4L6.B2	0.0	0.0	0.0	0.0	0.0	0.0	0.49680848794099325	0.0	0.0	0.0	10147.35	0.0	488.4544243	161.8607311	0.003974467903527946	4.968084879409932E-4	4.968084879409932E-4	2.8598794832713505E-4	8.0	0.0	0.0	100%	-0.374746	5.098709685530606E-4	5.098709685530606E-4	0.0	
62	False	TCP.C6R7.B2	0.0	0.0	0.0	0.0	0.0	0.0	n/a	n/a	n/a	0.0	6461.74	0.0	150.5287247	82.76322816	0.0015720325352200932	2.757951816175602E-4	2.757951816175602E-4	2.0450112157736566E-4	5.7	0.0	0.0		-0.144715	0.001047509	0.001047509	0.0	
63	False	TCP.C6R7.B2	0.0	0.0	0.0	0.0	0.0	0.0	n/a	n/a	n/a	0.0	6461.74	0.0	150.5287247	82.76322816	0.0015720325352200932	2.757951816175602E-4	2.757951816175602E-4	2.0450112157736566E-4	5.7	0.0	0.0		-0.144715	0.001047509	0.001047509	0.0	
64	False	TCLA.A7L7.B2	0.0	0.0	0.0	0.0	0.0	0.0	0.1825474637589314	0.0	0.0	0.0	6902.42	0.0	65.94739427	143.1335607	0.001825474637589314	1.825474637589314E-4	1.825474637589314E-4	2.6893524437428105E-4	10.0	0.0	0.0	100%	0.038348	1.8292423222044835E-4	1.8292423222044835E-4	0.0	
65	False	TCP.C6R7.B2	0.0	0.0	0.0	0.0	0.0	0.0	n/a	n/a	n/a	0.0	6461.74	0.0	150.5287247	82.76322816	0.0015720325352200932	2.757951816175602E-4	2.757951816175602E-4	2.0450112157736566E-4	5.7	0.0	0.0		-0.144715	0.001047509	0.001047509	0.0	
66	False	TCP.C6R7.B2	0.0	0.0	0.0	0.0	0.0	0.0	n/a	n/a	n/a	0.0	6461.74	0.0	150.5287247	82.76322816	0.0015720325352200932	2.757951816175602E-4	2.757951816175602E-4	2.0450112157736566E-4	5.7	0.0	0.0		-0.144715	0.001047509	0.001047509	0.0	
67	False	TCLA.D6L7.B2	0.0	0.0	0.0	0.0	0.0	0.0	0.18130070116555552	0.0	0.0	0.0	6885.07	0.0	65.04965549	157.9190127	0.0018130070116555552	1.813007011655555E-4	1.813007011655555E-4	2.824842205699059E-4	10.0	0.0	0.0	100%	0.0639	1.8235207620063463E-4	1.8235207620063463E-4	0.0	
68	False	TCP.C6R7.B2	0.0	0.0	0.0	0.0	0.0	0.0	n/a	n/a	n/a	0.0	6461.74	0.0	150.5287247	82.76322816	0.0015720325352200932	2.757951816175602E-4	2.757951816175602E-4	2.0450112157736566E-4	5.7	0.0	0.0		-0.144715	0.001047509	0.001047509	0.0	
69	False	TCP.C6R7.B2	0.0	0.0	0.0	0.0	0.0	0.0	n/a	n/a	n/a	0.0	6461.74	0.0	150.5287247	82.76322816	0.0015720325352200932	2.757951816175602E-4	2.757951816175602E-4	2.0450112157736566E-4	5.7	0.0	0.0		-0.144715	0.001047509	0.001047509	0.0	
70	False	TCLA.B6L7.B2	0.0	0.0	0.0	0.0	0.0	0.0	0.28390073646126696	0.0	0.0	0.0	6849.52	0.0	159.506752	76.38868983	0.002839007364612669	2.8390073646126693E-4	2.8390073646126693E-4	1.9646785967246172E-4	10.0	0.0	0.0	100%	0.127765	2.8658006283853357E-4	2.8658006283853357E-4	0.0	
71	False	TCP.C6R7.B2	0.0	0.0	0.0	0.0	0.0	0.0	n/a	n/a	n/a	0.0	6461.74	0.0	150.5287247	82.76322816	0.0015720325352200932	2.757951816175602E-4	2.757951816175602E-4	2.0450112157736566E-4	5.7	0.0	0.0		-0.144715	0.001047509	0.001047509	0.0	
72	False	TCP.C6R7.B2	0.0	0.0	0.0	0.0	0.0	0.0	n/a	n/a	n/a	0.0	6461.74	0.0	150.5287247	82.76322816	0.0015720325352200932	2.757951816175602E-4	2.757951816175602E-4	2.0450112157736566E-4	5.7	0.0	0.0		-0.144715	0.001047509	0.001047509	0.0	
73	False	TCSG.B4R7.B2	0.0	0.0	0.0	0.0	0.0	0.0	0.2767214007162017	0.0	0.0	0.0	6653.72	0.0	151.5414813	121.3205925	0.0018540333847985515	2.767214007162017E-4	2.767214007162017E-4	2.4759635368027966E-4	6.7	0.0	0.0	100%	0.065479	2.7744584680977684E-4	2.7744584680977684E-4	0.0	
74	False	TCP.C6R7.B2	0.0	0.0	0.0	0.0	0.0	0.0	n/a	n/a	n/a	0.0	6461.74	0.0	150.5287247	82.76322816	0.0015720325352200932	2.757951816175602E-4	2.757951816175602E-4	2.0450112157736566E-4	5.7	0.0	0.0		-0.144715	0.001047509	0.001047509	0.0	
75	False	TCP.C6R7.B2	0.0	0.0	0.0	0.0	0.0	0.0	0.27579518161756017	0.0	0.0	0.0	6461.74	0.0	150.5287247	82.76322816	0.0015720325352200932	2.757951816175602E-4	2.757951816175602E-4	2.0450112157736566E-4	5.7	0.0	0.0	100%	-0.144715	0.001047509	0.001047509	0.0	
Vertical
0	False	TCP.D6R7.B2	90.00021046	0.0	0.0	0.0	0.0	0.0	n/a	n/a	n/a	0.0	6459.74	1.5708	158.8711518	78.26335219	0.001133524892606091	1.9886401624668261E-4	2.8333453006977567E-4	1.9886401624530088E-4	5.7	0.0	0.0		-0.147645	0.001076134	7.55702E-4	0.0	
1	False	TCLIB.6L8.B2	90.00021046	0.0	0.0	0.0	0.0	0.0	0.07026552906890868	0.0	0.0	0.0	3560.34	1.5708	74.70839823	9.770812396	4.7780559766857894E-4	7.026552906890867E-5	1.9429503187708656E-4	7.026552906575826E-5	6.8	0.0	0.0	100%	0.084981	1.960274906783247E-4	7.02655290689736E-5	0.0	
2	False	TCP.D6R7.B2	90.00021046	0.0	0.0	0.0	0.0	0.0	n/a	n/a	n/a	0.0	6459.74	1.5708	158.8711518	78.26335219	0.001133524892606091	1.9886401624668261E-4	2.8333453006977567E-4	1.9886401624530088E-4	5.7	0.0	0.0		-0.147645	0.001076134	7.55702E-4	0.0	
3	False	TCP.D6R7.B2	90.00021046	0.0	0.0	0.0	0.0	0.0	n/a	n/a	n/a	0.0	6459.74	1.5708	158.8711518	78.26335219	0.001133524892606091	1.9886401624668261E-4	2.8333453006977567E-4	1.9886401624530088E-4	5.7	0.0	0.0		-0.147645	0.001076134	7.55702E-4	0.0	
4	False	TCLIA.4L8	90.00021046	0.0	0.0	0.0	0.0	0.0	0.5206978083260467	0.0	0.0	0.0	3419.4	1.5708	335.1824773	536.5590604	0.0035407450966171176	5.206978083260467E-4	4.115452907742518E-4	5.206978083273651E-4	6.8	0.0	0.0	100%	0.035782	4.116909196882593E-4	5.206978083260483E-4	0.0	
5	False	TCP.D6R7.B2	90.00021046	0.0	0.0	0.0	0.0	0.0	n/a	n/a	n/a	0.0	6459.74	1.5708	158.8711518	78.26335219	0.001133524892606091	1.9886401624668261E-4	2.8333453006977567E-4	1.9886401624530088E-4	5.7	0.0	0.0		-0.147645	0.001076134	7.55702E-4	0.0	
6	False	TCP.D6R7.B2	90.00021046	0.0	0.0	0.0	0.0	0.0	n/a	n/a	n/a	0.0	6459.74	1.5708	158.8711518	78.26335219	0.001133524892606091	1.9886401624668261E-4	2.8333453006977567E-4	1.9886401624530088E-4	5.7	0.0	0.0		-0.147645	0.001076134	7.55702E-4	0.0	
7	False	TCTPV.4R8.B2	90.00021046	0.0	0.0	0.0	0.0	0.0	0.3912208491105441	14.475171417090133	-14.475171417090133	37.0	3270.17	1.5708	251.6970136	302.8935436	0.009780521227763602	3.912208491105441E-4	3.566284734717671E-4	3.9122084911099024E-4	25.0	0.0	0.0	100%	-0.036314	3.5680155058747423E-4	3.912208491105462E-4	0.0	
8	False	TCP.D6R7.B2	90.00021046	0.0	0.0	0.0	0.0	0.0	n/a	n/a	n/a	0.0	6459.74	1.5708	158.8711518	78.26335219	0.001133524892606091	1.9886401624668261E-4	2.8333453006977567E-4	1.9886401624530088E-4	5.7	0.0	0.0		-0.147645	0.001076134	7.55702E-4	0.0	
9	False	TCP.D6R7.B2	90.00021046	0.0	0.0	0.0	0.0	0.0	n/a	n/a	n/a	0.0	6459.74	1.5708	158.8711518	78.26335219	0.001133524892606091	1.9886401624668261E-4	2.8333453006977567E-4	1.9886401624530088E-4	5.7	0.0	0.0		-0.147645	0.001076134	7.55702E-4	0.0	
10	False	TDI.4R8	90.00021046	0.0	0.0	0.0	0.0	0.0	0.4076652238417522	0.0	0.0	0.0	3262.82	1.5708	480.9694262	328.892041	0.002772123522123915	4.076652238417522E-4	4.929872853276583E-4	4.0766522384048053E-4	6.8	0.0	0.0	100%	-0.021026	4.93029268182472E-4	4.076652238417529E-4	0.0	
11	False	TCP.D6R7.B2	90.00021046	0.0	0.0	0.0	0.0	0.0	n/a	n/a	n/a	0.0	6459.74	1.5708	158.8711518	78.26335219	0.001133524892606091	1.9886401624668261E-4	2.8333453006977567E-4	1.9886401624530088E-4	5.7	0.0	0.0		-0.147645	0.001076134	7.55702E-4	0.0	
12	False	TCP.D6R7.B2	90.00021046	0.0	0.0	0.0	0.0	0.0	n/a	n/a	n/a	0.0	6459.74	1.5708	158.8711518	78.26335219	0.001133524892606091	1.9886401624668261E-4	2.8333453006977567E-4	1.9886401624530088E-4	5.7	0.0	0.0		-0.147645	0.001076134	7.55702E-4	0.0	
13	False	TCTPV.4R1.B2	90.00021046	0.0	0.0	0.0	0.0	0.0	0.6625370322081671	9.076757341251888	-9.076757341251888	13.7	26513.04	1.5708	2161.645607	868.6930549	0.009938055483122505	6.625370322081671E-4	0.001045127392436869	6.625370322015146E-4	15.0	0.0	0.0	100%	-0.017092	0.001045140479032284	6.625370322081674E-4	0.0	
14	False	TCP.D6R7.B2	90.00021046	0.0	0.0	0.0	0.0	0.0	n/a	n/a	n/a	0.0	6459.74	1.5708	158.8711518	78.26335219	0.001133524892606091	1.9886401624668261E-4	2.8333453006977567E-4	1.9886401624530088E-4	5.7	0.0	0.0		-0.147645	0.001076134	7.55702E-4	0.0	
15	False	TCP.D6R7.B2	90.00021046	0.0	0.0	0.0	0.0	0.0	n/a	n/a	n/a	0.0	6459.74	1.5708	158.8711518	78.26335219	0.001133524892606091	1.9886401624668261E-4	2.8333453006977567E-4	1.9886401624530088E-4	5.7	0.0	0.0		-0.147645	0.001076134	7.55702E-4	0.0	
16	False	TCTPV.4R2.B2	90.00021046	0.0	0.0	0.0	0.0	0.0	0.1532744192598476	5.671153512614362	-5.671153512614362	37.0	23253.11	1.5708	48.29409809	46.49276681	0.00383186048149619	1.532744192598476E-4	1.5621546043633136E-4	1.5327441925980755E-4	25.0	0.0	0.0	100%	0.043361	1.5677793935795994E-4	1.5327441925985536E-4	0.0	
17	False	TCP.D6R7.B2	90.00021046	0.0	0.0	0.0	0.0	0.0	n/a	n/a	n/a	0.0	6459.74	1.5708	158.8711518	78.26335219	0.001133524892606091	1.9886401624668261E-4	2.8333453006977567E-4	1.9886401624530088E-4	5.7	0.0	0.0		-0.147645	0.001076134	7.55702E-4	0.0	
18	False	TCP.D6R7.B2	90.00021046	0.0	0.0	0.0	0.0	0.0	n/a	n/a	n/a	0.0	6459.74	1.5708	158.8711518	78.26335219	0.001133524892606091	1.9886401624668261E-4	2.8333453006977567E-4	1.9886401624530088E-4	5.7	0.0	0.0		-0.147645	0.001076134	7.55702E-4	0.0	
19	False	TCLA.A5L3.B2	90.00021046	0.0	0.0	0.0	0.0	0.0	0.298230397182128	0.0	0.0	0.0	20084.66	1.5708	142.5330822	176.0150678	0.00298230397182128	2.9823039718212803E-4	2.6837052859627177E-4	2.9823039718251075E-4	10.0	0.0	0.0	100%	2.045473	6.810227601663918E-4	2.9823039719099014E-4	0.0	
20	False	TCP.D6R7.B2	90.00021046	0.0	0.0	0.0	0.0	0.0	n/a	n/a	n/a	0.0	6459.74	1.5708	158.8711518	78.26335219	0.001133524892606091	1.9886401624668261E-4	2.8333453006977567E-4	1.9886401624530088E-4	5.7	0.0	0.0		-0.147645	0.001076134	7.55702E-4	0.0	
21	False	TCP.D6R7.B2	90.00021046	0.0	0.0	0.0	0.0	0.0	n/a	n/a	n/a	0.0	6459.74	1.5708	158.8711518	78.26335219	0.001133524892606091	1.9886401624668261E-4	2.8333453006977567E-4	1.9886401624530088E-4	5.7	0.0	0.0		-0.147645	0.001076134	7.55702E-4	0.0	
22	False	TCTPV.4R5.B2	90.00021046	0.0	0.0	0.0	0.0	0.0	0.6625370314073504	9.076757330280701	-9.076757330280701	13.7	13183.45	1.5708	2161.645637	868.6930528	0.009938055471110256	6.625370314073504E-4	0.0010451273996891731	6.62537031400698E-4	15.0	0.0	0.0	100%	0.067022	0.0010453286036789103	6.625370314073547E-4	0.0	
23	False	TCP.D6R7.B2	90.00021046	0.0	0.0	0.0	0.0	0.0	n/a	n/a	n/a	0.0	6459.74	1.5708	158.8711518	78.26335219	0.001133524892606091	1.9886401624668261E-4	2.8333453006977567E-4	1.9886401624530088E-4	5.7	0.0	0.0		-0.147645	0.001076134	7.55702E-4	0.0	
24	False	TCP.D6R7.B2	90.00021046	0.0	0.0	0.0	0.0	0.0	n/a	n/a	n/a	0.0	6459.74	1.5708	158.8711518	78.26335219	0.001133524892606091	1.9886401624668261E-4	2.8333453006977567E-4	1.9886401624530088E-4	5.7	0.0	0.0		-0.147645	0.001076134	7.55702E-4	0.0	
25	False	TCLA.C6L7.B2	90.00021046	0.0	0.0	0.0	0.0	0.0	0.2770395652835187	0.0	0.0	0.0	6883.07	1.5708	68.61761432	151.8901558	0.002770395652835187	2.770395652835187E-4	1.862064800689374E-4	2.770395652845434E-4	10.0	0.0	0.0	100%	0.06811	1.8736922909383806E-4	2.7703956528352927E-4	0.0	
26	False	TCP.D6R7.B2	90.00021046	0.0	0.0	0.0	0.0	0.0	n/a	n/a	n/a	0.0	6459.74	1.5708	158.8711518	78.26335219	0.001133524892606091	1.9886401624668261E-4	2.8333453006977567E-4	1.9886401624530088E-4	5.7	0.0	0.0		-0.147645	0.001076134	7.55702E-4	0.0	
27	False	TCP.D6R7.B2	90.00021046	0.0	0.0	0.0	0.0	0.0	n/a	n/a	n/a	0.0	6459.74	1.5708	158.8711518	78.26335219	0.001133524892606091	1.9886401624668261E-4	2.8333453006977567E-4	1.9886401624530088E-4	5.7	0.0	0.0		-0.147645	0.001076134	7.55702E-4	0.0	
28	False	TCLA.A6L7.B2	90.00021046	0.0	0.0	0.0	0.0	0.0	0.15598977735835737	0.0	0.0	0.0	6818.65	1.5708	297.0811547	48.15465878	0.0015598977735835737	1.5598977735835736E-4	3.874489916070945E-4	1.5598977735291748E-4	10.0	0.0	0.0	100%	0.188135	3.9170262515233475E-4	1.559897773585007E-4	0.0	
29	False	TCP.D6R7.B2	90.00021046	0.0	0.0	0.0	0.0	0.0	n/a	n/a	n/a	0.0	6459.74	1.5708	158.8711518	78.26335219	0.001133524892606091	1.9886401624668261E-4	2.8333453006977567E-4	1.9886401624530088E-4	5.7	0.0	0.0		-0.147645	0.001076134	7.55702E-4	0.0	
30	False	TCP.D6R7.B2	90.00021046	0.0	0.0	0.0	0.0	0.0	n/a	n/a	n/a	0.0	6459.74	1.5708	158.8711518	78.26335219	0.001133524892606091	1.9886401624668261E-4	2.8333453006977567E-4	1.9886401624530088E-4	5.7	0.0	0.0		-0.147645	0.001076134	7.55702E-4	0.0	
31	False	TCSG.D4R7.B2	90.00021046	0.0	0.0	0.0	0.0	0.0	0.18653675075992396	0.0	0.0	0.0	6587.79	1.5708	332.9597021	68.86124155	0.0012497962300914906	1.8653675075992396E-4	4.1017843187650285E-4	1.8653675075509766E-4	6.7	0.0	0.0	100%	0.036724	4.103323389300663E-4	1.8653675075992854E-4	0.0	
32	False	TCP.D6R7.B2	90.00021046	0.0	0.0	0.0	0.0	0.0	n/a	n/a	n/a	0.0	6459.74	1.5708	158.8711518	78.26335219	0.001133524892606091	1.9886401624668261E-4	2.8333453006977567E-4	1.9886401624530088E-4	5.7	0.0	0.0		-0.147645	0.001076134	7.55702E-4	0.0	
33	False	TCP.D6R7.B2	90.00021046	0.0	0.0	0.0	0.0	0.0	0.19886401624668262	0.0	0.0	0.0	6459.74	1.5708	158.8711518	78.26335219	0.001133524892606091	1.9886401624668261E-4	2.8333453006977567E-4	1.9886401624530088E-4	5.7	0.0	0.0	100%	-0.147645	0.001076134	7.55702E-4	0.0	
Skew
0	False	TCP.B6R7.B2	127.5002982	0.0	0.0	0.0	0.0	0.0	n/a	n/a	n/a	0.0	6463.74	2.2253	142.4630115	87.48829404	0.0013307161370028032	2.3345897140400056E-4	2.683045536582187E-4	2.1025772323568831E-4	5.7	0.0	0.0		-0.141786	0.001019047	8.8693E-4	0.0	
1	False	TCSG.E5L7.B2	130.502597	0.0	0.0	0.0	0.0	0.0	0.30203569061104923	0.0	0.0	0.0	6776.98	2.2777	241.4148896	136.1186089	0.00202363912709403	3.0203569061104923E-4	3.4926817058696916E-4	2.6226222072511313E-4	6.7	0.0	0.0	100%	0.182925	3.537251209734342E-4	3.0421576399526857E-4	0.0	
2	False	TCP.B6R7.B2	127.5002982	0.0	0.0	0.0	0.0	0.0	n/a	n/a	n/a	0.0	6463.74	2.2253	142.4630115	87.48829404	0.0013307161370028032	2.3345897140400056E-4	2.683045536582187E-4	2.1025772323568831E-4	5.7	0.0	0.0		-0.141786	0.001019047	8.8693E-4	0.0	
3	False	TCP.B6R7.B2	127.5002982	0.0	0.0	0.0	0.0	0.0	n/a	n/a	n/a	0.0	6463.74	2.2253	142.4630115	87.48829404	0.0013307161370028032	2.3345897140400056E-4	2.683045536582187E-4	2.1025772323568831E-4	5.7	0.0	0.0		-0.141786	0.001019047	8.8693E-4	0.0	
4	False	TCSG.D5L7.B2	51.4000438	0.0	0.0	0.0	0.0	0.0	0.30166503553196666	0.0	0.0	0.0	6772.98	0.8971	213.890811	158.5542919	0.0020211557380641764	3.0166503553196664E-4	3.2875551488707993E-4	2.830518413671475E-4	6.7	0.0	0.0	100%	0.173696	3.3302434568424817E-4	3.034820662258357E-4	0.0	
5	False	TCP.B6R7.B2	127.5002982	0.0	0.0	0.0	0.0	0.0	n/a	n/a	n/a	0.0	6463.74	2.2253	142.4630115	87.48829404	0.0013307161370028032	2.3345897140400056E-4	2.683045536582187E-4	2.1025772323568831E-4	5.7	0.0	0.0		-0.141786	0.001019047	8.8693E-4	0.0	
6	False	TCP.B6R7.B2	127.5002982	0.0	0.0	0.0	0.0	0.0	n/a	n/a	n/a	0.0	6463.74	2.2253	142.4630115	87.48829404	0.0013307161370028032	2.3345897140400056E-4	2.683045536582187E-4	2.1025772323568831E-4	5.7	0.0	0.0		-0.141786	0.001019047	8.8693E-4	0.0	
7	False	TCSG.B5L7.B2	141.4976571	0.0	0.0	0.0	0.0	0.0	0.30018927624561126	0.0	0.0	0.0	6756.98	2.4696	121.856878	267.5824655	0.0020112681508455956	3.0018927624561126E-4	2.4814298767406474E-4	3.6771031154887496E-4	6.7	0.0	0.0	100%	0.136777	2.516479281165726E-4	3.019709059833377E-4	0.0	
8	False	TCP.B6R7.B2	127.5002982	0.0	0.0	0.0	0.0	0.0	n/a	n/a	n/a	0.0	6463.74	2.2253	142.4630115	87.48829404	0.0013307161370028032	2.3345897140400056E-4	2.683045536582187E-4	2.1025772323568831E-4	5.7	0.0	0.0		-0.141786	0.001019047	8.8693E-4	0.0	
9	False	TCP.B6R7.B2	127.5002982	0.0	0.0	0.0	0.0	0.0	n/a	n/a	n/a	0.0	6463.74	2.2253	142.4630115	87.48829404	0.0013307161370028032	2.3345897140400056E-4	2.683045536582187E-4	2.1025772323568831E-4	5.7	0.0	0.0		-0.141786	0.001019047	8.8693E-4	0.0	
10	False	TCSG.A4L7.B2	42.09979287	0.0	0.0	0.0	0.0	0.0	0.2601258370432622	0.0	0.0	0.0	6673.72	0.73478	99.5914145	175.945165	0.0017428431081898566	2.6012583704326217E-4	2.243302981945623E-4	2.981711715426455E-4	6.7	0.0	0.0	100%	0.072014	2.2541002750674135E-4	2.6063919142876694E-4	0.0	
11	False	TCP.B6R7.B2	127.5002982	0.0	0.0	0.0	0.0	0.0	n/a	n/a	n/a	0.0	6463.74	2.2253	142.4630115	87.48829404	0.0013307161370028032	2.3345897140400056E-4	2.683045536582187E-4	2.1025772323568831E-4	5.7	0.0	0.0		-0.141786	0.001019047	8.8693E-4	0.0	
12	False	TCP.B6R7.B2	127.5002982	0.0	0.0	0.0	0.0	0.0	n/a	n/a	n/a	0.0	6463.74	2.2253	142.4630115	87.48829404	0.0013307161370028032	2.3345897140400056E-4	2.683045536582187E-4	2.1025772323568831E-4	5.7	0.0	0.0		-0.141786	0.001019047	8.8693E-4	0.0	
13	False	TCSG.A4R7.B2	132.1011492	0.0	0.0	0.0	0.0	0.0	0.26111862966743304	0.0	0.0	0.0	6657.72	2.3056	139.7578883	130.9954789	0.0017494948187718015	2.6111862966743307E-4	2.657450283027241E-4	2.572794725660213E-4	6.7	0.0	0.0	100%	0.066786	2.665296817501456E-4	2.6147785670250823E-4	0.0	
14	False	TCP.B6R7.B2	127.5002982	0.0	0.0	0.0	0.0	0.0	n/a	n/a	n/a	0.0	6463.74	2.2253	142.4630115	87.48829404	0.0013307161370028032	2.3345897140400056E-4	2.683045536582187E-4	2.1025772323568831E-4	5.7	0.0	0.0		-0.141786	0.001019047	8.8693E-4	0.0	
15	False	TCP.B6R7.B2	127.5002982	0.0	0.0	0.0	0.0	0.0	n/a	n/a	n/a	0.0	6463.74	2.2253	142.4630115	87.48829404	0.0013307161370028032	2.3345897140400056E-4	2.683045536582187E-4	2.1025772323568831E-4	5.7	0.0	0.0		-0.141786	0.001019047	8.8693E-4	0.0	
16	False	TCSG.A5R7.B2	40.59978936	0.0	0.0	0.0	0.0	0.0	0.29225178972460747	0.0	0.0	0.0	6566.46	0.7086	185.9949819	145.9331951	0.0019580869911548704	2.922517897246075E-4	3.0656854797144156E-4	2.715526397137065E-4	6.7	0.0	0.0	100%	0.012556	3.0659262322234787E-4	2.922663491484053E-4	0.0	
17	False	TCP.B6R7.B2	127.5002982	0.0	0.0	0.0	0.0	0.0	n/a	n/a	n/a	0.0	6463.74	2.2253	142.4630115	87.48829404	0.0013307161370028032	2.3345897140400056E-4	2.683045536582187E-4	2.1025772323568831E-4	5.7	0.0	0.0		-0.141786	0.001019047	8.8693E-4	0.0	
18	False	TCP.B6R7.B2	127.5002982	0.0	0.0	0.0	0.0	0.0	n/a	n/a	n/a	0.0	6463.74	2.2253	142.4630115	87.48829404	0.0013307161370028032	2.3345897140400056E-4	2.683045536582187E-4	2.1025772323568831E-4	5.7	0.0	0.0		-0.141786	0.001019047	8.8693E-4	0.0	
19	False	TCSG.B5R7.B2	143.6004122	0.0	0.0	0.0	0.0	0.0	0.2863803337119469	0.0	0.0	0.0	6562.46	2.5063	160.015685	166.5173994	0.0019187482358700443	2.863803337119469E-4	2.843532921780099E-4	2.9007265705946196E-4	6.7	0.0	0.0	100%	0.007779	2.843632552789698E-4	2.8638674276871103E-4	0.0	
20	False	TCP.B6R7.B2	127.5002982	0.0	0.0	0.0	0.0	0.0	n/a	n/a	n/a	0.0	6463.74	2.2253	142.4630115	87.48829404	0.0013307161370028032	2.3345897140400056E-4	2.683045536582187E-4	2.1025772323568831E-4	5.7	0.0	0.0		-0.141786	0.001019047	8.8693E-4	0.0	
21	False	TCP.B6R7.B2	127.5002982	0.0	0.0	0.0	0.0	0.0	n/a	n/a	n/a	0.0	6463.74	2.2253	142.4630115	87.48829404	0.0013307161370028032	2.3345897140400056E-4	2.683045536582187E-4	2.1025772323568831E-4	5.7	0.0	0.0		-0.141786	0.001019047	8.8693E-4	0.0	
22	False	TCSG.A6R7.B2	141.3028514	0.0	0.0	0.0	0.0	0.0	0.23894200084206094	0.0	0.0	0.0	6503.24	2.4662	39.87234569	226.9255397	0.0016009114056418083	2.3894200084206095E-4	1.419426392877902E-4	3.386247300187552E-4	6.7	0.0	0.0	100%	-0.079761	1.4402571977228818E-4	2.3970008277610175E-4	0.0	
23	False	TCP.B6R7.B2	127.5002982	0.0	0.0	0.0	0.0	0.0	n/a	n/a	n/a	0.0	6463.74	2.2253	142.4630115	87.48829404	0.0013307161370028032	2.3345897140400056E-4	2.683045536582187E-4	2.1025772323568831E-4	5.7	0.0	0.0		-0.141786	0.001019047	8.8693E-4	0.0	
24	False	TCP.B6R7.B2	127.5002982	0.0	0.0	0.0	0.0	0.0	0.23345897140400057	0.0	0.0	0.0	6463.74	2.2253	142.4630115	87.48829404	0.0013307161370028032	2.3345897140400056E-4	2.683045536582187E-4	2.1025772323568831E-4	5.7	0.0	0.0	100%	-0.141786	0.001019047	8.8693E-4	0.0	