Timestamp,position,BLMTI.05R5.B1E10_TCL.5R5.B1
1461056739990,-9.415,0.0
1461056740000,-9.415,1.4480000000000002e-06
1461056740010,-9.415,0.0
1461056740020,-9.415,2.1719999999999997e-06
1461056740030,-9.415,0.0
1461056740040,-9.415,7.240000000000001e-07
1461056740050,-9.415,0.0
1461056740060,-9.415,3.6200000000000004e-07
1461056740070,-9.415,0.0
1461056740080,-9.415,7.240000000000001e-07
1461056740090,-9.415,0.0
1461056740100,-9.415,3.6200000000000004e-07
1461056740110,-9.415,0.0
1461056740120,-9.415,7.240000000000001e-07
1461056740130,-9.415,0.0
1461056740140,-9.415,3.6200000000000004e-07
1461056740150,-9.415,0.0
1461056740160,-9.415,1.81e-06
1461056740170,-9.415,0.0
1461056740180,-9.415,7.240000000000001e-07
1461056740190,-9.415,0.0
1461056740200,-9.415,1.81e-06
1461056740210,-9.415,0.0
1461056740220,-9.415,7.240000000000001e-07
1461056740230,-9.415,0.0
1461056740240,-9.415,1.0859999999999999e-06
1461056740250,-9.415,0.0
1461056740260,-9.415,3.6200000000000004e-07
1461056740270,-9.415,0.0
1461056740280,-9.415,1.81e-06
1461056740290,-9.415,0.0
1461056740300,-9.415,1.4480000000000002e-06
1461056740310,-9.415,0.0
1461056740320,-9.415,3.6200000000000004e-07
1461056740330,-9.415,0.0
1461056740340,-9.415,3.6200000000000004e-07
1461056740350,-9.415,0.0
1461056740360,-9.415,3.6200000000000004e-07
1461056740370,-9.415,0.0
1461056740380,-9.415,1.0859999999999999e-06
1461056740390,-9.415,0.0
1461056740400,-9.415,3.6200000000000004e-07
1461056740410,-9.415,0.0
1461056740420,-9.415,1.4480000000000002e-06
1461056740430,-9.415,0.0
1461056740440,-9.415,1.0859999999999999e-06
1461056740450,-9.415,0.0
1461056740460,-9.415,1.0859999999999999e-06
1461056740470,-9.415,0.0
1461056740480,-9.415,3.6200000000000004e-07
1461056740490,-9.415,0.0
1461056740500,-9.415,7.240000000000001e-07
1461056740510,-9.415,0.0
1461056740520,-9.415,7.240000000000001e-07
1461056740530,-9.415,0.0
1461056740540,-9.415,2.1719999999999997e-06
1461056740550,-9.415,0.0
1461056740560,-9.415,7.240000000000001e-07
1461056740570,-9.415,0.0
1461056740580,-9.415,0.0
1461056740590,-9.415,0.0
1461056740600,-9.415,7.240000000000001e-07
1461056740610,-9.415,0.0
1461056740620,-9.415,1.81e-06
1461056740630,-9.415,0.0
1461056740640,-9.415,1.4480000000000002e-06
1461056740650,-9.415,0.0
1461056740660,-9.415,1.0859999999999999e-06
1461056740670,-9.415,0.0
1461056740680,-9.415,7.240000000000001e-07
1461056740690,-9.415,0.0
1461056740700,-9.415,1.0859999999999999e-06
1461056740710,-9.415,0.0
1461056740720,-9.415,0.0
1461056740730,-9.415,0.0
1461056740740,-9.415,0.0
1461056740750,-9.415,0.0
1461056740760,-9.415,1.0859999999999999e-06
1461056740770,-9.415,0.0
1461056740780,-9.415,3.258e-06
1461056740790,-9.415,0.0
1461056740800,-9.415,0.0
1461056740810,-9.415,0.0
1461056740820,-9.415,0.0
1461056740830,-9.415,0.0
1461056740840,-9.415,0.0
1461056740850,-9.415,0.0
1461056740860,-9.415,1.81e-06
1461056740870,-9.415,0.0
1461056740880,-9.415,3.6200000000000004e-07
1461056740890,-9.415,0.0
1461056740900,-9.415,1.0859999999999999e-06
1461056740910,-9.415,0.0
1461056740920,-9.415,2.1719999999999997e-06
1461056740930,-9.415,0.0
1461056740940,-9.415,1.0859999999999999e-06
1461056740950,-9.415,0.0
1461056740960,-9.415,7.240000000000001e-07
1461056740970,-9.415,0.0
1461056740980,-9.415,1.0859999999999999e-06
1461056740990,-9.415,0.0
1461056741000,-9.415,0.0
1461056741010,-9.415,0.0
1461056741020,-9.415,2.1719999999999997e-06
1461056741030,-9.415,0.0
1461056741040,-9.415,0.0
1461056741050,-9.415,0.0
1461056741060,-9.415,1.0859999999999999e-06
1461056741070,-9.415,0.0
1461056741080,-9.415,7.240000000000001e-07
1461056741090,-9.415,0.0
1461056741100,-9.415,1.4480000000000002e-06
1461056741110,-9.415,0.0
1461056741120,-9.415,1.0859999999999999e-06
1461056741130,-9.415,0.0
1461056741140,-9.415,7.240000000000001e-07
1461056741150,-9.415,0.0
1461056741160,-9.415,2.1719999999999997e-06
1461056741170,-9.415,0.0
1461056741180,-9.415,0.0
1461056741190,-9.415,0.0
1461056741200,-9.415,0.0
1461056741210,-9.415,0.0
1461056741220,-9.415,1.0859999999999999e-06
1461056741230,-9.415,0.0
1461056741240,-9.415,1.4480000000000002e-06
1461056741250,-9.415,0.0
1461056741260,-9.415,3.6200000000000004e-07
1461056741270,-9.415,0.0
1461056741280,-9.415,7.240000000000001e-07
1461056741290,-9.415,0.0
1461056741300,-9.415,1.0859999999999999e-06
1461056741310,-9.415,0.0
1461056741320,-9.415,3.6200000000000004e-07
1461056741330,-9.415,0.0
1461056741340,-9.415,1.4480000000000002e-06
1461056741350,-9.415,0.0
1461056741360,-9.415,1.81e-06
1461056741370,-9.415,0.0
1461056741380,-9.415,1.0859999999999999e-06
1461056741390,-9.415,0.0
1461056741400,-9.415,7.240000000000001e-07
1461056741410,-9.415,0.0
1461056741420,-9.415,1.0859999999999999e-06
1461056741430,-9.415,0.0
1461056741440,-9.415,3.6200000000000004e-07
1461056741450,-9.415,0.0
1461056741460,-9.415,1.0859999999999999e-06
1461056741470,-9.415,0.0
1461056741480,-9.415,3.6200000000000004e-07
1461056741490,-9.415,0.0
1461056741500,-9.415,2.1719999999999997e-06
1461056741510,-9.415,0.0
1461056741520,-9.415,3.6200000000000004e-07
1461056741530,-9.415,0.0
1461056741540,-9.415,0.0
1461056741550,-9.415,0.0
1461056741560,-9.415,7.240000000000001e-07
1461056741570,-9.415,0.0
1461056741580,-9.415,1.4480000000000002e-06
1461056741590,-9.415,0.0
1461056741600,-9.415,1.4480000000000002e-06
1461056741610,-9.415,0.0
1461056741620,-9.415,1.4480000000000002e-06
1461056741630,-9.415,0.0
1461056741640,-9.415,7.240000000000001e-07
1461056741650,-9.415,0.0
1461056741660,-9.415,1.0859999999999999e-06
1461056741670,-9.415,0.0
1461056741680,-9.415,7.240000000000001e-07
1461056741690,-9.415,0.0
1461056741700,-9.415,0.0
1461056741710,-9.415,0.0
1461056741720,-9.415,7.240000000000001e-07
1461056741730,-9.415,0.0
1461056741740,-9.415,1.4480000000000002e-06
1461056741750,-9.415,0.0
1461056741760,-9.415,1.4480000000000002e-06
1461056741770,-9.415,0.0
1461056741780,-9.415,0.0
1461056741790,-9.415,0.0
1461056741800,-9.415,7.240000000000001e-07
1461056741810,-9.415,0.0
1461056741820,-9.415,1.0859999999999999e-06
1461056741830,-9.415,0.0
1461056741840,-9.415,1.4480000000000002e-06
1461056741850,-9.415,0.0
1461056741860,-9.415,0.0
1461056741870,-9.415,0.0
1461056741880,-9.415,1.0859999999999999e-06
1461056741890,-9.415,0.0
1461056741900,-9.415,1.4480000000000002e-06
1461056741910,-9.415,0.0
1461056741920,-9.415,7.240000000000001e-07
1461056741930,-9.415,0.0
1461056741940,-9.415,7.240000000000001e-07
1461056741950,-9.415,0.0
1461056741960,-9.415,1.0859999999999999e-06
1461056741970,-9.415,0.0
1461056741980,-9.415,1.0859999999999999e-06
1461056741990,-9.415,0.0
1461056742000,-9.415,1.4480000000000002e-06
1461056742010,-9.415,0.0
1461056742020,-9.415,0.0
1461056742030,-9.415,0.0
1461056742040,-9.415,7.240000000000001e-07
1461056742050,-9.415,0.0
1461056742060,-9.415,3.6200000000000004e-07
1461056742070,-9.415,0.0
1461056742080,-9.415,1.81e-06
1461056742090,-9.415,0.0
1461056742100,-9.415,3.6200000000000004e-07
1461056742110,-9.415,0.0
1461056742120,-9.415,2.1719999999999997e-06
1461056742130,-9.415,0.0
1461056742140,-9.415,1.0859999999999999e-06
1461056742150,-9.415,0.0
1461056742160,-9.415,0.0
1461056742170,-9.415,0.0
1461056742180,-9.415,7.240000000000001e-07
1461056742190,-9.415,0.0
1461056742200,-9.415,2.1719999999999997e-06
1461056742210,-9.415,0.0
1461056742220,-9.415,7.240000000000001e-07
1461056742230,-9.415,0.0
1461056742240,-9.415,0.0
1461056742250,-9.415,0.0
1461056742260,-9.415,1.0859999999999999e-06
1461056742270,-9.415,0.0
1461056742280,-9.415,7.240000000000001e-07
1461056742290,-9.415,0.0
1461056742300,-9.415,3.6200000000000004e-07
1461056742310,-9.415,0.0
1461056742320,-9.415,1.0859999999999999e-06
1461056742330,-9.415,0.0
1461056742340,-9.415,1.4480000000000002e-06
1461056742350,-9.415,0.0
1461056742360,-9.415,7.240000000000001e-07
1461056742370,-9.415,0.0
1461056742380,-9.415,7.240000000000001e-07
1461056742390,-9.415,0.0
1461056742400,-9.415,1.0859999999999999e-06
1461056742410,-9.415,0.0
1461056742420,-9.415,3.6200000000000004e-07
1461056742430,-9.415,0.0
1461056742440,-9.415,1.4480000000000002e-06
1461056742450,-9.415,0.0
1461056742460,-9.415,1.81e-06
1461056742470,-9.415,0.0
1461056742480,-9.415,3.6200000000000004e-07
1461056742490,-9.415,0.0
1461056742500,-9.415,7.240000000000001e-07
1461056742510,-9.415,0.0
1461056742520,-9.415,7.240000000000001e-07
1461056742530,-9.415,0.0
1461056742540,-9.415,7.240000000000001e-07
1461056742550,-9.415,0.0
1461056742560,-9.415,1.4480000000000002e-06
1461056742570,-9.415,0.0
1461056742580,-9.415,3.6200000000000004e-07
1461056742590,-9.415,0.0
1461056742600,-9.415,2.8960000000000003e-06
1461056742610,-9.415,0.0
1461056742620,-9.415,0.0
1461056742630,-9.415,0.0
1461056742640,-9.415,0.0
1461056742650,-9.415,0.0
1461056742660,-9.415,1.0859999999999999e-06
1461056742670,-9.415,0.0
1461056742680,-9.415,1.4480000000000002e-06
1461056742690,-9.415,0.0
1461056742700,-9.415,1.0859999999999999e-06
1461056742710,-9.415,0.0
1461056742720,-9.415,0.0
1461056742730,-9.415,0.0
1461056742740,-9.415,1.4480000000000002e-06
1461056742750,-9.415,0.0
1461056742760,-9.415,1.0859999999999999e-06
1461056742770,-9.415,0.0
1461056742780,-9.415,3.6200000000000004e-07
1461056742790,-9.415,0.0
1461056742800,-9.415,7.240000000000001e-07
1461056742810,-9.415,0.0
1461056742820,-9.415,1.0859999999999999e-06
1461056742830,-9.415,0.0
1461056742840,-9.415,1.0859999999999999e-06
1461056742850,-9.415,0.0
1461056742860,-9.415,1.81e-06
1461056742870,-9.415,0.0
1461056742880,-9.415,0.0
1461056742890,-9.415,0.0
1461056742900,-9.415,7.240000000000001e-07
1461056742910,-9.415,0.0
1461056742920,-9.415,7.240000000000001e-07
1461056742930,-9.415,0.0
1461056742940,-9.415,7.240000000000001e-07
1461056742950,-9.415,0.0
1461056742960,-9.415,1.4480000000000002e-06
1461056742970,-9.415,0.0
1461056742980,-9.415,1.4480000000000002e-06
1461056742990,-9.415,0.0
1461056743000,-9.415,7.240000000000001e-07
1461056743010,-9.415,0.0
1461056743020,-9.415,0.0
1461056743030,-9.415,0.0
1461056743040,-9.415,1.0859999999999999e-06
1461056743050,-9.415,0.0
1461056743060,-9.415,1.4480000000000002e-06
1461056743070,-9.415,0.0
1461056743080,-9.415,3.6200000000000004e-07
1461056743090,-9.415,0.0
1461056743100,-9.415,3.6200000000000004e-07
1461056743110,-9.415,0.0
1461056743120,-9.415,1.4480000000000002e-06
1461056743130,-9.415,0.0
1461056743140,-9.415,1.4480000000000002e-06
1461056743150,-9.415,0.0
1461056743160,-9.415,1.4480000000000002e-06
1461056743170,-9.415,0.0
1461056743180,-9.415,3.6200000000000004e-07
1461056743190,-9.415,0.0
1461056743200,-9.415,1.81e-06
1461056743210,-9.415,0.0
1461056743220,-9.415,0.0
1461056743230,-9.415,0.0
1461056743240,-9.415,7.240000000000001e-07
1461056743250,-9.415,0.0
1461056743260,-9.415,7.240000000000001e-07
1461056743270,-9.415,0.0
1461056743280,-9.415,3.6200000000000004e-07
1461056743290,-9.415,0.0
1461056743300,-9.415,1.4480000000000002e-06
1461056743310,-9.415,0.0
1461056743320,-9.415,1.81e-06
1461056743330,-9.415,0.0
1461056743340,-9.415,1.81e-06
1461056743350,-9.415,0.0
1461056743360,-9.415,3.6200000000000004e-07
1461056743370,-9.415,0.0
1461056743380,-9.415,1.0859999999999999e-06
1461056743390,-9.415,0.0
1461056743400,-9.415,3.6200000000000004e-07
1461056743410,-9.415,0.0
1461056743420,-9.415,1.81e-06
1461056743430,-9.415,0.0
1461056743440,-9.415,7.240000000000001e-07
1461056743450,-9.415,0.0
1461056743460,-9.415,7.240000000000001e-07
1461056743470,-9.415,0.0
1461056743480,-9.415,1.4480000000000002e-06
1461056743490,-9.415,0.0
1461056743500,-9.415,0.0
1461056743510,-9.415,0.0
1461056743520,-9.415,1.4480000000000002e-06
1461056743530,-9.415,0.0
1461056743540,-9.415,1.0859999999999999e-06
1461056743550,-9.415,0.0
1461056743560,-9.415,1.4480000000000002e-06
1461056743570,-9.415,0.0
1461056743580,-9.415,0.0
1461056743590,-9.415,0.0
1461056743600,-9.415,1.4480000000000002e-06
1461056743610,-9.415,0.0
1461056743620,-9.415,3.6200000000000004e-07
1461056743630,-9.415,0.0
1461056743640,-9.415,3.6200000000000004e-07
1461056743650,-9.415,0.0
1461056743660,-9.415,7.240000000000001e-07
1461056743670,-9.415,0.0
1461056743680,-9.415,1.81e-06
1461056743690,-9.415,0.0
1461056743700,-9.415,1.0859999999999999e-06
1461056743710,-9.415,0.0
1461056743720,-9.415,3.6200000000000004e-07
1461056743730,-9.415,0.0
1461056743740,-9.415,1.0859999999999999e-06
1461056743750,-9.415,0.0
1461056743760,-9.415,1.0859999999999999e-06
1461056743770,-9.415,0.0
1461056743780,-9.415,1.4480000000000002e-06
1461056743790,-9.415,0.0
1461056743800,-9.415,7.240000000000001e-07
1461056743810,-9.415,0.0
1461056743820,-9.415,1.0859999999999999e-06
1461056743830,-9.415,0.0
1461056743840,-9.415,7.240000000000001e-07
1461056743850,-9.415,0.0
1461056743860,-9.415,1.81e-06
1461056743870,-9.415,0.0
1461056743880,-9.415,0.0
1461056743890,-9.415,0.0
1461056743900,-9.415,0.0
1461056743910,-9.415,0.0
1461056743920,-9.415,1.4480000000000002e-06
1461056743930,-9.415,0.0
1461056743940,-9.415,1.0859999999999999e-06
1461056743950,-9.415,0.0
1461056743960,-9.415,7.240000000000001e-07
1461056743970,-9.415,0.0
1461056743980,-9.415,3.6200000000000004e-07
1461056743990,-9.415,0.0
1461056744000,-9.415,1.4480000000000002e-06
1461056744010,-9.415,0.0
1461056744020,-9.415,1.0859999999999999e-06
1461056744030,-9.415,0.0
1461056744040,-9.415,7.240000000000001e-07
1461056744050,-9.415,0.0
1461056744060,-9.415,1.4480000000000002e-06
1461056744070,-9.415,0.0
1461056744080,-9.415,0.0
1461056744090,-9.415,0.0
1461056744100,-9.415,7.240000000000001e-07
1461056744110,-9.415,0.0
1461056744120,-9.415,1.0859999999999999e-06
1461056744130,-9.415,0.0
1461056744140,-9.415,3.6200000000000004e-07
1461056744150,-9.415,0.0
1461056744160,-9.415,1.81e-06
1461056744170,-9.415,0.0
1461056744180,-9.415,2.1719999999999997e-06
1461056744190,-9.415,0.0
1461056744200,-9.415,0.0
1461056744210,-9.415,0.0
1461056744220,-9.415,3.6200000000000004e-07
1461056744230,-9.415,0.0
1461056744240,-9.415,7.240000000000001e-07
1461056744250,-9.415,0.0
1461056744260,-9.415,3.6200000000000004e-07
1461056744270,-9.415,0.0
1461056744280,-9.415,1.4480000000000002e-06
1461056744290,-9.415,0.0
1461056744300,-9.415,1.4480000000000002e-06
1461056744310,-9.415,0.0
1461056744320,-9.415,7.240000000000001e-07
1461056744330,-9.415,0.0
1461056744340,-9.415,1.0859999999999999e-06
1461056744350,-9.415,0.0
1461056744360,-9.415,0.0
1461056744370,-9.415,0.0
1461056744380,-9.415,1.0859999999999999e-06
1461056744390,-9.415,0.0
1461056744400,-9.415,1.81e-06
1461056744410,-9.415,0.0
1461056744420,-9.415,7.240000000000001e-07
1461056744430,-9.415,0.0
1461056744440,-9.415,1.4480000000000002e-06
1461056744450,-9.415,0.0
1461056744460,-9.415,1.4480000000000002e-06
1461056744470,-9.415,0.0
1461056744480,-9.415,0.0
1461056744490,-9.415,0.0
1461056744500,-9.415,0.0
1461056744510,-9.415,0.0
1461056744520,-9.415,1.0859999999999999e-06
1461056744530,-9.415,0.0
1461056744540,-9.415,1.81e-06
1461056744550,-9.415,0.0
1461056744560,-9.415,0.0
1461056744570,-9.415,0.0
1461056744580,-9.415,1.0859999999999999e-06
1461056744590,-9.415,0.0
1461056744600,-9.415,1.4480000000000002e-06
1461056744610,-9.415,0.0
1461056744620,-9.415,0.0
1461056744630,-9.415,0.0
1461056744640,-9.415,7.240000000000001e-07
1461056744650,-9.415,0.0
1461056744660,-9.415,1.81e-06
1461056744670,-9.415,0.0
1461056744680,-9.415,7.240000000000001e-07
1461056744690,-9.415,0.0
1461056744700,-9.415,1.0859999999999999e-06
1461056744710,-9.415,0.0
1461056744720,-9.415,1.0859999999999999e-06
1461056744730,-9.415,0.0
1461056744740,-9.415,0.0
1461056744750,-9.415,0.0
1461056744760,-9.415,7.240000000000001e-07
1461056744770,-9.415,0.0
1461056744780,-9.415,7.240000000000001e-07
1461056744790,-9.415,0.0
1461056744800,-9.415,2.8960000000000003e-06
1461056744810,-9.415,0.0
1461056744820,-9.415,0.0
1461056744830,-9.415,0.0
1461056744840,-9.415,0.0
1461056744850,-9.415,0.0
1461056744860,-9.415,1.0859999999999999e-06
1461056744870,-9.415,0.0
1461056744880,-9.415,1.0859999999999999e-06
1461056744890,-9.415,0.0
1461056744900,-9.415,3.6200000000000004e-07
1461056744910,-9.415,0.0
1461056744920,-9.415,1.81e-06
1461056744930,-9.415,0.0
1461056744940,-9.415,1.0859999999999999e-06
1461056744950,-9.415,0.0
1461056744960,-9.415,1.4480000000000002e-06
1461056744970,-9.415,0.0
1461056744980,-9.415,0.0
1461056744990,-9.415,0.0
1461056745000,-9.415,3.6200000000000004e-07
1461056745010,-9.415,0.0
1461056745020,-9.415,1.81e-06
1461056745030,-9.415,0.0
1461056745040,-9.415,2.1719999999999997e-06
1461056745050,-9.415,0.0
1461056745060,-9.415,0.0
1461056745070,-9.415,0.0
1461056745080,-9.415,0.0
1461056745090,-9.415,0.0
1461056745100,-9.415,1.81e-06
1461056745110,-9.415,0.0
1461056745120,-9.415,7.240000000000001e-07
1461056745130,-9.415,0.0
1461056745140,-9.415,7.240000000000001e-07
1461056745150,-9.415,0.0
1461056745160,-9.415,1.4480000000000002e-06
1461056745170,-9.415,0.0
1461056745180,-9.415,7.240000000000001e-07
1461056745190,-9.415,0.0
1461056745200,-9.415,1.81e-06
1461056745210,-9.415,0.0
1461056745220,-9.415,0.0
1461056745230,-9.415,0.0
1461056745240,-9.415,0.0
1461056745250,-9.415,0.0
1461056745260,-9.415,7.240000000000001e-07
1461056745270,-9.415,0.0
1461056745280,-9.415,1.4480000000000002e-06
1461056745290,-9.415,0.0
1461056745300,-9.415,3.6200000000000004e-07
1461056745310,-9.415,0.0
1461056745320,-9.415,2.5340000000000002e-06
1461056745330,-9.415,0.0
1461056745340,-9.415,3.6200000000000004e-07
1461056745350,-9.415,0.0
1461056745360,-9.415,0.0
1461056745370,-9.415,0.0
1461056745380,-9.415,3.6200000000000004e-07
1461056745390,-9.415,0.0
1461056745400,-9.415,1.81e-06
1461056745410,-9.415,0.0
1461056745420,-9.415,7.240000000000001e-07
1461056745430,-9.415,0.0
1461056745440,-9.415,7.240000000000001e-07
1461056745450,-9.415,0.0
1461056745460,-9.415,3.6200000000000004e-07
1461056745470,-9.415,0.0
1461056745480,-9.415,7.240000000000001e-07
1461056745490,-9.415,0.0
1461056745500,-9.415,7.240000000000001e-07
1461056745510,-9.415,0.0
1461056745520,-9.415,1.4480000000000002e-06
1461056745530,-9.415,0.0
1461056745540,-9.415,1.4480000000000002e-06
1461056745550,-9.415,0.0
1461056745560,-9.415,3.6200000000000004e-07
1461056745570,-9.415,0.0
1461056745580,-9.415,1.81e-06
1461056745590,-9.415,0.0
1461056745600,-9.415,7.240000000000001e-07
1461056745610,-9.415,0.0
1461056745620,-9.415,0.0
1461056745630,-9.415,0.0
1461056745640,-9.415,1.81e-06
1461056745650,-9.415,0.0
1461056745660,-9.415,0.0
1461056745670,-9.415,0.0
1461056745680,-9.415,0.0
1461056745690,-9.415,0.0
1461056745700,-9.415,0.0
1461056745710,-9.415,0.0
1461056745720,-9.415,0.0
1461056745730,-9.415,0.0
1461056745740,-9.415,0.0
1461056745750,-9.415,0.0
1461056745760,-9.415,3.6200000000000004e-07
1461056745770,-9.415,0.0
1461056745780,-9.415,0.0
1461056745790,-9.415,0.0
1461056745800,-9.415,2.1719999999999997e-06
1461056745810,-9.415,0.0
1461056745820,-9.415,7.240000000000001e-07
1461056745830,-9.415,0.0
1461056745840,-9.415,7.240000000000001e-07
1461056745850,-9.415,0.0
1461056745860,-9.415,7.240000000000001e-07
1461056745870,-9.415,0.0
1461056745880,-9.415,1.0859999999999999e-06
1461056745890,-9.415,0.0
1461056745900,-9.415,1.0859999999999999e-06
1461056745910,-9.415,0.0
1461056745920,-9.415,7.240000000000001e-07
1461056745930,-9.415,0.0
1461056745940,-9.415,1.0859999999999999e-06
1461056745950,-9.415,0.0
1461056745960,-9.415,1.0859999999999999e-06
1461056745970,-9.415,0.0
1461056745980,-9.415,1.81e-06
1461056745990,-9.415,0.0
1461056746000,-9.415,1.0859999999999999e-06
1461056746010,-9.415,0.0
1461056746020,-9.415,0.0
1461056746030,-9.415,0.0
1461056746040,-9.415,3.6200000000000004e-07
1461056746050,-9.415,0.0
1461056746060,-9.415,1.4480000000000002e-06
1461056746070,-9.415,0.0
1461056746080,-9.415,1.0859999999999999e-06
1461056746090,-9.415,0.0
1461056746100,-9.415,3.6200000000000004e-07
1461056746110,-9.415,0.0
1461056746120,-9.415,1.0859999999999999e-06
1461056746130,-9.415,0.0
1461056746140,-9.415,1.4480000000000002e-06
1461056746150,-9.415,0.0
1461056746160,-9.415,1.0859999999999999e-06
1461056746170,-9.415,0.0
1461056746180,-9.415,7.240000000000001e-07
1461056746190,-9.415,0.0
1461056746200,-9.415,0.0
1461056746210,-9.415,0.0
1461056746220,-9.415,7.240000000000001e-07
1461056746230,-9.415,0.0
1461056746240,-9.415,1.0859999999999999e-06
1461056746250,-9.415,0.0
1461056746260,-9.415,1.0859999999999999e-06
1461056746270,-9.415,0.0
1461056746280,-9.415,7.240000000000001e-07
1461056746290,-9.415,0.0
1461056746300,-9.415,1.4480000000000002e-06
1461056746310,-9.415,0.0
1461056746320,-9.415,1.81e-06
1461056746330,-9.415,0.0
1461056746340,-9.415,0.0
1461056746350,-9.415,0.0
1461056746360,-9.415,1.0859999999999999e-06
1461056746370,-9.415,0.0
1461056746380,-9.415,1.0859999999999999e-06
1461056746390,-9.415,0.0
1461056746400,-9.415,1.81e-06
1461056746410,-9.415,0.0
1461056746420,-9.415,7.240000000000001e-07
1461056746430,-9.415,0.0
1461056746440,-9.415,7.240000000000001e-07
1461056746450,-9.415,0.0
1461056746460,-9.415,1.4480000000000002e-06
1461056746470,-9.415,0.0
1461056746480,-9.415,1.0859999999999999e-06
1461056746490,-9.415,0.0
1461056746500,-9.415,7.240000000000001e-07
1461056746510,-9.415,0.0
1461056746520,-9.415,3.6200000000000004e-07
1461056746530,-9.415,0.0
1461056746540,-9.415,2.5340000000000002e-06
1461056746550,-9.415,0.0
1461056746560,-9.415,3.6200000000000004e-07
1461056746570,-9.415,0.0
1461056746580,-9.415,7.240000000000001e-07
1461056746590,-9.415,0.0
1461056746600,-9.415,1.0859999999999999e-06
1461056746610,-9.415,0.0
1461056746620,-9.415,1.81e-06
1461056746630,-9.415,0.0
1461056746640,-9.415,3.6200000000000004e-07
1461056746650,-9.415,0.0
1461056746660,-9.415,1.0859999999999999e-06
1461056746670,-9.415,0.0
1461056746680,-9.415,1.81e-06
1461056746690,-9.415,0.0
1461056746700,-9.415,0.0
1461056746710,-9.415,0.0
1461056746720,-9.415,7.240000000000001e-07
1461056746730,-9.415,0.0
1461056746740,-9.415,2.1719999999999997e-06
1461056746750,-9.415,0.0
1461056746760,-9.415,7.240000000000001e-07
1461056746770,-9.415,0.0
1461056746780,-9.415,1.0859999999999999e-06
1461056746790,-9.415,0.0
1461056746800,-9.415,0.0
1461056746810,-9.415,0.0
1461056746820,-9.415,3.6200000000000004e-07
1461056746830,-9.415,0.0
1461056746840,-9.415,2.1719999999999997e-06
1461056746850,-9.415,0.0
1461056746860,-9.415,0.0
1461056746870,-9.415,0.0
1461056746880,-9.415,1.4480000000000002e-06
1461056746890,-9.415,0.0
1461056746900,-9.415,0.0
1461056746910,-9.415,0.0
1461056746920,-9.415,1.81e-06
1461056746930,-9.415,0.0
1461056746940,-9.415,7.240000000000001e-07
1461056746950,-9.415,0.0
1461056746960,-9.415,7.240000000000001e-07
1461056746970,-9.415,0.0
1461056746980,-9.415,7.240000000000001e-07
1461056746990,-9.415,0.0
1461056747000,-9.415,1.4480000000000002e-06
1461056747010,-9.415,0.0
1461056747020,-9.415,2.1719999999999997e-06
1461056747030,-9.415,0.0
1461056747040,-9.415,0.0
1461056747050,-9.415,0.0
1461056747060,-9.415,3.6200000000000004e-07
1461056747070,-9.415,0.0
1461056747080,-9.415,1.0859999999999999e-06
1461056747090,-9.415,0.0
1461056747100,-9.415,7.240000000000001e-07
1461056747110,-9.415,0.0
1461056747120,-9.415,1.4480000000000002e-06
1461056747130,-9.415,0.0
1461056747140,-9.415,7.240000000000001e-07
1461056747150,-9.415,0.0
1461056747160,-9.415,3.6200000000000004e-07
1461056747170,-9.415,0.0
1461056747180,-9.415,1.0859999999999999e-06
1461056747190,-9.415,0.0
1461056747200,-9.415,3.6200000000000004e-07
1461056747210,-9.415,0.0
1461056747220,-9.415,1.81e-06
1461056747230,-9.415,0.0
1461056747240,-9.415,7.240000000000001e-07
1461056747250,-9.415,0.0
1461056747260,-9.415,2.1719999999999997e-06
1461056747270,-9.415,0.0
1461056747280,-9.415,2.5340000000000002e-06
1461056747290,-9.415,0.0
1461056747300,-9.415,0.0
1461056747310,-9.415,0.0
1461056747320,-9.415,0.0
1461056747330,-9.415,0.0
1461056747340,-9.415,7.240000000000001e-07
1461056747350,-9.415,0.0
1461056747360,-9.415,3.6200000000000004e-07
1461056747370,-9.415,0.0
1461056747380,-9.415,1.0859999999999999e-06
1461056747390,-9.415,0.0
1461056747400,-9.415,0.0
1461056747410,-9.415,0.0
1461056747420,-9.415,1.81e-06
1461056747430,-9.415,0.0
1461056747440,-9.415,7.240000000000001e-07
1461056747450,-9.415,0.0
1461056747460,-9.415,7.240000000000001e-07
1461056747470,-9.415,0.0
1461056747480,-9.415,1.0859999999999999e-06
1461056747490,-9.415,0.0
1461056747500,-9.415,1.4480000000000002e-06
1461056747510,-9.415,0.0
1461056747520,-9.415,7.240000000000001e-07
1461056747530,-9.415,0.0
1461056747540,-9.415,1.81e-06
1461056747550,-9.415,0.0
1461056747560,-9.415,7.240000000000001e-07
1461056747570,-9.415,0.0
1461056747580,-9.415,7.240000000000001e-07
1461056747590,-9.415,0.0
1461056747600,-9.415,3.6200000000000004e-07
1461056747610,-9.415,0.0
1461056747620,-9.415,7.240000000000001e-07
1461056747630,-9.415,0.0
1461056747640,-9.415,1.0859999999999999e-06
1461056747650,-9.415,0.0
1461056747660,-9.415,1.4480000000000002e-06
1461056747670,-9.415,0.0
1461056747680,-9.415,1.0859999999999999e-06
1461056747690,-9.415,0.0
1461056747700,-9.415,3.6200000000000004e-07
1461056747710,-9.415,0.0
1461056747720,-9.415,1.0859999999999999e-06
1461056747730,-9.415,0.0
1461056747740,-9.415,2.5340000000000002e-06
1461056747750,-9.415,0.0
1461056747760,-9.415,0.0
1461056747770,-9.415,0.0
1461056747780,-9.415,0.0
1461056747790,-9.415,0.0
1461056747800,-9.415,1.4480000000000002e-06
1461056747810,-9.415,0.0
1461056747820,-9.415,7.240000000000001e-07
1461056747830,-9.415,0.0
1461056747840,-9.415,0.0
1461056747850,-9.415,0.0
1461056747860,-9.415,1.4480000000000002e-06
1461056747870,-9.415,0.0
1461056747880,-9.415,7.240000000000001e-07
1461056747890,-9.415,0.0
1461056747900,-9.415,1.4480000000000002e-06
1461056747910,-9.415,0.0
1461056747920,-9.415,0.0
1461056747930,-9.415,0.0
1461056747940,-9.415,1.0859999999999999e-06
1461056747950,-9.415,0.0
1461056747960,-9.415,7.240000000000001e-07
1461056747970,-9.415,0.0
1461056747980,-9.415,7.240000000000001e-07
1461056747990,-9.415,0.0
1461056748000,-9.415,0.0
1461056748010,-9.415,0.0
1461056748020,-9.415,1.0859999999999999e-06
1461056748030,-9.415,0.0
1461056748040,-9.415,1.4480000000000002e-06
1461056748050,-9.415,0.0
1461056748060,-9.415,1.0859999999999999e-06
1461056748070,-9.415,0.0
1461056748080,-9.415,0.0
1461056748090,-9.415,0.0
1461056748100,-9.415,1.81e-06
1461056748110,-9.415,0.0
1461056748120,-9.415,0.0
1461056748130,-9.415,0.0
1461056748140,-9.415,1.4480000000000002e-06
1461056748150,-9.415,0.0
1461056748160,-9.415,1.4480000000000002e-06
1461056748170,-9.415,0.0
1461056748180,-9.415,0.0
1461056748190,-9.415,0.0
1461056748200,-9.415,1.4480000000000002e-06
1461056748210,-9.415,0.0
1461056748220,-9.415,1.81e-06
1461056748230,-9.415,0.0
1461056748240,-9.415,0.0
1461056748250,-9.415,0.0
1461056748260,-9.415,1.0859999999999999e-06
1461056748270,-9.415,0.0
1461056748280,-9.415,7.240000000000001e-07
1461056748290,-9.415,0.0
1461056748300,-9.415,1.4480000000000002e-06
1461056748310,-9.415,0.0
1461056748320,-9.415,7.240000000000001e-07
1461056748330,-9.415,0.0
1461056748340,-9.415,1.81e-06
1461056748350,-9.415,0.0
1461056748360,-9.415,0.0
1461056748370,-9.415,0.0
1461056748380,-9.415,1.81e-06
1461056748390,-9.415,0.0
1461056748400,-9.415,3.6200000000000004e-07
1461056748410,-9.415,0.0
1461056748420,-9.415,7.240000000000001e-07
1461056748430,-9.415,0.0
1461056748440,-9.415,7.240000000000001e-07
1461056748450,-9.415,0.0
1461056748460,-9.415,7.240000000000001e-07
1461056748470,-9.415,0.0
1461056748480,-9.415,3.6200000000000004e-07
1461056748490,-9.415,0.0
1461056748500,-9.415,1.0859999999999999e-06
1461056748510,-9.415,0.0
1461056748520,-9.415,1.0859999999999999e-06
1461056748530,-9.415,0.0
1461056748540,-9.415,1.0859999999999999e-06
1461056748550,-9.415,0.0
1461056748560,-9.415,7.240000000000001e-07
1461056748570,-9.415,0.0
1461056748580,-9.415,3.6200000000000004e-07
1461056748590,-9.415,0.0
1461056748600,-9.415,1.4480000000000002e-06
1461056748610,-9.415,0.0
1461056748620,-9.415,1.0859999999999999e-06
1461056748630,-9.415,0.0
1461056748640,-9.415,7.240000000000001e-07
1461056748650,-9.415,0.0
1461056748660,-9.415,1.0859999999999999e-06
1461056748670,-9.415,0.0
1461056748680,-9.415,2.1719999999999997e-06
1461056748690,-9.415,0.0
1461056748700,-9.415,0.0
1461056748710,-9.415,0.0
1461056748720,-9.415,0.0
1461056748730,-9.415,0.0
1461056748740,-9.415,1.0859999999999999e-06
1461056748750,-9.415,0.0
1461056748760,-9.415,3.6200000000000004e-07
1461056748770,-9.415,0.0
1461056748780,-9.415,1.4480000000000002e-06
1461056748790,-9.415,0.0
1461056748800,-9.415,7.240000000000001e-07
1461056748810,-9.415,0.0
1461056748820,-9.415,0.0
1461056748830,-9.415,0.0
1461056748840,-9.415,1.4480000000000002e-06
1461056748850,-9.415,0.0
1461056748860,-9.415,1.4480000000000002e-06
1461056748870,-9.415,0.0
1461056748880,-9.415,3.6200000000000004e-07
1461056748890,-9.415,0.0
1461056748900,-9.415,7.240000000000001e-07
1461056748910,-9.415,0.0
1461056748920,-9.415,7.240000000000001e-07
1461056748930,-9.415,0.0
1461056748940,-9.415,2.1719999999999997e-06
1461056748950,-9.415,0.0
1461056748960,-9.415,0.0
1461056748970,-9.415,0.0
1461056748980,-9.415,1.0859999999999999e-06
1461056748990,-9.415,0.0
1461056749000,-9.415,1.0859999999999999e-06
1461056749010,-9.415,0.0
1461056749020,-9.415,1.0859999999999999e-06
1461056749030,-9.415,0.0
1461056749040,-9.415,1.0859999999999999e-06
1461056749050,-9.415,0.0
1461056749060,-9.415,0.0
1461056749070,-9.415,0.0
1461056749080,-9.415,1.4480000000000002e-06
1461056749090,-9.415,0.0
1461056749100,-9.415,1.0859999999999999e-06
1461056749110,-9.415,0.0
1461056749120,-9.415,0.0
1461056749130,-9.415,0.0
1461056749140,-9.415,3.6200000000000004e-07
1461056749150,-9.415,0.0
1461056749160,-9.415,1.0859999999999999e-06
1461056749170,-9.415,0.0
1461056749180,-9.415,1.81e-06
1461056749190,-9.415,0.0
1461056749200,-9.415,3.6200000000000004e-07
1461056749210,-9.415,0.0
1461056749220,-9.415,7.240000000000001e-07
1461056749230,-9.415,0.0
1461056749240,-9.415,1.0859999999999999e-06
1461056749250,-9.415,0.0
1461056749260,-9.415,1.0859999999999999e-06
1461056749270,-9.415,0.0
1461056749280,-9.415,1.0859999999999999e-06
1461056749290,-9.415,0.0
1461056749300,-9.415,3.6200000000000004e-07
1461056749310,-9.415,0.0
1461056749320,-9.415,1.0859999999999999e-06
1461056749330,-9.415,0.0
1461056749340,-9.415,1.0859999999999999e-06
1461056749350,-9.415,0.0
1461056749360,-9.415,0.0
1461056749370,-9.415,0.0
1461056749380,-9.415,1.4480000000000002e-06
1461056749390,-9.415,0.0
1461056749400,-9.415,7.240000000000001e-07
1461056749410,-9.415,0.0
1461056749420,-9.415,7.240000000000001e-07
1461056749430,-9.415,0.0
1461056749440,-9.415,3.6200000000000004e-07
1461056749450,-9.415,0.0
1461056749460,-9.415,1.4480000000000002e-06
1461056749470,-9.415,0.0
1461056749480,-9.415,1.0859999999999999e-06
1461056749490,-9.415,0.0
1461056749500,-9.415,1.4480000000000002e-06
1461056749510,-9.415,0.0
1461056749520,-9.415,1.0859999999999999e-06
1461056749530,-9.415,0.0
1461056749540,-9.415,0.0
1461056749550,-9.415,0.0
1461056749560,-9.415,1.0859999999999999e-06
1461056749570,-9.415,0.0
1461056749580,-9.415,1.4480000000000002e-06
1461056749590,-9.415,0.0
1461056749600,-9.415,0.0
1461056749610,-9.415,0.0
1461056749620,-9.415,1.81e-06
1461056749630,-9.415,0.0
1461056749640,-9.415,1.0859999999999999e-06
1461056749650,-9.415,0.0
1461056749660,-9.415,7.240000000000001e-07
1461056749670,-9.415,0.0
1461056749680,-9.415,1.0859999999999999e-06
1461056749690,-9.415,0.0
1461056749700,-9.415,0.0
1461056749710,-9.415,0.0
1461056749720,-9.415,7.240000000000001e-07
1461056749730,-9.415,3.6200000000000004e-07
1461056749740,-9.415,1.4480000000000002e-06
1461056749750,-9.415,0.0
1461056749760,-9.415,1.0859999999999999e-06
1461056749770,-9.415,0.0
1461056749780,-9.415,7.240000000000001e-07
1461056749790,-9.415,0.0
1461056749800,-9.415,7.240000000000001e-07
1461056749810,-9.415,0.0
1461056749820,-9.415,1.4480000000000002e-06
1461056749830,-9.415,0.0
1461056749840,-9.415,7.240000000000001e-07
1461056749850,-9.415,0.0
1461056749860,-9.415,0.0
1461056749870,-9.415,0.0
1461056749880,-9.415,1.4480000000000002e-06
1461056749890,-9.415,0.0
1461056749900,-9.415,7.240000000000001e-07
1461056749910,-9.415,0.0
1461056749920,-9.415,1.4480000000000002e-06
1461056749930,-9.415,0.0
1461056749940,-9.415,3.6200000000000004e-07
1461056749950,-9.415,0.0
1461056749960,-9.415,1.0859999999999999e-06
1461056749970,-9.415,0.0
1461056749980,-9.415,2.5340000000000002e-06
1461056749990,-9.415,0.0
1461056750000,-9.415,7.240000000000001e-07
1461056750010,-9.415,0.0
1461056750020,-9.415,7.240000000000001e-07
1461056750030,-9.415,0.0
1461056750040,-9.415,1.0859999999999999e-06
1461056750050,-9.415,0.0
1461056750060,-9.415,2.1719999999999997e-06
1461056750070,-9.415,0.0
1461056750080,-9.415,0.0
1461056750090,-9.415,0.0
1461056750100,-9.415,0.0
1461056750110,-9.415,0.0
1461056750120,-9.415,3.6200000000000004e-07
1461056750130,-9.415,0.0
1461056750140,-9.415,1.4480000000000002e-06
1461056750150,-9.415,0.0
1461056750160,-9.415,7.240000000000001e-07
1461056750170,-9.415,0.0
1461056750180,-9.415,7.240000000000001e-07
1461056750190,-9.415,0.0
1461056750200,-9.415,2.1719999999999997e-06
1461056750210,-9.415,0.0
1461056750220,-9.415,1.4480000000000002e-06
1461056750230,-9.415,0.0
1461056750240,-9.415,0.0
1461056750250,-9.415,0.0
1461056750260,-9.415,0.0
1461056750270,-9.415,0.0
1461056750280,-9.415,1.0859999999999999e-06
1461056750290,-9.415,3.6200000000000004e-07
1461056750300,-9.415,3.6200000000000004e-07
1461056750310,-9.415,0.0
1461056750320,-9.415,2.1719999999999997e-06
1461056750330,-9.415,3.6200000000000004e-07
1461056750340,-9.415,0.0
1461056750350,-9.415,0.0
1461056750360,-9.415,1.81e-06
1461056750370,-9.415,0.0
1461056750380,-9.415,3.6200000000000004e-07
1461056750390,-9.415,0.0
1461056750400,-9.415,7.240000000000001e-07
1461056750410,-9.415,0.0
1461056750420,-9.415,1.0859999999999999e-06
1461056750430,-9.415,0.0
1461056750440,-9.415,7.240000000000001e-07
1461056750450,-9.415,0.0
1461056750460,-9.415,1.81e-06
1461056750470,-9.415,0.0
1461056750480,-9.415,1.0859999999999999e-06
1461056750490,-9.415,0.0
1461056750500,-9.415,3.6200000000000004e-07
1461056750510,-9.415,0.0
1461056750520,-9.415,1.81e-06
1461056750530,-9.415,0.0
1461056750540,-9.415,3.6200000000000004e-07
1461056750550,-9.415,0.0
1461056750560,-9.415,3.6200000000000004e-07
1461056750570,-9.415,0.0
1461056750580,-9.415,1.0859999999999999e-06
1461056750590,-9.415,0.0
1461056750600,-9.415,3.6200000000000004e-07
1461056750610,-9.415,0.0
1461056750620,-9.415,1.4480000000000002e-06
1461056750630,-9.415,0.0
1461056750640,-9.415,1.0859999999999999e-06
1461056750650,-9.415,0.0
1461056750660,-9.415,0.0
1461056750670,-9.415,0.0
1461056750680,-9.415,1.0859999999999999e-06
1461056750690,-9.415,0.0
1461056750700,-9.415,1.4480000000000002e-06
1461056750710,-9.415,0.0
1461056750720,-9.415,7.240000000000001e-07
1461056750730,-9.415,0.0
1461056750740,-9.415,0.0
1461056750750,-9.415,0.0
1461056750760,-9.415,7.240000000000001e-07
1461056750770,-9.415,0.0
1461056750780,-9.415,2.1719999999999997e-06
1461056750790,-9.415,0.0
1461056750800,-9.415,3.6200000000000004e-07
1461056750810,-9.415,0.0
1461056750820,-9.415,3.6200000000000004e-07
1461056750830,-9.415,0.0
1461056750840,-9.415,1.4480000000000002e-06
1461056750850,-9.415,0.0
1461056750860,-9.415,1.0859999999999999e-06
1461056750870,-9.415,0.0
1461056750880,-9.415,7.240000000000001e-07
1461056750890,-9.415,0.0
1461056750900,-9.415,3.6200000000000004e-07
1461056750910,-9.415,0.0
1461056750920,-9.415,1.81e-06
1461056750930,-9.415,0.0
1461056750940,-9.415,1.4480000000000002e-06
1461056750950,-9.415,0.0
1461056750960,-9.415,7.240000000000001e-07
1461056750970,-9.415,0.0
1461056750980,-9.415,0.0
1461056750990,-9.415,0.0
1461056751000,-9.415,1.81e-06
1461056751010,-9.415,0.0
1461056751020,-9.415,1.4480000000000002e-06
1461056751030,-9.415,0.0
1461056751040,-9.415,3.6200000000000004e-07
1461056751050,-9.415,0.0
1461056751060,-9.415,3.6200000000000004e-07
1461056751070,-9.415,0.0
1461056751080,-9.415,1.81e-06
1461056751090,-9.415,0.0
1461056751100,-9.415,0.0
1461056751110,-9.415,0.0
1461056751120,-9.415,1.4480000000000002e-06
1461056751130,-9.415,0.0
1461056751140,-9.415,0.0
1461056751150,-9.415,3.6200000000000004e-07
1461056751160,-9.415,7.240000000000001e-07
1461056751170,-9.415,0.0
1461056751180,-9.415,2.8960000000000003e-06
1461056751190,-9.415,0.0
1461056751200,-9.415,0.0
1461056751210,-9.415,0.0
1461056751220,-9.415,0.0
1461056751230,-9.415,0.0
1461056751240,-9.415,0.0
1461056751250,-9.415,0.0
1461056751260,-9.415,1.0859999999999999e-06
1461056751270,-9.415,0.0
1461056751280,-9.415,7.240000000000001e-07
1461056751290,-9.415,0.0
1461056751300,-9.415,1.4480000000000002e-06
1461056751310,-9.415,0.0
1461056751320,-9.415,1.0859999999999999e-06
1461056751330,-9.415,0.0
1461056751340,-9.415,7.240000000000001e-07
1461056751350,-9.415,0.0
1461056751360,-9.415,1.0859999999999999e-06
1461056751370,-9.415,0.0
1461056751380,-9.415,0.0
1461056751390,-9.415,0.0
1461056751400,-9.415,1.4480000000000002e-06
1461056751410,-9.415,0.0
1461056751420,-9.415,1.81e-06
1461056751430,-9.415,0.0
1461056751440,-9.415,7.240000000000001e-07
1461056751450,-9.415,0.0
1461056751460,-9.415,7.240000000000001e-07
1461056751470,-9.415,0.0
1461056751480,-9.415,1.0859999999999999e-06
1461056751490,-9.415,0.0
1461056751500,-9.415,0.0
1461056751510,-9.415,0.0
1461056751520,-9.415,1.0859999999999999e-06
1461056751530,-9.415,0.0
1461056751540,-9.415,7.240000000000001e-07
1461056751550,-9.415,0.0
1461056751560,-9.415,7.240000000000001e-07
1461056751570,-9.415,0.0
1461056751580,-9.415,3.6200000000000004e-07
1461056751590,-9.415,0.0
1461056751600,-9.415,7.240000000000001e-07
1461056751610,-9.415,0.0
1461056751620,-9.415,1.0859999999999999e-06
1461056751630,-9.415,3.6200000000000004e-07
1461056751640,-9.415,1.0859999999999999e-06
1461056751650,-9.415,0.0
1461056751660,-9.415,1.0859999999999999e-06
1461056751670,-9.415,0.0
1461056751680,-9.415,0.0
1461056751690,-9.415,0.0
1461056751700,-9.415,1.81e-06
1461056751710,-9.415,0.0
1461056751720,-9.415,7.240000000000001e-07
1461056751730,-9.415,0.0
1461056751740,-9.415,1.4480000000000002e-06
1461056751750,-9.415,0.0
1461056751760,-9.415,3.6200000000000004e-07
1461056751770,-9.415,3.6200000000000004e-07
1461056751780,-9.415,3.6200000000000004e-07
1461056751790,-9.415,0.0
1461056751800,-9.415,1.4480000000000002e-06
1461056751810,-9.415,0.0
1461056751820,-9.415,1.81e-06
1461056751830,-9.415,3.6200000000000004e-07
1461056751840,-9.415,1.0859999999999999e-06
1461056751850,-9.415,1.0859999999999999e-06
1461056751860,-9.415,0.0
1461056751870,-9.415,0.0
1461056751880,-9.415,7.240000000000001e-07
1461056751890,-9.415,0.0
1461056751900,-9.415,1.0859999999999999e-06
1461056751910,-9.415,0.0
1461056751920,-9.415,0.0
1461056751930,-9.415,3.6200000000000004e-07
1461056751940,-9.415,1.0859999999999999e-06
1461056751950,-9.415,0.0
1461056751960,-9.415,1.81e-06
1461056751970,-9.415,0.0
1461056751980,-9.415,7.240000000000001e-07
1461056751990,-9.415,7.240000000000001e-07
1461056752000,-9.415,7.240000000000001e-07
1461056752010,-9.415,0.0
1461056752020,-9.415,3.6200000000000004e-07
1461056752030,-9.415,0.0
1461056752040,-9.415,1.0859999999999999e-06
1461056752050,-9.415,0.0
1461056752060,-9.415,1.81e-06
1461056752070,-9.415,0.0
1461056752080,-9.415,0.0
1461056752090,-9.415,0.0
1461056752100,-9.415,3.6200000000000004e-07
1461056752110,-9.415,0.0
1461056752120,-9.415,1.0859999999999999e-06
1461056752130,-9.415,3.6200000000000004e-07
1461056752140,-9.415,1.0859999999999999e-06
1461056752150,-9.415,0.0
1461056752160,-9.415,1.4480000000000002e-06
1461056752170,-9.415,0.0
1461056752180,-9.415,7.240000000000001e-07
1461056752190,-9.415,3.6200000000000004e-07
1461056752200,-9.415,1.4480000000000002e-06
1461056752210,-9.415,7.240000000000001e-07
1461056752220,-9.415,7.240000000000001e-07
1461056752230,-9.415,0.0
1461056752240,-9.415,7.240000000000001e-07
1461056752250,-9.415,0.0
1461056752260,-9.415,0.0
1461056752270,-9.415,0.0
1461056752280,-9.415,7.240000000000001e-07
1461056752290,-9.415,1.4480000000000002e-06
1461056752300,-9.415,0.0
1461056752310,-9.415,7.240000000000001e-07
1461056752320,-9.415,0.0
1461056752330,-9.415,1.4480000000000002e-06
1461056752340,-9.415,0.0
1461056752350,-9.415,0.0
1461056752360,-9.415,7.240000000000001e-07
1461056752370,-9.415,0.0
1461056752380,-9.415,1.0859999999999999e-06
1461056752390,-9.415,0.0
1461056752400,-9.415,3.6200000000000004e-07
1461056752410,-9.415,3.6200000000000004e-07
1461056752420,-9.415,3.6200000000000004e-07
1461056752430,-9.415,0.0
1461056752440,-9.415,7.240000000000001e-07
1461056752450,-9.415,3.6200000000000004e-07
1461056752460,-9.415,1.0859999999999999e-06
1461056752470,-9.415,1.0859999999999999e-06
1461056752480,-9.415,0.0
1461056752490,-9.415,3.6200000000000004e-07
1461056752500,-9.415,0.0
1461056752510,-9.415,0.0
1461056752520,-9.415,1.0859999999999999e-06
1461056752530,-9.415,0.0
1461056752540,-9.415,7.240000000000001e-07
1461056752550,-9.415,1.4480000000000002e-06
1461056752560,-9.415,0.0
1461056752570,-9.415,7.240000000000001e-07
1461056752580,-9.415,1.4480000000000002e-06
1461056752590,-9.415,0.0
1461056752600,-9.415,3.6200000000000004e-07
1461056752610,-9.415,0.0
1461056752620,-9.415,0.0
1461056752630,-9.415,7.240000000000001e-07
1461056752640,-9.415,0.0
1461056752650,-9.415,7.240000000000001e-07
1461056752660,-9.415,7.240000000000001e-07
1461056752670,-9.415,7.240000000000001e-07
1461056752680,-9.415,7.240000000000001e-07
1461056752690,-9.415,1.0859999999999999e-06
1461056752700,-9.415,1.0859999999999999e-06
1461056752710,-9.415,0.0
1461056752720,-9.415,7.240000000000001e-07
1461056752730,-9.415,0.0
1461056752740,-9.415,7.240000000000001e-07
1461056752750,-9.415,0.0
1461056752760,-9.415,7.240000000000001e-07
1461056752770,-9.415,0.0
1461056752780,-9.415,7.240000000000001e-07
1461056752790,-9.415,3.6200000000000004e-07
1461056752800,-9.415,3.6200000000000004e-07
1461056752810,-9.415,7.240000000000001e-07
1461056752820,-9.415,3.6200000000000004e-07
1461056752830,-9.415,0.0
1461056752840,-9.415,7.240000000000001e-07
1461056752850,-9.415,0.0
1461056752860,-9.415,1.4480000000000002e-06
1461056752870,-9.415,3.6200000000000004e-07
1461056752880,-9.415,0.0
1461056752890,-9.415,0.0
1461056752900,-9.415,0.0
1461056752910,-9.415,7.240000000000001e-07
1461056752920,-9.415,1.0859999999999999e-06
1461056752930,-9.415,3.6200000000000004e-07
1461056752940,-9.415,0.0
1461056752950,-9.415,7.240000000000001e-07
1461056752960,-9.415,3.6200000000000004e-07
1461056752970,-9.415,0.0
1461056752980,-9.415,2.1719999999999997e-06
1461056752990,-9.415,1.4480000000000002e-06
1461056753000,-9.415,0.0
1461056753010,-9.415,3.6200000000000004e-07
1461056753020,-9.415,0.0
1461056753030,-9.415,3.6200000000000004e-07
1461056753040,-9.415,0.0
1461056753050,-9.415,3.6200000000000004e-07
1461056753060,-9.415,1.4480000000000002e-06
1461056753070,-9.415,3.6200000000000004e-07
1461056753080,-9.415,1.0859999999999999e-06
1461056753090,-9.415,0.0
1461056753100,-9.415,1.4480000000000002e-06
1461056753110,-9.415,7.240000000000001e-07
1461056753120,-9.415,0.0
1461056753130,-9.415,3.6200000000000004e-07
1461056753140,-9.415,3.6200000000000004e-07
1461056753150,-9.415,3.6200000000000004e-07
1461056753160,-9.415,7.240000000000001e-07
1461056753170,-9.415,3.6200000000000004e-07
1461056753180,-9.415,1.81e-06
1461056753190,-9.415,0.0
1461056753200,-9.415,1.4480000000000002e-06
1461056753210,-9.415,0.0
1461056753220,-9.415,7.240000000000001e-07
1461056753230,-9.415,7.240000000000001e-07
1461056753240,-9.415,3.6200000000000004e-07
1461056753250,-9.415,3.6200000000000004e-07
1461056753260,-9.415,1.0859999999999999e-06
1461056753270,-9.415,0.0
1461056753280,-9.415,1.0859999999999999e-06
1461056753290,-9.415,0.0
1461056753300,-9.415,3.6200000000000004e-07
1461056753310,-9.415,7.240000000000001e-07
1461056753320,-9.415,0.0
1461056753330,-9.415,3.6200000000000004e-07
1461056753340,-9.415,1.4480000000000002e-06
1461056753350,-9.415,7.240000000000001e-07
1461056753360,-9.415,7.240000000000001e-07
1461056753370,-9.415,3.6200000000000004e-07
1461056753380,-9.415,3.6200000000000004e-07
1461056753390,-9.415,3.6200000000000004e-07
1461056753400,-9.415,0.0
1461056753410,-9.415,3.6200000000000004e-07
1461056753420,-9.415,7.240000000000001e-07
1461056753430,-9.415,1.0859999999999999e-06
1461056753440,-9.415,0.0
1461056753450,-9.415,1.4480000000000002e-06
1461056753460,-9.415,7.240000000000001e-07
1461056753470,-9.415,0.0
1461056753480,-9.415,0.0
1461056753490,-9.415,1.4480000000000002e-06
1461056753500,-9.415,0.0
1461056753510,-9.415,1.0859999999999999e-06
1461056753520,-9.415,0.0
1461056753530,-9.415,0.0
1461056753540,-9.415,0.0
1461056753550,-9.415,0.0
1461056753560,-9.415,3.6200000000000004e-07
1461056753570,-9.415,7.240000000000001e-07
1461056753580,-9.415,1.81e-06
1461056753590,-9.415,1.81e-06
1461056753600,-9.415,7.240000000000001e-07
1461056753610,-9.415,1.0859999999999999e-06
1461056753620,-9.415,0.0
1461056753630,-9.415,1.0859999999999999e-06
1461056753640,-9.415,0.0
1461056753650,-9.415,1.81e-06
1461056753660,-9.415,0.0
1461056753670,-9.415,0.0
1461056753680,-9.415,0.0
1461056753690,-9.415,0.0
1461056753700,-9.415,0.0
1461056753710,-9.415,3.6200000000000004e-07
1461056753720,-9.415,0.0
1461056753730,-9.415,1.4480000000000002e-06
1461056753740,-9.415,0.0
1461056753750,-9.415,7.240000000000001e-07
1461056753760,-9.415,3.6200000000000004e-07
1461056753770,-9.415,1.81e-06
1461056753780,-9.415,0.0
1461056753790,-9.415,0.0
1461056753800,-9.415,0.0
1461056753810,-9.415,1.4480000000000002e-06
1461056753820,-9.415,0.0
1461056753830,-9.415,7.240000000000001e-07
1461056753840,-9.415,0.0
1461056753850,-9.415,7.240000000000001e-07
1461056753860,-9.415,7.240000000000001e-07
1461056753870,-9.415,2.1719999999999997e-06
1461056753880,-9.415,0.0
1461056753890,-9.415,7.240000000000001e-07
1461056753900,-9.415,7.240000000000001e-07
1461056753910,-9.415,1.0859999999999999e-06
1461056753920,-9.415,0.0
1461056753930,-9.415,1.4480000000000002e-06
1461056753940,-9.415,0.0
1461056753950,-9.415,0.0
1461056753960,-9.415,3.6200000000000004e-07
1461056753970,-9.415,7.240000000000001e-07
1461056753980,-9.415,7.240000000000001e-07
1461056753990,-9.415,1.81e-06
1461056754000,-9.415,3.6200000000000004e-07
1461056754010,-9.415,2.1719999999999997e-06
1461056754020,-9.415,0.0
1461056754030,-9.415,3.6200000000000004e-07
1461056754040,-9.415,0.0
1461056754050,-9.415,3.6200000000000004e-07
1461056754060,-9.415,0.0
1461056754070,-9.415,1.0859999999999999e-06
1461056754080,-9.415,1.0859999999999999e-06
1461056754090,-9.415,1.0859999999999999e-06
1461056754100,-9.415,0.0
1461056754110,-9.415,7.240000000000001e-07
1461056754120,-9.415,0.0
1461056754130,-9.415,1.4480000000000002e-06
1461056754140,-9.415,0.0
1461056754150,-9.415,3.6200000000000004e-07
1461056754160,-9.415,0.0
1461056754170,-9.415,7.240000000000001e-07
1461056754180,-9.415,0.0
1461056754190,-9.415,1.0859999999999999e-06
1461056754200,-9.415,0.0
1461056754210,-9.415,0.0
1461056754220,-9.415,0.0
1461056754230,-9.415,2.5340000000000002e-06
1461056754240,-9.415,0.0
1461056754250,-9.415,1.4480000000000002e-06
1461056754260,-9.415,0.0
1461056754270,-9.415,1.0859999999999999e-06
1461056754280,-9.415,0.0
1461056754290,-9.415,0.0
1461056754300,-9.415,0.0
1461056754310,-9.415,7.240000000000001e-07
1461056754320,-9.415,0.0
1461056754330,-9.415,0.0
1461056754340,-9.415,0.0
1461056754350,-9.415,0.0
1461056754360,-9.415,0.0
1461056754370,-9.415,0.0
1461056754380,-9.415,0.0
1461056754390,-9.415,7.240000000000001e-07
1461056754400,-9.415,0.0
1461056754410,-9.415,0.0
1461056754420,-9.415,0.0
1461056754430,-9.415,0.0
1461056754440,-9.415,0.0
1461056754450,-9.415,7.240000000000001e-07
1461056754460,-9.415,0.0
1461056754470,-9.415,1.4480000000000002e-06
1461056754480,-9.415,0.0
1461056754490,-9.415,1.0859999999999999e-06
1461056754500,-9.415,0.0
1461056754510,-9.415,1.0859999999999999e-06
1461056754520,-9.415,0.0
1461056754530,-9.415,7.240000000000001e-07
1461056754540,-9.415,0.0
1461056754550,-9.415,7.240000000000001e-07
1461056754560,-9.415,0.0
1461056754570,-9.415,1.81e-06
1461056754580,-9.415,0.0
1461056754590,-9.415,1.4480000000000002e-06
1461056754600,-9.415,0.0
1461056754610,-9.415,3.6200000000000004e-07
1461056754620,-9.415,0.0
1461056754630,-9.415,1.0859999999999999e-06
1461056754640,-9.415,0.0
1461056754650,-9.415,1.4480000000000002e-06
1461056754660,-9.415,0.0
1461056754670,-9.415,1.0859999999999999e-06
1461056754680,-9.415,0.0
1461056754690,-9.415,3.6200000000000004e-07
1461056754700,-9.415,0.0
1461056754710,-9.415,1.0859999999999999e-06
1461056754720,-9.415,0.0
1461056754730,-9.415,7.240000000000001e-07
1461056754740,-9.415,0.0
1461056754750,-9.415,1.0859999999999999e-06
1461056754760,-9.415,0.0
1461056754770,-9.415,3.6200000000000004e-07
1461056754780,-9.415,0.0
1461056754790,-9.415,1.81e-06
1461056754800,-9.415,0.0
1461056754810,-9.415,1.4480000000000002e-06
1461056754820,-9.415,0.0
1461056754830,-9.415,0.0
1461056754840,-9.415,0.0
1461056754850,-9.415,2.1719999999999997e-06
1461056754860,-9.415,0.0
1461056754870,-9.415,7.240000000000001e-07
1461056754880,-9.415,0.0
1461056754890,-9.415,1.4480000000000002e-06
1461056754900,-9.415,0.0
1461056754910,-9.415,7.240000000000001e-07
1461056754920,-9.415,0.0
1461056754930,-9.415,0.0
1461056754940,-9.415,0.0
1461056754950,-9.415,3.6200000000000004e-07
1461056754960,-9.415,0.0
1461056754970,-9.415,1.4480000000000002e-06
1461056754980,-9.415,0.0
1461056754990,-9.415,2.5340000000000002e-06
1461056755000,-9.415,0.0
1461056755010,-9.415,0.0
1461056755020,-9.415,0.0
1461056755030,-9.415,7.240000000000001e-07
1461056755040,-9.415,0.0
1461056755050,-9.415,3.6200000000000004e-07
1461056755060,-9.415,0.0
1461056755070,-9.415,1.0859999999999999e-06
1461056755080,-9.415,0.0
1461056755090,-9.415,0.0
1461056755100,-9.415,0.0
1461056755110,-9.415,1.4480000000000002e-06
1461056755120,-9.415,0.0
1461056755130,-9.415,1.4480000000000002e-06
1461056755140,-9.415,0.0
1461056755150,-9.415,0.0
1461056755160,-9.415,0.0
1461056755170,-9.415,1.4480000000000002e-06
1461056755180,-9.415,0.0
1461056755190,-9.415,7.240000000000001e-07
1461056755200,-9.415,0.0
1461056755210,-9.415,7.240000000000001e-07
1461056755220,-9.415,0.0
1461056755230,-9.415,1.81e-06
1461056755240,-9.415,0.0
1461056755250,-9.415,1.4480000000000002e-06
1461056755260,-9.415,0.0
1461056755270,-9.415,7.240000000000001e-07
1461056755280,-9.415,0.0
1461056755290,-9.415,1.4480000000000002e-06
1461056755300,-9.415,0.0
1461056755310,-9.415,0.0
1461056755320,-9.415,0.0
1461056755330,-9.415,3.6200000000000004e-07
1461056755340,-9.415,0.0
1461056755350,-9.415,1.4480000000000002e-06
1461056755360,-9.415,0.0
1461056755370,-9.415,1.4480000000000002e-06
1461056755380,-9.415,0.0
1461056755390,-9.415,7.240000000000001e-07
1461056755400,-9.415,0.0
1461056755410,-9.415,1.0859999999999999e-06
1461056755420,-9.415,0.0
1461056755430,-9.415,1.0859999999999999e-06
1461056755440,-9.415,0.0
1461056755450,-9.415,7.240000000000001e-07
1461056755460,-9.415,0.0
1461056755470,-9.415,1.81e-06
1461056755480,-9.415,0.0
1461056755490,-9.415,0.0
1461056755500,-9.415,0.0
1461056755510,-9.415,1.81e-06
1461056755520,-9.415,0.0
1461056755530,-9.415,1.0859999999999999e-06
1461056755540,-9.415,0.0
1461056755550,-9.415,7.240000000000001e-07
1461056755560,-9.415,0.0
1461056755570,-9.415,0.0
1461056755580,-9.415,0.0
1461056755590,-9.415,1.0859999999999999e-06
1461056755600,-9.415,0.0
1461056755610,-9.415,1.0859999999999999e-06
1461056755620,-9.415,0.0
1461056755630,-9.415,1.81e-06
1461056755640,-9.415,0.0
1461056755650,-9.415,3.6200000000000004e-07
1461056755660,-9.415,0.0
1461056755670,-9.415,1.4480000000000002e-06
1461056755680,-9.415,0.0
1461056755690,-9.415,1.0859999999999999e-06
1461056755700,-9.415,0.0
1461056755710,-9.415,7.240000000000001e-07
1461056755720,-9.415,0.0
1461056755730,-9.415,3.6200000000000004e-07
1461056755740,-9.415,0.0
1461056755750,-9.415,1.0859999999999999e-06
1461056755760,-9.415,0.0
1461056755770,-9.415,1.4480000000000002e-06
1461056755780,-9.415,0.0
1461056755790,-9.415,1.4480000000000002e-06
1461056755800,-9.415,0.0
1461056755810,-9.415,3.6200000000000004e-07
1461056755820,-9.415,0.0
1461056755830,-9.415,0.0
1461056755840,-9.415,0.0
1461056755850,-9.415,1.81e-06
1461056755860,-9.415,0.0
1461056755870,-9.415,7.240000000000001e-07
1461056755880,-9.415,0.0
1461056755890,-9.415,1.0859999999999999e-06
1461056755900,-9.415,0.0
1461056755910,-9.415,7.240000000000001e-07
1461056755920,-9.415,0.0
1461056755930,-9.415,1.0859999999999999e-06
1461056755940,-9.415,0.0
1461056755950,-9.415,0.0
1461056755960,-9.415,0.0
1461056755970,-9.415,3.6200000000000004e-07
1461056755980,-9.415,0.0
1461056755990,-9.415,1.4480000000000002e-06
1461056756000,-9.415,0.0
1461056756010,-9.415,2.1719999999999997e-06
1461056756020,-9.415,0.0
1461056756030,-9.415,1.4480000000000002e-06
1461056756040,-9.415,0.0
1461056756050,-9.415,0.0
1461056756060,-9.415,0.0
1461056756070,-9.415,3.6200000000000004e-07
1461056756080,-9.415,0.0
1461056756090,-9.415,3.6200000000000004e-07
1461056756100,-9.415,0.0
1461056756110,-9.415,1.4480000000000002e-06
1461056756120,-9.415,0.0
1461056756130,-9.415,1.0859999999999999e-06
1461056756140,-9.415,0.0
1461056756150,-9.415,1.4480000000000002e-06
1461056756160,-9.415,0.0
1461056756170,-9.415,7.240000000000001e-07
1461056756180,-9.415,0.0
1461056756190,-9.415,3.6200000000000004e-07
1461056756200,-9.415,0.0
1461056756210,-9.415,3.6200000000000004e-07
1461056756220,-9.415,0.0
1461056756230,-9.415,1.0859999999999999e-06
1461056756240,-9.415,0.0
1461056756250,-9.415,1.4480000000000002e-06
1461056756260,-9.415,0.0
1461056756270,-9.415,1.0859999999999999e-06
1461056756280,-9.415,0.0
1461056756290,-9.415,1.4480000000000002e-06
1461056756300,-9.415,0.0
1461056756310,-9.415,0.0
1461056756320,-9.415,0.0
1461056756330,-9.415,7.240000000000001e-07
1461056756340,-9.415,0.0
1461056756350,-9.415,1.81e-06
1461056756360,-9.415,0.0
1461056756370,-9.415,3.6200000000000004e-07
1461056756380,-9.415,0.0
1461056756390,-9.415,7.240000000000001e-07
1461056756400,-9.415,0.0
1461056756410,-9.415,7.240000000000001e-07
1461056756420,-9.415,0.0
1461056756430,-9.415,1.81e-06
1461056756440,-9.415,0.0
1461056756450,-9.415,3.6200000000000004e-07
1461056756460,-9.415,0.0
1461056756470,-9.415,1.0859999999999999e-06
1461056756480,-9.415,0.0
1461056756490,-9.415,1.4480000000000002e-06
1461056756500,-9.415,0.0
1461056756510,-9.415,1.81e-06
1461056756520,-9.415,0.0
1461056756530,-9.415,0.0
1461056756540,-9.415,0.0
1461056756550,-9.415,1.4480000000000002e-06
1461056756560,-9.415,0.0
1461056756570,-9.415,0.0
1461056756580,-9.415,0.0
1461056756590,-9.415,1.4480000000000002e-06
1461056756600,-9.415,0.0
1461056756610,-9.415,3.6200000000000004e-07
1461056756620,-9.415,0.0
1461056756630,-9.415,1.4480000000000002e-06
1461056756640,-9.415,0.0
1461056756650,-9.415,1.4480000000000002e-06
1461056756660,-9.415,0.0
1461056756670,-9.415,1.4480000000000002e-06
1461056756680,-9.415,0.0
1461056756690,-9.415,0.0
1461056756700,-9.415,0.0
1461056756710,-9.415,3.6200000000000004e-07
1461056756720,-9.415,0.0
1461056756730,-9.415,7.240000000000001e-07
1461056756740,-9.415,0.0
1461056756750,-9.415,1.81e-06
1461056756760,-9.415,0.0
1461056756770,-9.415,1.81e-06
1461056756780,-9.415,0.0
1461056756790,-9.415,3.6200000000000004e-07
1461056756800,-9.415,0.0
1461056756810,-9.415,1.4480000000000002e-06
1461056756820,-9.415,0.0
1461056756830,-9.415,1.0859999999999999e-06
1461056756840,-9.415,0.0
1461056756850,-9.415,0.0
1461056756860,-9.415,0.0
1461056756870,-9.415,1.0859999999999999e-06
1461056756880,-9.415,0.0
1461056756890,-9.415,1.0859999999999999e-06
1461056756900,-9.415,0.0
1461056756910,-9.415,2.1719999999999997e-06
1461056756920,-9.415,0.0
1461056756930,-9.415,0.0
1461056756940,-9.415,0.0
1461056756950,-9.415,0.0
1461056756960,-9.415,0.0
1461056756970,-9.415,7.240000000000001e-07
1461056756980,-9.415,0.0
1461056756990,-9.415,1.81e-06
1461056757000,-9.415,0.0
1461056757010,-9.415,1.0859999999999999e-06
1461056757020,-9.415,0.0
1461056757030,-9.415,7.240000000000001e-07
1461056757040,-9.415,0.0
1461056757050,-9.415,1.0859999999999999e-06
1461056757060,-9.415,0.0
1461056757070,-9.415,1.81e-06
1461056757080,-9.415,0.0
1461056757090,-9.415,0.0
1461056757100,-9.415,0.0
1461056757110,-9.415,3.6200000000000004e-07
1461056757120,-9.415,0.0
1461056757130,-9.415,1.0859999999999999e-06
1461056757140,-9.415,0.0
1461056757150,-9.415,1.81e-06
1461056757160,-9.415,0.0
1461056757170,-9.415,7.240000000000001e-07
1461056757180,-9.415,0.0
1461056757190,-9.415,7.240000000000001e-07
1461056757200,-9.415,0.0
1461056757210,-9.415,0.0
1461056757220,-9.415,0.0
1461056757230,-9.415,1.0859999999999999e-06
1461056757240,-9.415,0.0
1461056757250,-9.415,3.6200000000000004e-07
1461056757260,-9.415,0.0
1461056757270,-9.415,2.1719999999999997e-06
1461056757280,-9.415,0.0
1461056757290,-9.415,3.6200000000000004e-07
1461056757300,-9.415,0.0
1461056757310,-9.415,2.5340000000000002e-06
1461056757320,-9.415,0.0
1461056757330,-9.415,0.0
1461056757340,-9.415,0.0
1461056757350,-9.415,3.6200000000000004e-07
1461056757360,-9.415,0.0
1461056757370,-9.415,1.4480000000000002e-06
1461056757380,-9.415,0.0
1461056757390,-9.415,1.4480000000000002e-06
1461056757400,-9.415,0.0
1461056757410,-9.415,3.6200000000000004e-07
1461056757420,-9.415,0.0
1461056757430,-9.415,7.240000000000001e-07
1461056757440,-9.415,0.0
1461056757450,-9.415,1.0859999999999999e-06
1461056757460,-9.415,0.0
1461056757470,-9.415,0.0
1461056757480,-9.415,0.0
1461056757490,-9.415,1.81e-06
1461056757500,-9.415,0.0
1461056757510,-9.415,1.81e-06
1461056757520,-9.415,0.0
1461056757530,-9.415,1.0859999999999999e-06
1461056757540,-9.415,0.0
1461056757550,-9.415,0.0
1461056757560,-9.415,0.0
1461056757570,-9.415,0.0
1461056757580,-9.415,0.0
1461056757590,-9.415,7.240000000000001e-07
1461056757600,-9.415,0.0
1461056757610,-9.415,1.0859999999999999e-06
1461056757620,-9.415,0.0
1461056757630,-9.415,2.1719999999999997e-06
1461056757640,-9.415,0.0
1461056757650,-9.415,1.0859999999999999e-06
1461056757660,-9.415,0.0
1461056757670,-9.415,0.0
1461056757680,-9.415,0.0
1461056757690,-9.415,1.4480000000000002e-06
1461056757700,-9.415,0.0
1461056757710,-9.415,0.0
1461056757720,-9.415,0.0
1461056757730,-9.415,1.4480000000000002e-06
1461056757740,-9.415,0.0
1461056757750,-9.415,1.0859999999999999e-06
1461056757760,-9.415,0.0
1461056757770,-9.415,1.0859999999999999e-06
1461056757780,-9.415,0.0
1461056757790,-9.415,2.8960000000000003e-06
1461056757800,-9.415,0.0
1461056757810,-9.415,0.0
1461056757820,-9.415,0.0
1461056757830,-9.415,0.0
1461056757840,-9.415,0.0
1461056757850,-9.415,3.6200000000000004e-07
1461056757860,-9.415,0.0
1461056757870,-9.415,1.4480000000000002e-06
1461056757880,-9.415,0.0
1461056757890,-9.415,1.4480000000000002e-06
1461056757900,-9.415,0.0
1461056757910,-9.415,3.6200000000000004e-07
1461056757920,-9.415,0.0
1461056757930,-9.415,1.81e-06
1461056757940,-9.415,0.0
1461056757950,-9.415,3.6200000000000004e-07
1461056757960,-9.415,0.0
1461056757970,-9.415,0.0
1461056757980,-9.415,0.0
1461056757990,-9.415,1.4480000000000002e-06
1461056758000,-9.415,0.0
1461056758010,-9.415,1.81e-06
1461056758020,-9.415,0.0
1461056758030,-9.415,1.4480000000000002e-06
1461056758040,-9.415,0.0
1461056758050,-9.415,7.240000000000001e-07
1461056758060,-9.415,0.0
1461056758070,-9.415,7.240000000000001e-07
1461056758080,-9.415,0.0
1461056758090,-9.415,7.240000000000001e-07
1461056758100,-9.415,0.0
1461056758110,-9.415,1.0859999999999999e-06
1461056758120,-9.415,0.0
1461056758130,-9.415,1.81e-06
1461056758140,-9.415,0.0
1461056758150,-9.415,7.240000000000001e-07
1461056758160,-9.415,0.0
1461056758170,-9.415,7.240000000000001e-07
1461056758180,-9.415,0.0
1461056758190,-9.415,1.0859999999999999e-06
1461056758200,-9.415,0.0
1461056758210,-9.415,3.6200000000000004e-07
1461056758220,-9.415,0.0
1461056758230,-9.415,7.240000000000001e-07
1461056758240,-9.415,0.0
1461056758250,-9.415,1.81e-06
1461056758260,-9.415,0.0
1461056758270,-9.415,3.62e-06
1461056758280,-9.415,0.0
1461056758290,-9.415,0.0
1461056758300,-9.415,0.0
1461056758310,-9.415,0.0
1461056758320,-9.415,0.0
1461056758330,-9.415,0.0
1461056758340,-9.415,0.0
1461056758350,-9.415,7.240000000000001e-07
1461056758360,-9.415,0.0
1461056758370,-9.415,1.4480000000000002e-06
1461056758380,-9.415,0.0
1461056758390,-9.415,7.240000000000001e-07
1461056758400,-9.415,0.0
1461056758410,-9.415,2.1719999999999997e-06
1461056758420,-9.415,0.0
1461056758430,-9.415,7.240000000000001e-07
1461056758440,-9.415,0.0
1461056758450,-9.415,7.240000000000001e-07
1461056758460,-9.415,0.0
1461056758470,-9.415,3.6200000000000004e-07
1461056758480,-9.415,0.0
1461056758490,-9.415,2.1719999999999997e-06
1461056758500,-9.415,0.0
1461056758510,-9.415,3.6200000000000004e-07
1461056758520,-9.415,0.0
1461056758530,-9.415,1.4480000000000002e-06
1461056758540,-9.415,0.0
1461056758550,-9.415,1.0859999999999999e-06
1461056758560,-9.415,0.0
1461056758570,-9.415,0.0
1461056758580,-9.415,0.0
1461056758590,-9.415,7.240000000000001e-07
1461056758600,-9.415,0.0
1461056758610,-9.415,1.0859999999999999e-06
1461056758620,-9.415,0.0
1461056758630,-9.415,1.4480000000000002e-06
1461056758640,-9.415,0.0
1461056758650,-9.415,2.1719999999999997e-06
1461056758660,-9.415,0.0
1461056758670,-9.415,7.240000000000001e-07
1461056758680,-9.415,0.0
1461056758690,-9.415,0.0
1461056758700,-9.415,0.0
1461056758710,-9.415,7.240000000000001e-07
1461056758720,-9.415,0.0
1461056758730,-9.415,1.81e-06
1461056758740,-9.415,0.0
1461056758750,-9.415,1.4480000000000002e-06
1461056758760,-9.415,0.0
1461056758770,-9.415,3.6200000000000004e-07
1461056758780,-9.415,0.0
1461056758790,-9.415,3.6200000000000004e-07
1461056758800,-9.415,0.0
1461056758810,-9.415,1.4480000000000002e-06
1461056758820,-9.415,0.0
1461056758830,-9.415,0.0
1461056758840,-9.415,0.0
1461056758850,-9.415,1.0859999999999999e-06
1461056758860,-9.415,0.0
1461056758870,-9.415,1.81e-06
1461056758880,-9.415,0.0
1461056758890,-9.415,7.240000000000001e-07
1461056758900,-9.415,0.0
1461056758910,-9.415,3.6200000000000004e-07
1461056758920,-9.415,0.0
1461056758930,-9.415,3.6200000000000004e-07
1461056758940,-9.415,0.0
1461056758950,-9.415,1.4480000000000002e-06
1461056758960,-9.415,0.0
1461056758970,-9.415,3.6200000000000004e-07
1461056758980,-9.415,0.0
1461056758990,-9.415,1.81e-06
1461056759000,-9.415,0.0
1461056759010,-9.415,7.240000000000001e-07
1461056759020,-9.415,0.0
1461056759030,-9.415,1.81e-06
1461056759040,-9.415,0.0
1461056759050,-9.415,0.0
1461056759060,-9.415,0.0
1461056759070,-9.415,7.240000000000001e-07
1461056759080,-9.415,0.0
1461056759090,-9.415,2.1719999999999997e-06
1461056759100,-9.415,0.0
1461056759110,-9.415,3.6200000000000004e-07
1461056759120,-9.415,0.0
1461056759130,-9.415,2.1719999999999997e-06
1461056759140,-9.415,0.0
1461056759150,-9.415,1.0859999999999999e-06
1461056759160,-9.415,0.0
1461056759170,-9.415,0.0
1461056759180,-9.415,0.0
1461056759190,-9.415,1.4480000000000002e-06
1461056759200,-9.415,0.0
1461056759210,-9.415,0.0
1461056759220,-9.415,0.0
1461056759230,-9.415,1.0859999999999999e-06
1461056759240,-9.415,0.0
1461056759250,-9.415,2.5340000000000002e-06
1461056759260,-9.415,0.0
1461056759270,-9.415,3.6200000000000004e-07
1461056759280,-9.415,0.0
1461056759290,-9.415,3.6200000000000004e-07
1461056759300,-9.415,0.0
1461056759310,-9.415,7.240000000000001e-07
1461056759320,-9.415,0.0
1461056759330,-9.415,1.0859999999999999e-06
1461056759340,-9.415,0.0
1461056759350,-9.415,3.6200000000000004e-07
1461056759360,-9.415,0.0
1461056759370,-9.415,1.4480000000000002e-06
1461056759380,-9.415,0.0
1461056759390,-9.415,1.4480000000000002e-06
1461056759400,-9.415,0.0
1461056759410,-9.415,1.0859999999999999e-06
1461056759420,-9.415,0.0
1461056759430,-9.415,0.0
1461056759440,-9.415,0.0
1461056759450,-9.415,7.240000000000001e-07
1461056759460,-9.415,0.0
1461056759470,-9.415,2.1719999999999997e-06
1461056759480,-9.415,0.0
1461056759490,-9.415,1.0859999999999999e-06
1461056759500,-9.415,0.0
1461056759510,-9.415,3.6200000000000004e-07
1461056759520,-9.415,0.0
1461056759530,-9.415,3.6200000000000004e-07
1461056759540,-9.415,0.0
1461056759550,-9.415,1.0859999999999999e-06
1461056759560,-9.415,0.0
1461056759570,-9.415,1.81e-06
1461056759580,-9.415,0.0
1461056759590,-9.415,0.0
1461056759600,-9.415,0.0
1461056759610,-9.415,1.0859999999999999e-06
1461056759620,-9.415,0.0
1461056759630,-9.415,1.81e-06
1461056759640,-9.415,0.0
1461056759650,-9.415,3.6200000000000004e-07
1461056759660,-9.415,0.0
1461056759670,-9.415,3.6200000000000004e-07
1461056759680,-9.415,0.0
1461056759690,-9.415,3.6200000000000004e-07
1461056759700,-9.415,0.0
1461056759710,-9.415,1.0859999999999999e-06
1461056759720,-9.415,0.0
1461056759730,-9.415,1.81e-06
1461056759740,-9.415,0.0
1461056759750,-9.415,1.0859999999999999e-06
1461056759760,-9.415,0.0
1461056759770,-9.415,0.0
1461056759780,-9.415,0.0
1461056759790,-9.415,1.4480000000000002e-06
1461056759800,-9.415,0.0
1461056759810,-9.415,7.240000000000001e-07
1461056759820,-9.415,0.0
1461056759830,-9.415,7.240000000000001e-07
1461056759840,-9.415,0.0
1461056759850,-9.415,2.1719999999999997e-06
1461056759860,-9.415,0.0
1461056759870,-9.415,1.4480000000000002e-06
1461056759880,-9.415,0.0
1461056759890,-9.415,7.240000000000001e-07
1461056759900,-9.415,0.0
1461056759910,-9.415,3.6200000000000004e-07
1461056759920,-9.415,0.0
1461056759930,-9.415,3.6200000000000004e-07
1461056759940,-9.415,0.0
1461056759950,-9.415,1.0859999999999999e-06
1461056759960,-9.415,0.0
1461056759970,-9.415,1.81e-06
1461056759980,-9.415,0.0
1461056759990,-9.195,7.240000000000001e-07
1461056760000,-9.195,0.0
1461056760010,-9.195,1.0859999999999999e-06
1461056760020,-9.195,0.0
1461056760030,-9.195,1.4480000000000002e-06
1461056760040,-9.195,0.0
1461056760050,-9.195,0.0
1461056760060,-9.195,0.0
1461056760070,-9.195,1.0859999999999999e-06
1461056760080,-9.195,0.0
1461056760090,-9.195,1.4480000000000002e-06
1461056760100,-9.195,0.0
1461056760110,-9.195,2.1719999999999997e-06
1461056760120,-9.195,0.0
1461056760130,-9.195,0.0
1461056760140,-9.195,0.0
1461056760150,-9.195,3.6200000000000004e-07
1461056760160,-9.195,0.0
1461056760170,-9.195,3.6200000000000004e-07
1461056760180,-9.195,0.0
1461056760190,-9.195,1.81e-06
1461056760200,-9.195,0.0
1461056760210,-9.195,1.81e-06
1461056760220,-9.195,0.0
1461056760230,-9.195,1.0859999999999999e-06
1461056760240,-9.195,0.0
1461056760250,-9.195,7.240000000000001e-07
1461056760260,-9.195,0.0
1461056760270,-9.195,7.240000000000001e-07
1461056760280,-9.195,0.0
1461056760290,-9.195,1.0859999999999999e-06
1461056760300,-9.195,0.0
1461056760310,-9.195,7.240000000000001e-07
1461056760320,-9.195,0.0
1461056760330,-9.195,7.240000000000001e-07
1461056760340,-9.195,0.0
1461056760350,-9.195,1.4480000000000002e-06
1461056760360,-9.195,0.0
1461056760370,-9.195,7.240000000000001e-07
1461056760380,-9.195,0.0
1461056760390,-9.195,0.0
1461056760400,-9.195,0.0
1461056760410,-9.195,1.0859999999999999e-06
1461056760420,-9.195,0.0
1461056760430,-9.195,1.0859999999999999e-06
1461056760440,-9.195,0.0
1461056760450,-9.195,2.5340000000000002e-06
1461056760460,-9.195,0.0
1461056760470,-9.195,1.0859999999999999e-06
1461056760480,-9.195,0.0
1461056760490,-9.195,7.240000000000001e-07
1461056760500,-9.195,0.0
1461056760510,-9.195,7.240000000000001e-07
1461056760520,-9.195,0.0
1461056760530,-9.195,1.0859999999999999e-06
1461056760540,-9.195,0.0
1461056760550,-9.195,1.0859999999999999e-06
1461056760560,-9.195,0.0
1461056760570,-9.195,7.240000000000001e-07
1461056760580,-9.195,0.0
1461056760590,-9.195,1.4480000000000002e-06
1461056760600,-9.195,0.0
1461056760610,-9.195,3.6200000000000004e-07
1461056760620,-9.195,0.0
1461056760630,-9.195,7.240000000000001e-07
1461056760640,-9.195,0.0
1461056760650,-9.195,7.240000000000001e-07
1461056760660,-9.195,0.0
1461056760670,-9.195,1.4480000000000002e-06
1461056760680,-9.195,0.0
1461056760690,-9.195,1.0859999999999999e-06
1461056760700,-9.195,0.0
1461056760710,-9.195,1.0859999999999999e-06
1461056760720,-9.195,0.0
1461056760730,-9.195,1.0859999999999999e-06
1461056760740,-9.195,0.0
1461056760750,-9.195,0.0
1461056760760,-9.195,0.0
1461056760770,-9.195,2.1719999999999997e-06
1461056760780,-9.195,0.0
1461056760790,-9.195,1.0859999999999999e-06
1461056760800,-9.195,0.0
1461056760810,-9.195,3.6200000000000004e-07
1461056760820,-9.195,0.0
1461056760830,-9.195,2.5340000000000002e-06
1461056760840,-9.195,0.0
1461056760850,-9.195,1.81e-06
1461056760860,-9.195,0.0
1461056760870,-9.195,0.0
1461056760880,-9.195,0.0
1461056760890,-9.195,0.0
1461056760900,-9.195,0.0
1461056760910,-9.195,7.240000000000001e-07
1461056760920,-9.195,0.0
1461056760930,-9.195,1.81e-06
1461056760940,-9.195,0.0
1461056760950,-9.195,7.240000000000001e-07
1461056760960,-9.195,0.0
1461056760970,-9.195,1.0859999999999999e-06
1461056760980,-9.195,0.0
1461056760990,-9.195,3.6200000000000004e-07
1461056761000,-9.195,0.0
1461056761010,-9.195,7.240000000000001e-07
1461056761020,-9.195,0.0
1461056761030,-9.195,1.81e-06
1461056761040,-9.195,0.0
1461056761050,-9.195,2.1719999999999997e-06
1461056761060,-9.195,0.0
1461056761070,-9.195,3.6200000000000004e-07
1461056761080,-9.195,0.0
1461056761090,-9.195,3.6200000000000004e-07
1461056761100,-9.195,0.0
1461056761110,-9.195,3.6200000000000004e-07
1461056761120,-9.195,0.0
1461056761130,-9.195,1.4480000000000002e-06
1461056761140,-9.195,0.0
1461056761150,-9.195,1.4480000000000002e-06
1461056761160,-9.195,0.0
1461056761170,-9.195,3.6200000000000004e-07
1461056761180,-9.195,0.0
1461056761190,-9.195,1.0859999999999999e-06
1461056761200,-9.195,0.0
1461056761210,-9.195,3.6200000000000004e-07
1461056761220,-9.195,0.0
1461056761230,-9.195,1.0859999999999999e-06
1461056761240,-9.195,0.0
1461056761250,-9.195,1.0859999999999999e-06
1461056761260,-9.195,0.0
1461056761270,-9.195,7.240000000000001e-07
1461056761280,-9.195,0.0
1461056761290,-9.195,2.1719999999999997e-06
1461056761300,-9.195,0.0
1461056761310,-9.195,7.240000000000001e-07
1461056761320,-9.195,0.0
1461056761330,-9.195,7.240000000000001e-07
1461056761340,-9.195,0.0
1461056761350,-9.195,1.0859999999999999e-06
1461056761360,-9.195,0.0
1461056761370,-9.195,0.0
1461056761380,-9.195,0.0
1461056761390,-9.195,1.4480000000000002e-06
1461056761400,-9.195,0.0
1461056761410,-9.195,1.0859999999999999e-06
1461056761420,-9.195,0.0
1461056761430,-9.195,7.240000000000001e-07
1461056761440,-9.195,0.0
1461056761450,-9.195,7.240000000000001e-07
1461056761460,-9.195,0.0
1461056761470,-9.195,7.240000000000001e-07
1461056761480,-9.195,0.0
1461056761490,-9.195,1.0859999999999999e-06
1461056761500,-9.195,0.0
1461056761510,-9.195,1.81e-06
1461056761520,-9.195,0.0
1461056761530,-9.195,1.4480000000000002e-06
1461056761540,-9.195,0.0
1461056761550,-9.195,1.0859999999999999e-06
1461056761560,-9.195,0.0
1461056761570,-9.195,2.1719999999999997e-06
1461056761580,-9.195,0.0
1461056761590,-9.195,3.6200000000000004e-07
1461056761600,-9.195,0.0
1461056761610,-9.195,0.0
1461056761620,-9.195,0.0
1461056761630,-9.195,3.6200000000000004e-07
1461056761640,-9.195,0.0
1461056761650,-9.195,2.1719999999999997e-06
1461056761660,-9.195,0.0
1461056761670,-9.195,1.0859999999999999e-06
1461056761680,-9.195,0.0
1461056761690,-9.195,1.0859999999999999e-06
1461056761700,-9.195,0.0
1461056761710,-9.195,3.6200000000000004e-07
1461056761720,-9.195,0.0
1461056761730,-9.195,1.81e-06
1461056761740,-9.195,0.0
1461056761750,-9.195,3.6200000000000004e-07
1461056761760,-9.195,0.0
1461056761770,-9.195,1.4480000000000002e-06
1461056761780,-9.195,0.0
1461056761790,-9.195,1.0859999999999999e-06
1461056761800,-9.195,0.0
1461056761810,-9.195,2.8960000000000003e-06
1461056761820,-9.195,0.0
1461056761830,-9.195,0.0
1461056761840,-9.195,0.0
1461056761850,-9.195,0.0
1461056761860,-9.195,0.0
1461056761870,-9.195,7.240000000000001e-07
1461056761880,-9.195,0.0
1461056761890,-9.195,1.81e-06
1461056761900,-9.195,0.0
1461056761910,-9.195,1.4480000000000002e-06
1461056761920,-9.195,0.0
1461056761930,-9.195,3.6200000000000004e-07
1461056761940,-9.195,0.0
1461056761950,-9.195,1.81e-06
1461056761960,-9.195,0.0
1461056761970,-9.195,7.240000000000001e-07
1461056761980,-9.195,0.0
1461056761990,-9.195,7.240000000000001e-07
1461056762000,-9.195,0.0
1461056762010,-9.195,7.240000000000001e-07
1461056762020,-9.195,0.0
1461056762030,-9.195,1.81e-06
1461056762040,-9.195,0.0
1461056762050,-9.195,1.4480000000000002e-06
1461056762060,-9.195,0.0
1461056762070,-9.195,3.6200000000000004e-07
1461056762080,-9.195,0.0
1461056762090,-9.195,1.4480000000000002e-06
1461056762100,-9.195,0.0
1461056762110,-9.195,7.240000000000001e-07
1461056762120,-9.195,0.0
1461056762130,-9.195,1.4480000000000002e-06
1461056762140,-9.195,0.0
1461056762150,-9.195,1.0859999999999999e-06
1461056762160,-9.195,0.0
1461056762170,-9.195,1.4480000000000002e-06
1461056762180,-9.195,0.0
1461056762190,-9.195,0.0
1461056762200,-9.195,0.0
1461056762210,-9.195,0.0
1461056762220,-9.195,0.0
1461056762230,-9.195,1.81e-06
1461056762240,-9.195,0.0
1461056762250,-9.195,1.4480000000000002e-06
1461056762260,-9.195,0.0
1461056762270,-9.195,7.240000000000001e-07
1461056762280,-9.195,0.0
1461056762290,-9.195,1.81e-06
1461056762300,-9.195,0.0
1461056762310,-9.195,7.240000000000001e-07
1461056762320,-9.195,0.0
1461056762330,-9.195,7.240000000000001e-07
1461056762340,-9.195,0.0
1461056762350,-9.195,3.6200000000000004e-07
1461056762360,-9.195,0.0
1461056762370,-9.195,1.4480000000000002e-06
1461056762380,-9.195,0.0
1461056762390,-9.195,1.81e-06
1461056762400,-9.195,0.0
1461056762410,-9.195,3.6200000000000004e-07
1461056762420,-9.195,0.0
1461056762430,-9.195,1.4480000000000002e-06
1461056762440,-9.195,0.0
1461056762450,-9.195,0.0
1461056762460,-9.195,0.0
1461056762470,-9.195,1.81e-06
1461056762480,-9.195,0.0
1461056762490,-9.195,1.0859999999999999e-06
1461056762500,-9.195,0.0
1461056762510,-9.195,0.0
1461056762520,-9.195,0.0
1461056762530,-9.195,0.0
1461056762540,-9.195,0.0
1461056762550,-9.195,0.0
1461056762560,-9.195,0.0
1461056762570,-9.195,0.0
1461056762580,-9.195,0.0
1461056762590,-9.195,3.6200000000000004e-07
1461056762600,-9.195,0.0
1461056762610,-9.195,1.4480000000000002e-06
1461056762620,-9.195,0.0
1461056762630,-9.195,1.81e-06
1461056762640,-9.195,0.0
1461056762650,-9.195,0.0
1461056762660,-9.195,0.0
1461056762670,-9.195,3.6200000000000004e-07
1461056762680,-9.195,0.0
1461056762690,-9.195,1.4480000000000002e-06
1461056762700,-9.195,0.0
1461056762710,-9.195,3.6200000000000004e-07
1461056762720,-9.195,0.0
1461056762730,-9.195,2.5340000000000002e-06
1461056762740,-9.195,0.0
1461056762750,-9.195,3.6200000000000004e-07
1461056762760,-9.195,0.0
1461056762770,-9.195,1.0859999999999999e-06
1461056762780,-9.195,0.0
1461056762790,-9.195,7.240000000000001e-07
1461056762800,-9.195,0.0
1461056762810,-9.195,1.4480000000000002e-06
1461056762820,-9.195,0.0
1461056762830,-9.195,3.6200000000000004e-07
1461056762840,-9.195,0.0
1461056762850,-9.195,2.5340000000000002e-06
1461056762860,-9.195,0.0
1461056762870,-9.195,1.4480000000000002e-06
1461056762880,-9.195,0.0
1461056762890,-9.195,0.0
1461056762900,-9.195,0.0
1461056762910,-9.195,1.0859999999999999e-06
1461056762920,-9.195,0.0
1461056762930,-9.195,3.6200000000000004e-07
1461056762940,-9.195,0.0
1461056762950,-9.195,1.81e-06
1461056762960,-9.195,0.0
1461056762970,-9.195,7.240000000000001e-07
1461056762980,-9.195,0.0
1461056762990,-9.195,1.4480000000000002e-06
1461056763000,-9.195,0.0
1461056763010,-9.195,3.6200000000000004e-07
1461056763020,-9.195,0.0
1461056763030,-9.195,1.0859999999999999e-06
1461056763040,-9.195,0.0
1461056763050,-9.195,7.240000000000001e-07
1461056763060,-9.195,0.0
1461056763070,-9.195,1.0859999999999999e-06
1461056763080,-9.195,0.0
1461056763090,-9.195,1.4480000000000002e-06
1461056763100,-9.195,0.0
1461056763110,-9.195,1.4480000000000002e-06
1461056763120,-9.195,0.0
1461056763130,-9.195,0.0
1461056763140,-9.195,0.0
1461056763150,-9.195,7.240000000000001e-07
1461056763160,-9.195,0.0
1461056763170,-9.195,2.1719999999999997e-06
1461056763180,-9.195,0.0
1461056763190,-9.195,7.240000000000001e-07
1461056763200,-9.195,0.0
1461056763210,-9.195,7.240000000000001e-07
1461056763220,-9.195,0.0
1461056763230,-9.195,1.4480000000000002e-06
1461056763240,-9.195,0.0
1461056763250,-9.195,1.0859999999999999e-06
1461056763260,-9.195,0.0
1461056763270,-9.195,7.240000000000001e-07
1461056763280,-9.195,0.0
1461056763290,-9.195,7.240000000000001e-07
1461056763300,-9.195,0.0
1461056763310,-9.195,1.81e-06
1461056763320,-9.195,0.0
1461056763330,-9.195,1.0859999999999999e-06
1461056763340,-9.195,0.0
1461056763350,-9.195,7.240000000000001e-07
1461056763360,-9.195,0.0
1461056763370,-9.195,3.6200000000000004e-07
1461056763380,-9.195,0.0
1461056763390,-9.195,7.240000000000001e-07
1461056763400,-9.195,0.0
1461056763410,-9.195,1.4480000000000002e-06
1461056763420,-9.195,0.0
1461056763430,-9.195,7.240000000000001e-07
1461056763440,-9.195,0.0
1461056763450,-9.195,1.81e-06
1461056763460,-9.195,0.0
1461056763470,-9.195,0.0
1461056763480,-9.195,0.0
1461056763490,-9.195,1.4480000000000002e-06
1461056763500,-9.195,0.0
1461056763510,-9.195,0.0
1461056763520,-9.195,0.0
1461056763530,-9.195,1.81e-06
1461056763540,-9.195,0.0
1461056763550,-9.195,2.1719999999999997e-06
1461056763560,-9.195,0.0
1461056763570,-9.195,3.6200000000000004e-07
1461056763580,-9.195,0.0
1461056763590,-9.195,1.4480000000000002e-06
1461056763600,-9.195,0.0
1461056763610,-9.195,1.0859999999999999e-06
1461056763620,-9.195,0.0
1461056763630,-9.195,3.6200000000000004e-07
1461056763640,-9.195,0.0
1461056763650,-9.195,1.81e-06
1461056763660,-9.195,0.0
1461056763670,-9.195,1.0859999999999999e-06
1461056763680,-9.195,0.0
1461056763690,-9.195,1.81e-06
1461056763700,-9.195,0.0
1461056763710,-9.195,3.6200000000000004e-07
1461056763720,-9.195,0.0
1461056763730,-9.195,0.0
1461056763740,-9.195,0.0
1461056763750,-9.195,7.240000000000001e-07
1461056763760,-9.195,0.0
1461056763770,-9.195,1.4480000000000002e-06
1461056763780,-9.195,0.0
1461056763790,-9.195,7.240000000000001e-07
1461056763800,-9.195,0.0
1461056763810,-9.195,1.4480000000000002e-06
1461056763820,-9.195,0.0
1461056763830,-9.195,7.240000000000001e-07
1461056763840,-9.195,0.0
1461056763850,-9.195,1.81e-06
1461056763860,-9.195,0.0
1461056763870,-9.195,3.6200000000000004e-07
1461056763880,-9.195,0.0
1461056763890,-9.195,1.81e-06
1461056763900,-9.195,0.0
1461056763910,-9.195,1.0859999999999999e-06
1461056763920,-9.195,0.0
1461056763930,-9.195,1.4480000000000002e-06
1461056763940,-9.195,0.0
1461056763950,-9.195,0.0
1461056763960,-9.195,0.0
1461056763970,-9.195,7.240000000000001e-07
1461056763980,-9.195,0.0
1461056763990,-9.195,1.4480000000000002e-06
